case_id,device,target,backend_target,npu2,flow,status,validation,timed_validation_failure,dtype,M,N,K,m,n,k,npu_columns,warmup,iterations,raw_count,filtered_count,outlier_count,q1_us,q3_us,iqr_us,lower_bound_us,upper_bound_us,raw_mean_us,raw_median_us,raw_min_us,raw_max_us,raw_std_us,raw_gflops,filtered_mean_us,filtered_median_us,filtered_min_us,filtered_max_us,filtered_std_us,filtered_gflops,elapsed_seconds,error,log_path
allo_int16_M256_N256_K256_m64_n64_k64_4col,xdna1,npu1,npu1_4col,0,allo,success,passed,False,int16,256,256,256,64,64,64,4,20,200,200,186,14,167.0,174.0,7.0,156.5,184.5,171.515,170.0,159.0,199.0,6.96704923192021,195.63555374165526,170.09139784946237,170.0,159.0,182.0,4.64401929908974,197.27295103834118,12.126074911095202,,logs/allo/int16/allo_int16_M256_N256_K256_m64_n64_k64_4col.log
allo_int16_M256_N256_K512_m64_n64_k64_4col,xdna1,npu1,npu1_4col,0,allo,success,passed,False,int16,256,256,512,64,64,64,4,20,200,200,183,17,189.0,196.0,7.0,178.5,206.5,193.57,191.5,180.0,222.0,7.687984131097046,346.6904169034458,191.81967213114754,191.0,180.0,206.0,5.1273664030669615,349.85391881035804,12.418423640076071,,logs/allo/int16/allo_int16_M256_N256_K512_m64_n64_k64_4col.log
allo_int16_M256_N256_K1024_m64_n64_k64_4col,xdna1,npu1,npu1_4col,0,allo,success,passed,False,int16,256,256,1024,64,64,64,4,20,200,200,184,16,239.0,247.0,8.0,227.0,259.0,245.955,242.0,228.0,358.0,17.227100017124183,545.7003435587811,242.2608695652174,242.0,228.0,258.0,5.99885779928398,554.0214903086862,13.654753014910966,,logs/allo/int16/allo_int16_M256_N256_K1024_m64_n64_k64_4col.log
allo_int16_M256_N256_K2048_m64_n64_k64_4col,xdna1,npu1,npu1_4col,0,allo,success,passed,False,int16,256,256,2048,64,64,64,4,20,200,200,180,20,323.0,335.0,12.0,305.0,353.0,333.155,326.0,312.0,406.0,20.5771955086207,805.7374375290781,326.97777777777776,325.0,312.0,350.0,7.5291696130269505,820.9593258121517,16.244819154962897,,logs/allo/int16/allo_int16_M256_N256_K2048_m64_n64_k64_4col.log
allo_int16_M256_N512_K256_m64_n64_k64_4col,xdna1,npu1,npu1_4col,0,allo,success,passed,False,int16,256,512,256,64,64,64,4,20,200,200,191,9,200.0,210.0,10.0,185.0,225.0,206.375,204.0,195.0,252.0,9.025207753841459,325.1792319806178,205.08376963350784,204.0,195.0,225.0,6.728333341883168,327.2265968190753,12.09051082516089,,logs/allo/int16/allo_int16_M256_N512_K256_m64_n64_k64_4col.log
allo_int16_M256_N512_K512_m64_n64_k64_4col,xdna1,npu1,npu1_4col,0,allo,success,passed,False,int16,256,512,512,64,64,64,4,20,200,200,187,13,242.0,250.0,8.0,230.0,262.0,248.175,245.5,231.0,396.0,14.565176792610517,540.8188898962426,245.59358288770053,245.0,231.0,262.0,6.081932698142418,546.5033997300004,12.878901161253452,,logs/allo/int16/allo_int16_M256_N512_K512_m64_n64_k64_4col.log
allo_int16_M256_N512_K1024_m64_n64_k64_4col,xdna1,npu1,npu1_4col,0,allo,success,passed,False,int16,256,512,1024,64,64,64,4,20,200,200,189,11,330.0,339.0,9.0,316.5,352.5,335.955,333.0,318.0,400.0,12.817292030690414,799.0220595020166,333.4920634920635,333.0,318.0,351.0,6.543803602131588,804.9230712993813,14.532314054202288,,logs/allo/int16/allo_int16_M256_N512_K1024_m64_n64_k64_4col.log
allo_int16_M256_N512_K2048_m64_n64_k64_4col,xdna1,npu1,npu1_4col,0,allo,success,passed,False,int16,256,512,2048,64,64,64,4,20,200,200,198,2,502.0,511.0,9.0,488.5,524.5,506.39,506.0,489.0,530.0,7.163651303630014,1060.1925630442938,506.17171717171715,506.0,489.0,523.0,6.857923831127283,1060.6497632855062,17.770590164233,,logs/allo/int16/allo_int16_M256_N512_K2048_m64_n64_k64_4col.log
allo_int16_M256_N1024_K256_m64_n64_k64_4col,xdna1,npu1,npu1_4col,0,allo,success,passed,False,int16,256,1024,256,64,64,64,4,20,200,200,189,11,269.0,278.0,9.0,255.5,291.5,275.185,272.0,258.0,407.0,14.342272309505214,487.73635190871596,272.66137566137564,271.0,258.0,291.0,6.2768273092796445,492.2506081928085,12.875509534031153,,logs/allo/int16/allo_int16_M256_N1024_K256_m64_n64_k64_4col.log
allo_int16_M256_N1024_K512_m64_n64_k64_4col,xdna1,npu1,npu1_4col,0,allo,success,passed,False,int16,256,1024,512,64,64,64,4,20,200,200,178,22,343.0,354.0,11.0,326.5,370.5,355.525,347.5,328.0,509.0,29.12111562079997,755.0396062161592,346.7696629213483,346.5,328.0,370.0,7.513865901468723,774.1030565897124,14.042354317381978,,logs/allo/int16/allo_int16_M256_N1024_K512_m64_n64_k64_4col.log
allo_int16_M256_N1024_K1024_m64_n64_k64_4col,xdna1,npu1,npu1_4col,0,allo,success,passed,False,int16,256,1024,1024,64,64,64,4,20,200,200,179,21,514.0,527.0,13.0,494.5,546.5,525.065,518.5,502.0,600.0,19.19741584172203,1022.4846676125813,519.1508379888268,518.0,502.0,545.0,8.033076653862143,1034.1328044077136,16.213978389743716,,logs/allo/int16/allo_int16_M256_N1024_K1024_m64_n64_k64_4col.log
allo_int16_M256_N1024_K2048_m64_n64_k64_4col,xdna1,npu1,npu1_4col,0,allo,success,passed,False,int16,256,1024,2048,64,64,64,4,20,200,200,195,5,854.0,867.0,13.0,834.5,886.5,862.6,861.0,839.0,924.0,11.53819743287486,1244.773735219105,861.4615384615385,861.0,839.0,884.0,9.000986139267738,1246.4187616751494,20.622601105831563,,logs/allo/int16/allo_int16_M256_N1024_K2048_m64_n64_k64_4col.log
allo_int16_M256_N2048_K256_m64_n64_k64_4col,xdna1,npu1,npu1_4col,0,allo,success,passed,False,int16,256,2048,256,64,64,64,4,20,200,200,187,13,357.0,366.0,9.0,343.5,379.5,364.985,361.0,348.0,503.0,17.57454906960631,735.4698302669973,361.5133689839572,361.0,348.0,378.0,5.834947533107579,742.5325839385827,14.882953571155667,,logs/allo/int16/allo_int16_M256_N2048_K256_m64_n64_k64_4col.log
allo_int16_M256_N2048_K512_m64_n64_k64_4col,xdna1,npu1,npu1_4col,0,allo,success,passed,False,int16,256,2048,512,64,64,64,4,20,200,200,189,11,514.0,524.0,10.0,499.0,539.0,525.825,517.0,506.0,1243.0,54.950835980902056,1021.0068216611991,518.6507936507936,517.0,506.0,539.0,6.5461133429859695,1035.1298379801071,16.916602476965636,,logs/allo/int16/allo_int16_M256_N2048_K512_m64_n64_k64_4col.log
allo_int16_M256_N2048_K1024_m64_n64_k64_4col,xdna1,npu1,npu1_4col,0,allo,success,passed,False,int16,256,2048,1024,64,64,64,4,20,200,200,175,25,863.0,869.0,6.0,854.0,878.0,871.185,865.0,849.0,1007.0,22.541978063160297,1232.5072447298794,865.1714285714286,865.0,855.0,876.0,3.9848693420825465,1241.0740675671213,21.22103751404211,,logs/allo/int16/allo_int16_M256_N2048_K1024_m64_n64_k64_4col.log
allo_int16_M256_N2048_K2048_m64_n64_k64_4col,xdna1,npu1,npu1_4col,0,allo,success,passed,False,int16,256,2048,2048,64,64,64,4,20,200,200,162,38,1544.0,1565.5,21.5,1511.75,1597.75,1568.42,1551.0,1527.0,2240.0,58.57545219629124,1369.2019025516124,1550.1604938271605,1547.5,1527.0,1596.0,10.380961669721813,1385.3298781328895,29.86246615368873,,logs/allo/int16/allo_int16_M256_N2048_K2048_m64_n64_k64_4col.log
allo_int16_M512_N256_K256_m64_n64_k64_4col,xdna1,npu1,npu1_4col,0,allo,success,passed,False,int16,512,256,256,64,64,64,4,20,200,200,185,15,206.0,215.25,9.25,192.125,229.125,215.265,209.0,196.0,357.0,21.311845884390213,311.75000116135925,210.10270270270271,209.0,196.0,229.0,6.470326717448914,319.4098083305462,12.075306673999876,,logs/allo/int16/allo_int16_M512_N256_K256_m64_n64_k64_4col.log
allo_int16_M512_N256_K512_m64_n64_k64_4col,xdna1,npu1,npu1_4col,0,allo,success,passed,False,int16,512,256,512,64,64,64,4,20,200,200,188,12,243.0,253.0,10.0,228.0,268.0,250.815,246.0,231.0,394.0,20.841323734350464,535.1263999362079,246.81914893617022,245.0,231.0,268.0,7.269819228572048,543.7897690616784,12.86711334111169,,logs/allo/int16/allo_int16_M512_N256_K512_m64_n64_k64_4col.log
allo_int16_M512_N256_K1024_m64_n64_k64_4col,xdna1,npu1,npu1_4col,0,allo,success,passed,False,int16,512,256,1024,64,64,64,4,20,200,200,185,15,328.0,338.0,10.0,313.0,353.0,337.34,332.0,320.0,439.0,20.04505924161862,795.7415545147329,332.23783783783784,331.0,320.0,348.0,6.283197298989405,807.961723285175,14.4545359602198,,logs/allo/int16/allo_int16_M512_N256_K1024_m64_n64_k64_4col.log
allo_int16_M512_N256_K2048_m64_n64_k64_4col,xdna1,npu1,npu1_4col,0,allo,success,passed,False,int16,512,256,2048,64,64,64,4,20,200,200,195,5,499.0,510.0,11.0,482.5,526.5,504.67,503.0,490.0,532.0,8.074719809380385,1063.805877107813,504.04615384615386,503.0,490.0,526.0,7.157776697996567,1065.1225247993164,17.617578877601773,,logs/allo/int16/allo_int16_M512_N256_K2048_m64_n64_k64_4col.log
allo_int16_M512_N512_K256_m64_n64_k64_4col,xdna1,npu1,npu1_4col,0,allo,success,passed,False,int16,512,512,256,64,64,64,4,20,200,200,188,12,268.0,277.0,9.0,254.5,290.5,274.625,272.0,260.0,398.0,13.501273088120247,488.7309167045972,272.23936170212767,272.0,260.0,290.0,6.49886599085132,493.0136742931947,12.896448519080877,,logs/allo/int16/allo_int16_M512_N512_K256_m64_n64_k64_4col.log
allo_int16_M512_N512_K512_m64_n64_k64_4col,xdna1,npu1,npu1_4col,0,allo,success,passed,False,int16,512,512,512,64,64,64,4,20,200,200,187,13,340.0,353.5,13.5,319.75,373.75,356.13,347.5,329.0,990.0,53.39768815220374,753.7569314576137,347.09090909090907,347.0,329.0,373.0,8.966203491774356,773.3865940282872,14.011937513947487,,logs/allo/int16/allo_int16_M512_N512_K512_m64_n64_k64_4col.log
allo_int16_M512_N512_K1024_m64_n64_k64_4col,xdna1,npu1,npu1_4col,0,allo,success,passed,False,int16,512,512,1024,64,64,64,4,20,200,200,186,14,517.0,525.25,8.25,504.625,537.625,524.295,522.0,503.0,626.0,16.564962269803093,1023.9863283075368,520.5483870967741,521.5,505.0,537.0,6.070404370921279,1031.3564028010164,16.05204224633053,,logs/allo/int16/allo_int16_M512_N512_K1024_m64_n64_k64_4col.log
allo_int16_M512_N512_K2048_m64_n64_k64_4col,xdna1,npu1,npu1_4col,0,allo,success,passed,False,int16,512,512,2048,64,64,64,4,20,200,200,189,11,855.0,867.0,12.0,837.0,885.0,866.65,861.0,845.0,1167.0,30.706147592949527,1238.9566999365372,860.9206349206349,860.0,845.0,884.0,7.884687968384072,1247.2018679154837,20.75567227555439,,logs/allo/int16/allo_int16_M512_N512_K2048_m64_n64_k64_4col.log
allo_int16_M512_N1024_K256_m64_n64_k64_4col,xdna1,npu1,npu1_4col,0,allo,success,passed,False,int16,512,1024,256,64,64,64,4,20,200,200,192,8,357.0,369.25,12.25,338.625,387.625,365.875,364.0,343.0,495.0,16.444737000025267,733.6807816877349,363.484375,363.0,343.0,385.0,8.038304497386768,738.5061765034604,14.553275929298252,,logs/allo/int16/allo_int16_M512_N1024_K256_m64_n64_k64_4col.log
allo_int16_M512_N1024_K512_m64_n64_k64_4col,xdna1,npu1,npu1_4col,0,allo,success,passed,False,int16,512,1024,512,64,64,64,4,20,200,200,184,16,516.0,526.0,10.0,501.0,541.0,524.875,522.0,504.0,659.0,18.47916055993886,1022.8547978090021,520.429347826087,521.0,504.0,541.0,6.8203187169483614,1031.5923078561807,16.28004921786487,,logs/allo/int16/allo_int16_M512_N1024_K512_m64_n64_k64_4col.log
allo_int16_M512_N1024_K1024_m64_n64_k64_4col,xdna1,npu1,npu1_4col,0,allo,success,passed,False,int16,512,1024,1024,64,64,64,4,20,200,200,172,28,860.0,866.0,6.0,851.0,875.0,866.875,862.0,846.0,1040.0,22.445475602000506,1238.6351250180246,861.8953488372093,862.0,851.0,875.0,4.372294032984372,1245.791412436086,19.835129675921053,,logs/allo/int16/allo_int16_M512_N1024_K1024_m64_n64_k64_4col.log
allo_int16_M512_N1024_K2048_m64_n64_k64_4col,xdna1,npu1,npu1_4col,0,allo,success,passed,False,int16,512,1024,2048,64,64,64,4,20,200,200,189,11,1536.0,1544.0,8.0,1524.0,1556.0,1540.705,1539.0,1521.0,1637.0,12.015738637303992,1393.8318159543844,1539.3386243386244,1539.0,1524.0,1556.0,7.247085910365066,1395.0690342241394,27.261366039980203,,logs/allo/int16/allo_int16_M512_N1024_K2048_m64_n64_k64_4col.log
allo_int16_M512_N2048_K256_m64_n64_k64_4col,xdna1,npu1,npu1_4col,0,allo,success,passed,False,int16,512,2048,256,64,64,64,4,20,200,200,181,19,552.0,560.0,8.0,540.0,572.0,561.04,555.0,537.0,978.0,35.15292875423042,956.9209182945957,555.0331491712707,555.0,540.0,572.0,5.99530253729197,967.2772028150229,19.20929214078933,,logs/allo/int16/allo_int16_M512_N2048_K256_m64_n64_k64_4col.log
allo_int16_M512_N2048_K512_m64_n64_k64_4col,xdna1,npu1,npu1_4col,0,allo,success,passed,False,int16,512,2048,512,64,64,64,4,20,200,200,187,13,860.0,868.25,8.25,847.625,880.625,867.905,865.0,849.0,1085.0,22.365285041778474,1237.165155172513,863.8716577540107,864.0,849.0,878.0,6.2816768538958945,1242.9413725548457,22.744759110268205,,logs/allo/int16/allo_int16_M512_N2048_K512_m64_n64_k64_4col.log
allo_int16_M512_N2048_K1024_m64_n64_k64_4col,xdna1,npu1,npu1_4col,0,allo,success,passed,False,int16,512,2048,1024,64,64,64,4,20,200,200,177,23,1543.0,1557.0,14.0,1522.0,1578.0,1555.355,1547.0,1527.0,1660.0,24.257348886471497,1380.703214378711,1547.4802259887006,1546.0,1527.0,1578.0,8.629924547123347,1387.729298206671,30.417737232055515,,logs/allo/int16/allo_int16_M512_N2048_K1024_m64_n64_k64_4col.log
allo_int16_M512_N2048_K2048_m64_n64_k64_4col,xdna1,npu1,npu1_4col,0,allo,success,passed,False,int16,512,2048,2048,64,64,64,4,20,200,200,197,3,2902.0,2966.25,64.25,2805.625,3062.625,2940.255,2945.0,2878.0,3186.0,44.23381031518763,1460.7465325286412,2937.096446700508,2937.0,2878.0,3040.0,36.07361111458269,1462.3174192406602,46.89829179644585,,logs/allo/int16/allo_int16_M512_N2048_K2048_m64_n64_k64_4col.log
allo_int16_M1024_N256_K256_m64_n64_k64_4col,xdna1,npu1,npu1_4col,0,allo,success,passed,False,int16,1024,256,256,64,64,64,4,20,200,200,191,9,267.0,277.0,10.0,252.0,292.0,274.705,272.0,258.0,402.0,15.887037955515812,488.5885877577765,271.9476439790576,271.0,258.0,289.0,6.553635512310927,493.5425291286434,12.828489759936929,,logs/allo/int16/allo_int16_M1024_N256_K256_m64_n64_k64_4col.log
allo_int16_M1024_N256_K512_m64_n64_k64_4col,xdna1,npu1,npu1_4col,0,allo,success,passed,False,int16,1024,256,512,64,64,64,4,20,200,200,183,17,340.0,354.0,14.0,319.0,375.0,352.77,345.0,334.0,493.0,24.48667188492548,760.9361793803328,346.6174863387978,344.0,334.0,374.0,8.629984595505709,774.4429135280857,13.97743870364502,,logs/allo/int16/allo_int16_M1024_N256_K512_m64_n64_k64_4col.log
allo_int16_M1024_N256_K1024_m64_n64_k64_4col,xdna1,npu1,npu1_4col,0,allo,success,passed,False,int16,1024,256,1024,64,64,64,4,20,200,200,175,25,518.0,527.25,9.25,504.125,541.125,527.98,522.0,502.0,640.0,21.58215929882828,1016.8394863441797,521.0857142857143,521.0,506.0,539.0,6.411469314869268,1030.2929005373396,16.00787923298776,,logs/allo/int16/allo_int16_M1024_N256_K1024_m64_n64_k64_4col.log
allo_int16_M1024_N256_K2048_m64_n64_k64_4col,xdna1,npu1,npu1_4col,0,allo,success,passed,False,int16,1024,256,2048,64,64,64,4,20,200,200,197,3,865.0,901.0,36.0,811.0,955.0,885.455,870.0,845.0,1041.0,30.67895003092511,1212.6441479239486,883.8832487309645,870.0,845.0,955.0,27.746341481137275,1214.800513010768,20.665599410887808,,logs/allo/int16/allo_int16_M1024_N256_K2048_m64_n64_k64_4col.log
allo_int16_M1024_N512_K256_m64_n64_k64_4col,xdna1,npu1,npu1_4col,0,allo,success,passed,False,int16,1024,512,256,64,64,64,4,20,200,200,197,3,356.0,368.0,12.0,338.0,386.0,363.145,361.0,344.0,489.0,13.509403206655726,739.1963430585579,361.9086294416244,361.0,344.0,383.0,7.83081098352149,741.7216229802513,14.525765518192202,,logs/allo/int16/allo_int16_M1024_N512_K256_m64_n64_k64_4col.log
allo_int16_M1024_N512_K512_m64_n64_k64_4col,xdna1,npu1,npu1_4col,0,allo,success,passed,False,int16,1024,512,512,64,64,64,4,20,200,200,170,30,536.0,543.0,7.0,525.5,553.5,540.065,539.0,507.0,653.0,14.384393452627748,994.0857341245961,539.535294117647,539.0,526.0,553.0,4.836313761104396,995.0617093141158,16.131953772623092,,logs/allo/int16/allo_int16_M1024_N512_K512_m64_n64_k64_4col.log
allo_int16_M1024_N512_K1024_m64_n64_k64_4col,xdna1,npu1,npu1_4col,0,allo,success,passed,False,int16,1024,512,1024,64,64,64,4,20,200,200,172,28,856.75,883.5,26.75,816.625,923.625,877.94,863.5,844.0,1060.0,35.21045867352483,1223.0241519921635,866.6337209302326,863.0,844.0,923.0,18.411624932805527,1238.979972816498,19.711363929789513,,logs/allo/int16/allo_int16_M1024_N512_K1024_m64_n64_k64_4col.log
allo_int16_M1024_N512_K2048_m64_n64_k64_4col,xdna1,npu1,npu1_4col,0,allo,success,passed,False,int16,1024,512,2048,64,64,64,4,20,200,200,183,17,1533.0,1545.25,12.25,1514.625,1563.625,1547.145,1538.0,1521.0,2060.0,51.91063450777692,1388.0299829686294,1537.9945355191257,1537.0,1521.0,1561.0,8.768109919487426,1396.288217158815,27.02690241485834,,logs/allo/int16/allo_int16_M1024_N512_K2048_m64_n64_k64_4col.log
allo_int16_M1024_N1024_K256_m64_n64_k64_4col,xdna1,npu1,npu1_4col,0,allo,success,passed,False,int16,1024,1024,256,64,64,64,4,20,200,200,178,22,549.0,555.0,6.0,540.0,564.0,553.63,552.0,535.0,625.0,11.968420948479377,969.7287213481928,552.5842696629213,552.0,540.0,564.0,4.665939188582677,971.5638708418056,18.39297854481265,,logs/allo/int16/allo_int16_M1024_N1024_K256_m64_n64_k64_4col.log
allo_int16_M1024_N1024_K512_m64_n64_k64_4col,xdna1,npu1,npu1_4col,0,allo,success,passed,False,int16,1024,1024,512,64,64,64,4,20,200,200,172,28,864.0,873.0,9.0,850.5,886.5,879.88,867.0,849.0,1436.0,49.46256766485137,1220.3275719416283,867.0406976744187,866.0,852.0,886.0,5.88391338503149,1238.3984129926037,21.66475555486977,,logs/allo/int16/allo_int16_M1024_N1024_K512_m64_n64_k64_4col.log
allo_int16_M1024_N1024_K1024_m64_n64_k64_4col,xdna1,npu1,npu1_4col,0,allo,success,passed,False,int16,1024,1024,1024,64,64,64,4,20,200,200,196,4,1540.0,1609.0,69.0,1436.5,1712.5,1575.345,1546.0,1525.0,1986.0,55.49410757008351,1363.1830792620028,1569.892857142857,1545.5,1525.0,1690.0,37.72813260414459,1367.9173315740384,27.83553247200325,,logs/allo/int16/allo_int16_M1024_N1024_K1024_m64_n64_k64_4col.log
allo_int16_M1024_N1024_K2048_m64_n64_k64_4col,xdna1,npu1,npu1_4col,0,allo,success,passed,False,int16,1024,1024,2048,64,64,64,4,20,200,200,197,3,2906.0,2965.0,59.0,2817.5,3053.5,2940.91,2946.0,2872.0,3176.0,41.959646090023206,1460.421194800249,2938.015228426396,2945.0,2872.0,3017.0,34.79358671830875,1461.8601205482482,41.53463938878849,,logs/allo/int16/allo_int16_M1024_N1024_K2048_m64_n64_k64_4col.log
allo_int16_M1024_N2048_K256_m64_n64_k64_4col,xdna1,npu1,npu1_4col,0,allo,success,passed,False,int16,1024,2048,256,64,64,64,4,20,200,200,187,13,936.0,946.25,10.25,920.625,961.625,947.495,941.0,922.0,1442.0,43.11809335998056,1133.2427337347426,940.5133689839572,941.0,922.0,959.0,7.310792175464626,1141.6550358661784,29.81861680932343,,logs/allo/int16/allo_int16_M1024_N2048_K256_m64_n64_k64_4col.log
allo_int16_M1024_N2048_K512_m64_n64_k64_4col,xdna1,npu1,npu1_4col,0,allo,success,passed,False,int16,1024,2048,512,64,64,64,4,20,200,200,169,31,1546.75,1552.0,5.25,1538.875,1559.875,1556.005,1548.0,1532.0,1941.0,42.41868662511842,1380.126444323765,1548.6094674556214,1548.0,1539.0,1559.0,3.7291628992864116,1386.7173700857802,36.87455525994301,,logs/allo/int16/allo_int16_M1024_N2048_K512_m64_n64_k64_4col.log
allo_int16_M1024_N2048_K1024_m64_n64_k64_4col,xdna1,npu1,npu1_4col,0,allo,success,passed,False,int16,1024,2048,1024,64,64,64,4,20,200,200,198,2,2908.0,2972.25,64.25,2811.625,3068.625,2945.125,2941.5,2893.0,3174.0,42.4294635247725,1458.331071176945,2943.0050505050503,2941.0,2893.0,3061.0,36.95103195272341,1459.3815580652636,51.74527318123728,,logs/allo/int16/allo_int16_M1024_N2048_K1024_m64_n64_k64_4col.log
allo_int16_M1024_N2048_K2048_m64_n64_k64_4col,xdna1,npu1,npu1_4col,0,allo,success,passed,False,int16,1024,2048,2048,64,64,64,4,20,200,200,197,3,5635.75,5736.25,100.5,5485.0,5887.0,5696.955,5692.5,5584.0,6303.0,86.72942392867601,1507.8115575776885,5690.045685279188,5692.0,5584.0,5839.0,65.24699611237098,1509.6424645979844,86.59328685421497,,logs/allo/int16/allo_int16_M1024_N2048_K2048_m64_n64_k64_4col.log
allo_int16_M2048_N256_K256_m64_n64_k64_4col,xdna1,npu1,npu1_4col,0,allo,success,passed,False,int16,2048,256,256,64,64,64,4,20,200,200,184,16,360.0,371.0,11.0,343.5,387.5,375.565,364.0,350.0,1173.0,62.520442856716876,714.7509911732989,364.8369565217391,364.0,350.0,385.0,6.699735838259406,735.7682690898257,14.416618644725531,,logs/allo/int16/allo_int16_M2048_N256_K256_m64_n64_k64_4col.log
allo_int16_M2048_N256_K512_m64_n64_k64_4col,xdna1,npu1,npu1_4col,0,allo,success,passed,False,int16,2048,256,512,64,64,64,4,20,200,200,193,7,516.0,523.0,7.0,505.5,533.5,520.69,521.0,506.0,582.0,8.75807627278959,1031.0759031285409,519.5544041450777,520.0,506.0,533.0,5.36718042189997,1033.3295372279954,16.07254579477012,,logs/allo/int16/allo_int16_M2048_N256_K512_m64_n64_k64_4col.log
allo_int16_M2048_N256_K1024_m64_n64_k64_4col,xdna1,npu1,npu1_4col,0,allo,success,passed,False,int16,2048,256,1024,64,64,64,4,20,200,200,175,25,864.0,870.0,6.0,855.0,879.0,869.89,867.0,850.0,935.0,14.34565787965125,1234.3420708365425,866.6571428571428,867.0,855.0,879.0,4.434558165415014,1238.9464886427324,19.467348316684365,,logs/allo/int16/allo_int16_M2048_N256_K1024_m64_n64_k64_4col.log
allo_int16_M2048_N256_K2048_m64_n64_k64_4col,xdna1,npu1,npu1_4col,0,allo,success,passed,False,int16,2048,256,2048,64,64,64,4,20,200,200,187,13,1535.0,1543.0,8.0,1523.0,1555.0,1544.98,1539.0,1521.0,2024.0,44.43511674340465,1389.9750469261737,1538.3529411764705,1539.0,1523.0,1555.0,6.176852547395131,1395.9629097583359,26.839283012785017,,logs/allo/int16/allo_int16_M2048_N256_K2048_m64_n64_k64_4col.log
allo_int16_M2048_N512_K256_m64_n64_k64_4col,xdna1,npu1,npu1_4col,0,allo,success,passed,False,int16,2048,512,256,64,64,64,4,20,200,200,193,7,544.0,553.0,9.0,530.5,566.5,553.62,549.0,530.0,1256.0,52.37676584135374,969.7462374914201,548.419689119171,548.0,532.0,565.0,6.481142506804534,978.9417168123199,18.200938710011542,,logs/allo/int16/allo_int16_M2048_N512_K256_m64_n64_k64_4col.log
allo_int16_M2048_N512_K512_m64_n64_k64_4col,xdna1,npu1,npu1_4col,0,allo,success,passed,False,int16,2048,512,512,64,64,64,4,20,200,200,167,33,877.0,882.0,5.0,869.5,889.5,878.7,879.0,846.0,943.0,10.707940978544848,1221.9663411858428,880.0898203592815,879.0,871.0,889.0,3.591117363694066,1220.0366362170437,21.236504076980054,,logs/allo/int16/allo_int16_M2048_N512_K512_m64_n64_k64_4col.log
allo_int16_M2048_N512_K1024_m64_n64_k64_4col,xdna1,npu1,npu1_4col,0,allo,success,passed,False,int16,2048,512,1024,64,64,64,4,20,200,200,160,40,1539.0,1558.75,19.75,1509.375,1588.375,1557.86,1543.0,1523.0,1760.0,33.65323758570637,1378.4830780686327,1543.33125,1541.0,1523.0,1587.0,10.546754165974477,1391.4599655777074,27.578673651907593,,logs/allo/int16/allo_int16_M2048_N512_K1024_m64_n64_k64_4col.log
allo_int16_M2048_N512_K2048_m64_n64_k64_4col,xdna1,npu1,npu1_4col,0,allo,success,passed,False,int16,2048,512,2048,64,64,64,4,20,200,200,180,20,2892.0,2908.0,16.0,2868.0,2932.0,2909.06,2898.0,2876.0,3151.0,37.26481450376481,1476.410694863633,2898.1555555555556,2896.0,2876.0,2924.0,8.760912067068906,1481.9657584517356,40.614667538087815,,logs/allo/int16/allo_int16_M2048_N512_K2048_m64_n64_k64_4col.log
allo_int16_M2048_N1024_K256_m64_n64_k64_4col,xdna1,npu1,npu1_4col,0,allo,success,passed,False,int16,2048,1024,256,64,64,64,4,20,200,200,178,22,927.0,936.0,9.0,913.5,949.5,935.9,932.0,911.0,1004.0,17.17090562550502,1147.2826413078321,930.9550561797753,931.0,917.0,949.0,6.41523837622657,1153.3766500030174,28.169435669202358,,logs/allo/int16/allo_int16_M2048_N1024_K256_m64_n64_k64_4col.log
allo_int16_M2048_N1024_K512_m64_n64_k64_4col,xdna1,npu1,npu1_4col,0,allo,success,passed,False,int16,2048,1024,512,64,64,64,4,20,200,200,164,36,1546.0,1556.0,10.0,1531.0,1571.0,1559.65,1549.0,1529.0,1790.0,31.462954406730464,1376.9010021479178,1548.3597560975609,1548.0,1531.0,1567.0,6.818989978783918,1386.9410126057867,33.9264347050339,,logs/allo/int16/allo_int16_M2048_N1024_K512_m64_n64_k64_4col.log
allo_int16_M2048_N1024_K1024_m64_n64_k64_4col,xdna1,npu1,npu1_4col,0,allo,success,passed,False,int16,2048,1024,1024,64,64,64,4,20,200,200,170,30,2900.75,2914.25,13.5,2880.5,2934.5,2919.535,2905.0,2878.0,3651.0,61.21779786140628,1471.1134807426524,2905.4882352941177,2903.0,2886.0,2933.0,8.186961107757309,1478.2256709310777,47.51639961823821,,logs/allo/int16/allo_int16_M2048_N1024_K1024_m64_n64_k64_4col.log
allo_int16_M2048_N1024_K2048_m64_n64_k64_4col,xdna1,npu1,npu1_4col,0,allo,success,passed,False,int16,2048,1024,2048,64,64,64,4,20,200,200,196,4,5716.0,5789.0,73.0,5606.5,5898.5,5757.695,5747.5,5649.0,6329.0,76.56580160228194,1491.9051099441704,5749.336734693878,5745.0,5649.0,5842.0,43.74973909602695,1494.0740103401458,76.81776227802038,,logs/allo/int16/allo_int16_M2048_N1024_K2048_m64_n64_k64_4col.log
allo_int16_M2048_N2048_K256_m64_n64_k64_4col,xdna1,npu1,npu1_4col,0,allo,success,passed,False,int16,2048,2048,256,64,64,64,4,20,200,200,166,34,1713.0,1727.25,14.25,1691.625,1748.625,1733.2,1718.0,1692.0,2111.0,50.846042127190195,1239.028183706439,1716.4036144578313,1716.0,1692.0,1746.0,8.96779977022386,1251.1530679095756,60.804452813230455,,logs/allo/int16/allo_int16_M2048_N2048_K256_m64_n64_k64_4col.log
allo_int16_M2048_N2048_K512_m64_n64_k64_4col,xdna1,npu1,npu1_4col,0,allo,success,passed,False,int16,2048,2048,512,64,64,64,4,20,200,200,193,7,2922.75,2984.0,61.25,2830.875,3075.875,2965.055,2967.5,2893.0,3522.0,68.13928364020273,1448.5287105972739,2954.854922279793,2964.0,2893.0,3052.0,32.88320813615311,1453.528991767303,75.22815960925072,,logs/allo/int16/allo_int16_M2048_N2048_K512_m64_n64_k64_4col.log
allo_int16_M2048_N2048_K1024_m64_n64_k64_4col,xdna1,npu1,npu1_4col,0,allo,success,passed,False,int16,2048,2048,1024,64,64,64,4,20,200,200,198,2,5668.75,5754.25,85.5,5540.5,5882.5,5719.22,5725.5,5593.0,6153.0,68.73210021525604,1501.941627005081,5715.787878787879,5724.5,5593.0,5859.0,59.1998451962337,1502.8434879255226,108.27724044909701,,logs/allo/int16/allo_int16_M2048_N2048_K1024_m64_n64_k64_4col.log
allo_int16_M2048_N2048_K2048_m64_n64_k64_4col,xdna1,npu1,npu1_4col,0,allo,success,passed,False,int16,2048,2048,2048,64,64,64,4,20,200,200,197,3,11205.75,11478.0,272.25,10797.375,11886.375,11349.255,11310.0,11019.0,11985.0,177.37302493614976,1513.744222330012,11340.213197969542,11304.0,11019.0,11860.0,162.7092490434725,1514.951163976004,195.40998327825218,,logs/allo/int16/allo_int16_M2048_N2048_K2048_m64_n64_k64_4col.log
allo_int8_M256_N256_K256_m64_n128_k64_2col,xdna1,npu1,npu1_2col,0,allo,success,passed,False,int8,256,256,256,64,128,64,2,20,200,200,180,20,159.0,165.0,6.0,150.0,174.0,162.525,161.0,143.0,295.0,12.851434744805733,206.4570496846639,162.05,161.0,150.0,174.0,5.11454896458242,207.0622153656279,10.87654578499496,,logs/allo/int8/allo_int8_M256_N256_K256_m64_n128_k64_2col.log
allo_int8_M256_N256_K512_m64_n128_k64_2col,xdna1,npu1,npu1_2col,0,allo,success,passed,False,int8,256,256,512,64,128,64,2,20,200,200,175,25,172.0,180.0,8.0,160.0,192.0,176.375,176.5,148.0,291.0,14.614868285414001,380.48966123316796,176.38857142857142,177.0,163.0,192.0,6.163290931153649,380.46038616042506,11.12574275676161,,logs/allo/int8/allo_int8_M256_N256_K512_m64_n128_k64_2col.log
allo_int8_M256_N256_K1024_m64_n128_k64_2col,xdna1,npu1,npu1_2col,0,allo,success,passed,False,int8,256,256,1024,64,128,64,2,20,200,200,199,1,185.0,204.0,19.0,156.5,232.5,195.53,198.0,169.0,237.0,11.874304190140995,686.4303585127602,195.321608040201,198.0,169.0,230.0,11.533524890907445,687.1627227867966,11.437608724925667,,logs/allo/int8/allo_int8_M256_N256_K1024_m64_n128_k64_2col.log
allo_int8_M256_N256_K2048_m64_n128_k64_2col,xdna1,npu1,npu1_2col,0,allo,success,passed,False,int8,256,256,2048,64,128,64,2,20,200,200,179,21,245.0,254.0,9.0,231.5,267.5,248.055,251.0,220.0,271.0,9.118222140307836,1082.161036866824,250.20111731843576,251.0,232.0,264.0,6.1828559945066015,1072.878726030456,12.148587570991367,,logs/allo/int8/allo_int8_M256_N256_K2048_m64_n128_k64_2col.log
allo_int8_M256_N512_K256_m64_n128_k64_4col,xdna1,npu1,npu1_4col,0,allo,success,passed,False,int8,256,512,256,64,128,64,4,20,200,200,193,7,163.0,171.0,8.0,151.0,183.0,167.245,166.0,158.0,188.0,5.845936622988655,401.260808992795,166.57512953367876,165.0,158.0,181.0,4.745961261881854,402.8744518336496,11.784003084991127,,logs/allo/int8/allo_int8_M256_N512_K256_m64_n128_k64_4col.log
allo_int8_M256_N512_K512_m64_n128_k64_4col,xdna1,npu1,npu1_4col,0,allo,success,passed,False,int8,256,512,512,64,128,64,4,20,200,200,184,16,168.0,176.25,8.25,155.625,188.625,173.65,171.0,163.0,202.0,8.073258326103533,772.9209789807084,171.8423913043478,171.0,163.0,188.0,5.378312602998878,781.0513283785067,12.454580191988498,,logs/allo/int8/allo_int8_M256_N512_K512_m64_n128_k64_4col.log
allo_int8_M256_N512_K1024_m64_n128_k64_4col,xdna1,npu1,npu1_4col,0,allo,success,passed,False,int8,256,512,1024,64,128,64,4,20,200,200,185,15,193.0,200.0,7.0,182.5,210.5,200.0,195.0,186.0,313.0,18.684485542824024,1342.17728,195.64324324324323,194.0,186.0,210.0,4.7365479812486395,1372.0660706194399,13.735661659855396,,logs/allo/int8/allo_int8_M256_N512_K1024_m64_n128_k64_4col.log
allo_int8_M256_N512_K2048_m64_n128_k64_4col,xdna1,npu1,npu1_4col,0,allo,success,passed,False,int8,256,512,2048,64,128,64,4,20,200,200,182,18,246.0,253.0,7.0,235.5,263.5,252.685,250.0,236.0,385.0,16.056331305749765,2124.6647486000356,249.05494505494505,249.0,236.0,263.0,5.224335779564746,2155.632412283798,16.36440378194675,,logs/allo/int8/allo_int8_M256_N512_K2048_m64_n128_k64_4col.log
allo_int8_M256_N1024_K256_m64_n128_k64_4col,xdna1,npu1,npu1_4col,0,allo,success,passed,False,int8,256,1024,256,64,128,64,4,20,200,200,181,19,185.0,192.0,7.0,174.5,202.5,190.01,188.0,177.0,246.0,8.77609822187514,706.3719172675122,187.80662983425415,187.0,177.0,202.0,4.712878819100891,714.6591582972965,12.173003127798438,,logs/allo/int8/allo_int8_M256_N1024_K256_m64_n128_k64_4col.log
allo_int8_M256_N1024_K512_m64_n128_k64_4col,xdna1,npu1,npu1_4col,0,allo,success,passed,False,int8,256,1024,512,64,128,64,4,20,200,200,197,3,202.0,210.0,8.0,190.0,222.0,206.48,205.0,194.0,231.0,6.743856463478445,1300.0554823711739,206.14720812182742,205.0,194.0,222.0,6.210655230996942,1302.1542151633794,13.028162507340312,,logs/allo/int8/allo_int8_M256_N1024_K512_m64_n128_k64_4col.log
allo_int8_M256_N1024_K1024_m64_n128_k64_4col,xdna1,npu1,npu1_4col,0,allo,success,passed,False,int8,256,1024,1024,64,128,64,4,20,200,200,185,15,253.0,262.0,9.0,239.5,275.5,260.78,257.5,241.0,396.0,17.920424102124368,2058.7119871155764,257.0918918918919,256.0,241.0,275.0,6.5823013464395315,2088.2452108826374,14.692279565148056,,logs/allo/int8/allo_int8_M256_N1024_K1024_m64_n128_k64_4col.log
allo_int8_M256_N1024_K2048_m64_n128_k64_4col,xdna1,npu1,npu1_4col,0,allo,success,passed,False,int8,256,1024,2048,64,128,64,4,20,200,200,188,12,354.0,365.0,11.0,337.5,381.5,363.33,360.0,342.0,496.0,21.334739276588312,2955.2798392645805,359.0744680851064,359.0,342.0,381.0,7.435881040248433,2990.3040161170857,17.981562031898648,,logs/allo/int8/allo_int8_M256_N1024_K2048_m64_n128_k64_4col.log
allo_int8_M256_N2048_K256_m64_n128_k64_4col,xdna1,npu1,npu1_4col,0,allo,success,passed,False,int8,256,2048,256,64,128,64,4,20,200,200,194,6,229.0,237.0,8.0,217.0,249.0,233.46,232.0,220.0,255.0,6.541284277571187,1149.8134841086267,232.8762886597938,232.0,220.0,249.0,5.71533969904138,1152.6955257868876,12.997788197826594,,logs/allo/int8/allo_int8_M256_N2048_K256_m64_n128_k64_4col.log
allo_int8_M256_N2048_K512_m64_n128_k64_4col,xdna1,npu1,npu1_4col,0,allo,success,passed,False,int8,256,2048,512,64,128,64,4,20,200,200,187,13,261.0,269.25,8.25,248.625,281.625,268.335,265.0,253.0,407.0,17.295744418786953,2000.7487357221385,264.9572192513369,265.0,253.0,280.0,5.478034774872245,2026.2550819222154,14.121261357795447,,logs/allo/int8/allo_int8_M256_N2048_K512_m64_n128_k64_4col.log
allo_int8_M256_N2048_K1024_m64_n128_k64_4col,xdna1,npu1,npu1_4col,0,allo,success,passed,False,int8,256,2048,1024,64,128,64,4,20,200,200,187,13,367.0,379.0,12.0,349.0,397.0,376.525,372.0,354.0,500.0,21.446430355655927,2851.7145581302702,371.9465240641711,371.0,354.0,395.0,8.082947403021324,2886.817740000575,16.473050631117076,,logs/allo/int8/allo_int8_M256_N2048_K1024_m64_n128_k64_4col.log
allo_int8_M256_N2048_K2048_m64_n128_k64_4col,xdna1,npu1,npu1_4col,0,allo,success,passed,False,int8,256,2048,2048,64,128,64,4,20,200,200,197,3,582.0,592.0,10.0,567.0,607.0,588.29,589.0,570.0,713.0,13.737754547232237,3650.382716007411,587.005076142132,588.0,570.0,607.0,7.35502691587792,3658.3732156347282,21.304691379889846,,logs/allo/int8/allo_int8_M256_N2048_K2048_m64_n128_k64_4col.log
allo_int8_M512_N256_K256_m64_n128_k64_2col,xdna1,npu1,npu1_2col,0,allo,success,passed,False,int8,512,256,256,64,128,64,2,20,200,200,195,5,163.0,175.0,12.0,145.0,193.0,168.775,169.0,147.0,216.0,11.264296471595552,397.6232498889053,167.90769230769232,169.0,147.0,191.0,9.8881795429976,399.6771266263515,11.027803679928184,,logs/allo/int8/allo_int8_M512_N256_K256_m64_n128_k64_2col.log
allo_int8_M512_N256_K512_m64_n128_k64_2col,xdna1,npu1,npu1_2col,0,allo,success,passed,False,int8,512,256,512,64,128,64,2,20,200,200,200,0,188.0,209.0,21.0,156.5,240.5,199.835,204.0,176.0,218.0,11.043902163637634,671.6427452648435,199.835,204.0,176.0,218.0,11.043902163637634,671.6427452648435,11.249580152798444,,logs/allo/int8/allo_int8_M512_N256_K512_m64_n128_k64_2col.log
allo_int8_M512_N256_K1024_m64_n128_k64_2col,xdna1,npu1,npu1_2col,0,allo,success,passed,False,int8,512,256,1024,64,128,64,2,20,200,200,183,17,249.0,257.0,8.0,237.0,269.0,252.77,254.0,229.0,312.0,9.252950880665043,1061.9751394548405,253.75409836065575,255.0,237.0,268.0,6.009980054261433,1057.856632599005,11.652132641989738,,logs/allo/int8/allo_int8_M512_N256_K1024_m64_n128_k64_2col.log
allo_int8_M512_N256_K2048_m64_n128_k64_2col,xdna1,npu1,npu1_2col,0,allo,success,passed,False,int8,512,256,2048,64,128,64,2,20,200,200,187,13,346.0,354.0,8.0,334.0,366.0,349.73,351.0,323.0,381.0,8.368817120716642,1535.1011122866212,350.5935828877005,351.0,334.0,365.0,5.915226567489525,1531.319847836366,12.5805345592089,,logs/allo/int8/allo_int8_M512_N256_K2048_m64_n128_k64_2col.log
allo_int8_M512_N512_K256_m64_n128_k64_4col,xdna1,npu1,npu1_4col,0,allo,success,passed,False,int8,512,512,256,64,128,64,4,20,200,200,183,17,184.0,191.0,7.0,173.5,201.5,191.11,187.0,177.0,298.0,16.656767393465035,702.3061482915598,187.14207650273224,186.0,177.0,201.0,5.128036091729636,717.1969580985196,12.19975692173466,,logs/allo/int8/allo_int8_M512_N512_K256_m64_n128_k64_4col.log
allo_int8_M512_N512_K512_m64_n128_k64_4col,xdna1,npu1,npu1_4col,0,allo,success,passed,False,int8,512,512,512,64,128,64,4,20,200,200,186,14,201.0,207.0,6.0,192.0,216.0,205.2,203.0,196.0,242.0,7.197916365171243,1308.1649902534114,203.70967741935485,203.0,196.0,216.0,4.360331064577084,1317.7354134600157,12.95702087180689,,logs/allo/int8/allo_int8_M512_N512_K512_m64_n128_k64_4col.log
allo_int8_M512_N512_K1024_m64_n128_k64_4col,xdna1,npu1,npu1_4col,0,allo,success,passed,False,int8,512,512,1024,64,128,64,4,20,200,200,185,15,250.0,257.0,7.0,239.5,267.5,255.67,253.0,241.0,403.0,14.631852240916048,2099.858849297923,252.97297297297297,253.0,241.0,267.0,5.100537790863459,2122.2461264957265,14.537531262263656,,logs/allo/int8/allo_int8_M512_N512_K1024_m64_n128_k64_4col.log
allo_int8_M512_N512_K2048_m64_n128_k64_4col,xdna1,npu1,npu1_4col,0,allo,success,passed,False,int8,512,512,2048,64,128,64,4,20,200,200,197,3,347.0,359.0,12.0,329.0,377.0,353.24,352.0,332.0,392.0,9.724320027642035,3039.694892990601,352.7309644670051,352.0,332.0,375.0,8.86009164415921,3044.0815583697904,17.783064529299736,,logs/allo/int8/allo_int8_M512_N512_K2048_m64_n128_k64_4col.log
allo_int8_M512_N1024_K256_m64_n128_k64_4col,xdna1,npu1,npu1_4col,0,allo,success,passed,False,int8,512,1024,256,64,128,64,4,20,200,200,190,10,230.0,239.0,9.0,216.5,252.5,235.75,233.0,221.0,307.0,10.875545963306854,1138.644564156946,233.96842105263158,232.0,221.0,252.0,6.490402033738494,1147.3149016961354,12.951212672051042,,logs/allo/int8/allo_int8_M512_N1024_K256_m64_n128_k64_4col.log
allo_int8_M512_N1024_K512_m64_n128_k64_4col,xdna1,npu1,npu1_4col,0,allo,success,passed,False,int8,512,1024,512,64,128,64,4,20,200,200,178,22,267.0,274.0,7.0,256.5,284.5,275.83,270.0,255.0,400.0,21.849739128877488,1946.3833230613059,270.0,269.0,260.0,284.0,4.976348555298375,1988.4107851851852,14.163602143991739,,logs/allo/int8/allo_int8_M512_N1024_K512_m64_n128_k64_4col.log
allo_int8_M512_N1024_K1024_m64_n128_k64_4col,xdna1,npu1,npu1_4col,0,allo,success,passed,False,int8,512,1024,1024,64,128,64,4,20,200,200,198,2,360.0,374.0,14.0,339.0,395.0,367.465,367.0,348.0,435.0,10.813823329424242,2922.0247479351774,366.9191919191919,367.0,348.0,388.0,9.29991502912933,2926.3713854370267,16.27955390000716,,logs/allo/int8/allo_int8_M512_N1024_K1024_m64_n128_k64_4col.log
allo_int8_M512_N1024_K2048_m64_n128_k64_4col,xdna1,npu1,npu1_4col,0,allo,success,passed,False,int8,512,1024,2048,64,128,64,4,20,200,200,178,22,564.0,575.0,11.0,547.5,591.5,574.84,567.0,557.0,700.0,23.006616439624494,3735.7936956370468,567.7247191011236,566.0,557.0,590.0,6.259155647168222,3782.6143124437185,21.191275802906603,,logs/allo/int8/allo_int8_M512_N1024_K2048_m64_n128_k64_4col.log
allo_int8_M512_N2048_K256_m64_n128_k64_4col,xdna1,npu1,npu1_4col,0,allo,success,passed,False,int8,512,2048,256,64,128,64,4,20,200,200,186,14,348.0,359.0,11.0,331.5,375.5,358.705,353.0,337.0,502.0,23.775995773048077,1496.692022692742,353.60752688172045,352.5,337.0,375.0,7.251380833414617,1518.2677719967764,14.695537745021284,,logs/allo/int8/allo_int8_M512_N2048_K256_m64_n128_k64_4col.log
allo_int8_M512_N2048_K512_m64_n128_k64_4col,xdna1,npu1,npu1_4col,0,allo,success,passed,False,int8,512,2048,512,64,128,64,4,20,200,200,193,7,363.0,372.0,9.0,349.5,385.5,370.47,369.0,355.0,568.0,19.896459484038864,2898.3232758387994,367.8341968911917,369.0,355.0,385.0,6.500974140044245,2919.0918981293667,16.520115047693253,,logs/allo/int8/allo_int8_M512_N2048_K512_m64_n128_k64_4col.log
allo_int8_M512_N2048_K1024_m64_n128_k64_4col,xdna1,npu1,npu1_4col,0,allo,success,passed,False,int8,512,2048,1024,64,128,64,4,20,200,200,170,30,571.0,578.25,7.25,560.125,589.125,579.98,574.0,554.0,1138.0,42.69905853763055,3702.68569261009,574.3705882352941,574.0,561.0,589.0,5.3980677050308365,3738.8468211750974,20.329910893924534,,logs/allo/int8/allo_int8_M512_N2048_K1024_m64_n128_k64_4col.log
allo_int8_M512_N2048_K2048_m64_n128_k64_4col,xdna1,npu1,npu1_4col,0,allo,success,passed,False,int8,512,2048,2048,64,128,64,4,20,200,200,184,16,972.0,981.0,9.0,958.5,994.5,985.125,976.0,955.0,1642.0,56.44713788138421,4359.8196127395,975.8315217391304,976.0,960.0,994.0,6.430978513479248,4401.34101053171,28.513874921947718,,logs/allo/int8/allo_int8_M512_N2048_K2048_m64_n128_k64_4col.log
allo_int8_M1024_N256_K256_m64_n128_k64_2col,xdna1,npu1,npu1_2col,0,allo,success,passed,False,int8,1024,256,256,64,128,64,2,20,200,200,192,8,209.0,219.0,10.0,194.0,234.0,214.57,214.0,192.0,299.0,13.396831714998886,625.5195414083981,213.30208333333334,214.0,195.0,234.0,8.027452625816126,629.2377735019778,11.195431950967759,,logs/allo/int8/allo_int8_M1024_N256_K256_m64_n128_k64_2col.log
allo_int8_M1024_N256_K512_m64_n128_k64_2col,xdna1,npu1,npu1_2col,0,allo,success,passed,False,int8,1024,256,512,64,128,64,2,20,200,200,196,4,243.0,254.0,11.0,226.5,270.5,248.015,248.0,226.0,292.0,9.520229776638796,1082.335568413201,247.6377551020408,248.0,228.0,268.0,8.549758503644254,1083.9843701918126,11.493835687171668,,logs/allo/int8/allo_int8_M1024_N256_K512_m64_n128_k64_2col.log
allo_int8_M1024_N256_K1024_m64_n128_k64_2col,xdna1,npu1,npu1_2col,0,allo,success,passed,False,int8,1024,256,1024,64,128,64,2,20,200,200,185,15,348.0,357.0,9.0,334.5,370.5,354.375,353.0,328.0,421.0,13.057349463041877,1514.9796458553792,352.65945945945947,353.0,335.0,369.0,6.442907664034569,1522.3493872045615,12.172965310048312,,logs/allo/int8/allo_int8_M1024_N256_K1024_m64_n128_k64_2col.log
allo_int8_M1024_N256_K2048_m64_n128_k64_2col,xdna1,npu1,npu1_2col,0,allo,success,passed,False,int8,1024,256,2048,64,128,64,2,20,200,200,186,14,545.75,553.0,7.25,534.875,563.875,549.27,550.0,518.0,612.0,8.420041567593357,1954.8524842063102,549.6505376344086,550.0,537.0,561.0,4.9591259127467335,1953.4990880226928,13.404127636924386,,logs/allo/int8/allo_int8_M1024_N256_K2048_m64_n128_k64_2col.log
allo_int8_M1024_N512_K256_m64_n128_k64_4col,xdna1,npu1,npu1_4col,0,allo,success,passed,False,int8,1024,512,256,64,128,64,4,20,200,200,190,10,231.0,239.0,8.0,219.0,251.0,236.625,235.0,218.0,314.0,11.74752633536099,1134.4340454305336,234.75263157894736,235.0,219.0,251.0,5.935341822378595,1143.4822016456292,12.877794893924147,,logs/allo/int8/allo_int8_M1024_N512_K256_m64_n128_k64_4col.log
allo_int8_M1024_N512_K512_m64_n128_k64_4col,xdna1,npu1,npu1_4col,0,allo,success,passed,False,int8,1024,512,512,64,128,64,4,20,200,200,188,12,264.0,271.0,7.0,253.5,281.5,268.65,268.0,257.0,289.0,6.485946345754026,1998.4027991810906,267.59574468085106,267.0,257.0,281.0,5.081922799400583,2006.2759691500357,13.981772474013269,,logs/allo/int8/allo_int8_M1024_N512_K512_m64_n128_k64_4col.log
allo_int8_M1024_N512_K1024_m64_n128_k64_4col,xdna1,npu1,npu1_4col,0,allo,success,passed,False,int8,1024,512,1024,64,128,64,4,20,200,200,189,11,360.0,373.0,13.0,340.5,392.5,371.31,365.0,355.0,551.0,24.9398055325217,2891.766513156123,366.25925925925924,364.0,355.0,392.0,8.15014405569324,2931.6441751441,16.154510828200728,,logs/allo/int8/allo_int8_M1024_N512_K1024_m64_n128_k64_4col.log
allo_int8_M1024_N512_K2048_m64_n128_k64_4col,xdna1,npu1,npu1_4col,0,allo,success,passed,False,int8,1024,512,2048,64,128,64,4,20,200,200,179,21,573.0,580.25,7.25,562.125,591.125,579.805,577.0,561.0,656.0,14.90358933277484,3703.803257991911,576.586592178771,577.0,564.0,591.0,5.588999481338044,3724.4772548130495,20.913770355749875,,logs/allo/int8/allo_int8_M1024_N512_K2048_m64_n128_k64_4col.log
allo_int8_M1024_N1024_K256_m64_n128_k64_4col,xdna1,npu1,npu1_4col,0,allo,success,passed,False,int8,1024,1024,256,64,128,64,4,20,200,200,188,12,350.0,360.0,10.0,335.0,375.0,357.805,356.0,334.0,491.0,17.199912063728696,1500.4567068654715,354.8351063829787,355.0,335.0,375.0,7.140641955866023,1513.0152071834384,14.626865699887276,,logs/allo/int8/allo_int8_M1024_N1024_K256_m64_n128_k64_4col.log
allo_int8_M1024_N1024_K512_m64_n128_k64_4col,xdna1,npu1,npu1_4col,0,allo,success,passed,False,int8,1024,1024,512,64,128,64,4,20,200,200,178,22,367.0,376.0,9.0,353.5,389.5,375.275,369.0,352.0,495.0,19.994733681647276,2861.2133075744455,369.47752808988764,369.0,354.0,384.0,5.630180566864894,2906.108605714112,16.420898997224867,,logs/allo/int8/allo_int8_M1024_N1024_K512_m64_n128_k64_4col.log
allo_int8_M1024_N1024_K1024_m64_n128_k64_4col,xdna1,npu1,npu1_4col,0,allo,success,passed,False,int8,1024,1024,1024,64,128,64,4,20,200,200,196,4,566.0,576.0,10.0,551.0,591.0,571.88,571.0,550.0,637.0,10.012272469324834,3755.129831433168,571.2142857142857,571.0,552.0,590.0,7.516308798817653,3759.5061988245593,20.145426008850336,,logs/allo/int8/allo_int8_M1024_N1024_K1024_m64_n128_k64_4col.log
allo_int8_M1024_N1024_K2048_m64_n128_k64_4col,xdna1,npu1,npu1_4col,0,allo,success,passed,False,int8,1024,1024,2048,64,128,64,4,20,200,200,182,18,967.0,976.0,9.0,953.5,989.5,974.83,971.0,952.0,1113.0,17.601167574908207,4405.862864294288,970.4560439560439,971.0,956.0,988.0,5.895215209955802,4425.72059059126,28.27706032106653,,logs/allo/int8/allo_int8_M1024_N1024_K2048_m64_n128_k64_4col.log
allo_int8_M1024_N2048_K256_m64_n128_k64_4col,xdna1,npu1,npu1_4col,0,allo,success,passed,False,int8,1024,2048,256,64,128,64,4,20,200,200,180,20,581.0,591.0,10.0,566.0,606.0,593.375,585.0,559.0,1236.0,49.92879304569659,1809.550156309248,585.2666666666667,585.0,566.0,605.0,7.398648525237565,1834.6198154687322,18.57332545798272,,logs/allo/int8/allo_int8_M1024_N2048_K256_m64_n128_k64_4col.log
allo_int8_M1024_N2048_K512_m64_n128_k64_4col,xdna1,npu1,npu1_4col,0,allo,success,passed,False,int8,1024,2048,512,64,128,64,4,20,200,200,185,15,566.0,574.0,8.0,554.0,586.0,572.36,570.0,552.0,669.0,14.437811468501728,3751.9806555314835,569.2378378378378,569.0,554.0,584.0,5.940031456434651,3772.559561670893,22.10139805311337,,logs/allo/int8/allo_int8_M1024_N2048_K512_m64_n128_k64_4col.log
allo_int8_M1024_N2048_K1024_m64_n128_k64_4col,xdna1,npu1,npu1_4col,0,allo,success,passed,False,int8,1024,2048,1024,64,128,64,4,20,200,200,179,21,967.0,975.0,8.0,955.0,987.0,975.59,970.0,948.0,1218.0,26.645860841789293,4402.43062762021,970.0167597765363,970.0,955.0,987.0,5.411011801763974,4427.7248333208545,29.27178068086505,,logs/allo/int8/allo_int8_M1024_N2048_K1024_m64_n128_k64_4col.log
allo_int8_M1024_N2048_K2048_m64_n128_k64_4col,xdna1,npu1,npu1_4col,0,allo,success,passed,False,int8,1024,2048,2048,64,128,64,4,20,200,200,195,5,1797.0,1822.0,25.0,1759.5,1859.5,1811.91,1809.0,1780.0,1945.0,20.539033570253494,4740.817475481674,1809.774358974359,1807.0,1780.0,1857.0,15.146476580189015,4746.411921134806,43.45196284586564,,logs/allo/int8/allo_int8_M1024_N2048_K2048_m64_n128_k64_4col.log
allo_int8_M2048_N256_K256_m64_n128_k64_2col,xdna1,npu1,npu1_2col,0,allo,success,passed,False,int8,2048,256,256,64,128,64,2,20,200,200,179,21,267.0,276.25,9.25,253.125,290.125,276.195,272.0,243.0,1121.0,61.58958495557508,971.9055594779051,272.00558659217876,273.0,254.0,285.0,6.2476786363465,986.8747894596316,11.684410087764263,,logs/allo/int8/allo_int8_M2048_N256_K256_m64_n128_k64_2col.log
allo_int8_M2048_N256_K512_m64_n128_k64_2col,xdna1,npu1,npu1_2col,0,allo,success,passed,False,int8,2048,256,512,64,128,64,2,20,200,200,170,30,356.0,361.0,5.0,348.5,368.5,359.665,358.0,327.0,490.0,18.458677498672543,1492.6971264927085,358.24117647058824,358.0,349.0,368.0,3.758215913330562,1498.6298261112297,12.11722899088636,,logs/allo/int8/allo_int8_M2048_N256_K512_m64_n128_k64_2col.log
allo_int8_M2048_N256_K1024_m64_n128_k64_2col,xdna1,npu1,npu1_2col,0,allo,success,passed,False,int8,2048,256,1024,64,128,64,2,20,200,200,178,22,541.0,547.0,6.0,532.0,556.0,543.275,545.0,518.0,572.0,7.7601143677139195,1976.4241387879067,544.3089887640449,545.0,532.0,555.0,4.099880525785654,1972.6696530184647,13.103053559083492,,logs/allo/int8/allo_int8_M2048_N256_K1024_m64_n128_k64_2col.log
allo_int8_M2048_N256_K2048_m64_n128_k64_2col,xdna1,npu1,npu1_2col,0,allo,success,passed,False,int8,2048,256,2048,64,128,64,2,20,200,200,179,21,935.0,941.0,6.0,926.0,950.0,938.35,938.0,911.0,1004.0,11.26177161906598,2288.5742505461717,938.0279329608938,938.0,926.0,950.0,4.224734519572666,2289.3600206781134,15.298804891761392,,logs/allo/int8/allo_int8_M2048_N256_K2048_m64_n128_k64_2col.log
allo_int8_M2048_N512_K256_m64_n128_k64_4col,xdna1,npu1,npu1_4col,0,allo,success,passed,False,int8,2048,512,256,64,128,64,4,20,200,200,191,9,346.0,359.0,13.0,326.5,378.5,355.05,351.0,336.0,490.0,18.088048540403687,1512.0994564145894,352.0052356020942,351.0,336.0,374.0,8.228731036635446,1525.178769235346,14.475100473035127,,logs/allo/int8/allo_int8_M2048_N512_K256_m64_n128_k64_4col.log
allo_int8_M2048_N512_K512_m64_n128_k64_4col,xdna1,npu1,npu1_4col,0,allo,success,passed,False,int8,2048,512,512,64,128,64,4,20,200,200,184,16,364.0,372.0,8.0,352.0,384.0,370.105,367.0,354.0,496.0,15.004131930904899,2901.181621431756,367.1467391304348,366.0,354.0,384.0,5.7270515801337325,2924.55770284953,16.158369267825037,,logs/allo/int8/allo_int8_M2048_N512_K512_m64_n128_k64_4col.log
allo_int8_M2048_N512_K1024_m64_n128_k64_4col,xdna1,npu1,npu1_4col,0,allo,success,passed,False,int8,2048,512,1024,64,128,64,4,20,200,200,174,26,565.0,572.0,7.0,554.5,582.5,571.01,568.0,551.0,637.0,14.04421233106364,3760.851207509501,567.6321839080459,567.0,555.0,579.0,4.959873335722165,3783.2309528592264,19.822745542041957,,logs/allo/int8/allo_int8_M2048_N512_K1024_m64_n128_k64_4col.log
allo_int8_M2048_N512_K2048_m64_n128_k64_4col,xdna1,npu1,npu1_4col,0,allo,success,passed,False,int8,2048,512,2048,64,128,64,4,20,200,200,193,7,986.0,995.0,9.0,972.5,1008.5,991.7,990.0,962.0,1077.0,10.910545357588685,4330.913881214077,990.7668393782384,990.0,974.0,1008.0,6.295202454909128,4334.992982501647,27.516705103684217,,logs/allo/int8/allo_int8_M2048_N512_K2048_m64_n128_k64_4col.log
allo_int8_M2048_N1024_K256_m64_n128_k64_4col,xdna1,npu1,npu1_4col,0,allo,success,passed,False,int8,2048,1024,256,64,128,64,4,20,200,200,194,6,585.0,597.0,12.0,567.0,615.0,593.55,592.0,574.0,706.0,15.34299514436474,1809.016635498273,591.3814432989691,591.0,574.0,615.0,7.767820614055516,1815.6501800432327,18.481482457835227,,logs/allo/int8/allo_int8_M2048_N1024_K256_m64_n128_k64_4col.log
allo_int8_M2048_N1024_K512_m64_n128_k64_4col,xdna1,npu1,npu1_4col,0,allo,success,passed,False,int8,2048,1024,512,64,128,64,4,20,200,200,190,10,563.0,571.25,8.25,550.625,583.625,571.41,567.5,551.0,844.0,27.13598901827608,3758.218526102098,567.2105263157895,567.0,551.0,583.0,6.021705890215401,3786.043361974576,21.615462902002037,,logs/allo/int8/allo_int8_M2048_N1024_K512_m64_n128_k64_4col.log
allo_int8_M2048_N1024_K1024_m64_n128_k64_4col,xdna1,npu1,npu1_4col,0,allo,success,passed,False,int8,2048,1024,1024,64,128,64,4,20,200,200,171,29,958.0,963.0,5.0,950.5,970.5,962.145,960.0,941.0,1102.0,13.467515546677493,4463.950128099195,960.1578947368421,960.0,951.0,970.0,3.566196757128958,4473.188544866524,28.47059083916247,,logs/allo/int8/allo_int8_M2048_N1024_K1024_m64_n128_k64_4col.log
allo_int8_M2048_N1024_K2048_m64_n128_k64_4col,xdna1,npu1,npu1_4col,0,allo,success,passed,False,int8,2048,1024,2048,64,128,64,4,20,200,200,177,23,1761.0,1775.25,14.25,1739.625,1796.625,1775.755,1768.0,1742.0,2021.0,31.742163993653616,4837.3421964178615,1767.0734463276835,1767.0,1742.0,1795.0,8.949338010975444,4861.107844640825,43.20901297777891,,logs/allo/int8/allo_int8_M2048_N1024_K2048_m64_n128_k64_4col.log
allo_int8_M2048_N2048_K256_m64_n128_k64_4col,xdna1,npu1,npu1_4col,0,allo,success,passed,False,int8,2048,2048,256,64,128,64,4,20,200,200,179,21,1024.0,1039.0,15.0,1001.5,1061.5,1043.82,1030.5,1001.0,1819.0,77.86525284104586,2057.331386637543,1030.2905027932961,1030.0,1012.0,1058.0,9.327946193783832,2084.347707930724,28.70429279189557,,logs/allo/int8/allo_int8_M2048_N2048_K256_m64_n128_k64_4col.log
allo_int8_M2048_N2048_K512_m64_n128_k64_4col,xdna1,npu1,npu1_4col,0,allo,success,passed,False,int8,2048,2048,512,64,128,64,4,20,200,200,174,26,964.0,971.25,7.25,953.125,982.125,977.7,966.0,947.0,1500.0,50.75076354105423,4392.929626674849,966.8390804597701,965.5,954.0,982.0,5.111118291423955,4442.277295987636,35.652073265984654,,logs/allo/int8/allo_int8_M2048_N2048_K512_m64_n128_k64_4col.log
allo_int8_M2048_N2048_K1024_m64_n128_k64_4col,xdna1,npu1,npu1_4col,0,allo,success,passed,False,int8,2048,2048,1024,64,128,64,4,20,200,200,177,23,1757.0,1766.0,9.0,1743.5,1779.5,1766.64,1761.0,1736.0,1991.0,26.065118453596178,4862.300520762577,1760.8813559322034,1761.0,1744.0,1779.0,6.851330224493903,4878.201795402919,48.979004739783704,,logs/allo/int8/allo_int8_M2048_N2048_K1024_m64_n128_k64_4col.log
allo_int8_M2048_N2048_K2048_m64_n128_k64_4col,xdna1,npu1,npu1_4col,0,allo,success,passed,False,int8,2048,2048,2048,64,128,64,4,20,200,200,198,2,3376.0,3468.25,92.25,3237.625,3606.625,3432.52,3437.0,3351.0,4226.0,78.59541716919632,5005.031051239323,3426.873737373737,3436.5,3351.0,3582.0,49.96149241581836,5013.277552842138,82.1176915797405,,logs/allo/int8/allo_int8_M2048_N2048_K2048_m64_n128_k64_4col.log
allo_bf16_M256_N256_K256_m64_n64_k64_4col,xdna1,npu1,npu1_4col,0,allo,success,passed,False,bf16,256,256,256,64,64,64,4,20,200,200,197,3,157.75,176.0,18.25,130.375,203.375,169.205,171.0,150.0,251.0,12.718214300757792,198.3063857451021,168.38071065989848,169.0,150.0,196.0,10.624759585337992,199.27717295227757,11.857275667134672,,logs/allo/bf16/allo_bf16_M256_N256_K256_m64_n64_k64_4col.log
allo_bf16_M256_N256_K512_m64_n64_k64_4col,xdna1,npu1,npu1_4col,0,allo,success,passed,False,bf16,256,256,512,64,64,64,4,20,200,200,197,3,171.75,188.0,16.25,147.375,212.375,180.57,181.0,162.0,227.0,10.844588512248862,371.6501301434347,179.90862944162436,181.0,162.0,208.0,9.494416026540101,373.0163706337114,12.48836704203859,,logs/allo/bf16/allo_bf16_M256_N256_K512_m64_n64_k64_4col.log
allo_bf16_M256_N256_K1024_m64_n64_k64_4col,xdna1,npu1,npu1_4col,0,allo,failed,failed,True,bf16,256,256,1024,64,64,64,4,20,200,200,191,9,202.0,213.0,11.0,185.5,229.5,209.63,207.0,195.0,283.0,11.984285543994686,640.2601154414922,207.717277486911,207.0,195.0,229.0,7.204831488411381,646.1558211423097,13.672508285846561,Output validation failed; timings were recorded because --benchmark-on-validation-failure was enabled,logs/allo/bf16/allo_bf16_M256_N256_K1024_m64_n64_k64_4col.log
allo_bf16_M256_N256_K2048_m64_n64_k64_4col,xdna1,npu1,npu1_4col,0,allo,failed,failed,True,bf16,256,256,2048,64,64,64,4,20,200,200,188,12,271.0,283.25,12.25,252.625,301.625,282.44,277.0,258.0,469.0,23.772387343302313,950.4158617759524,277.53723404255317,277.0,258.0,301.0,8.066459109314653,967.2052001456581,16.121199098881334,Output validation failed; timings were recorded because --benchmark-on-validation-failure was enabled,logs/allo/bf16/allo_bf16_M256_N256_K2048_m64_n64_k64_4col.log
allo_bf16_M256_N512_K256_m64_n64_k64_4col,xdna1,npu1,npu1_4col,0,allo,success,passed,False,bf16,256,512,256,64,64,64,4,20,200,200,188,12,185.0,193.0,8.0,173.0,205.0,190.57,188.0,177.0,238.0,9.640285265488776,352.14810305924334,188.63297872340425,188.0,177.0,204.0,5.382040432058576,355.76421712771054,12.14253363572061,,logs/allo/bf16/allo_bf16_M256_N512_K256_m64_n64_k64_4col.log
allo_bf16_M256_N512_K512_m64_n64_k64_4col,xdna1,npu1,npu1_4col,0,allo,success,passed,False,bf16,256,512,512,64,64,64,4,20,200,200,191,9,208.0,222.0,14.0,187.0,243.0,218.75,215.0,199.0,383.0,21.061042234419453,613.5667565714285,215.05759162303664,214.0,199.0,241.0,8.011237687040277,624.1013255428961,12.898494091816247,,logs/allo/bf16/allo_bf16_M256_N512_K512_m64_n64_k64_4col.log
allo_bf16_M256_N512_K1024_m64_n64_k64_4col,xdna1,npu1,npu1_4col,0,allo,failed,failed,True,bf16,256,512,1024,64,64,64,4,20,200,200,191,9,276.0,289.0,13.0,256.5,308.5,285.53,282.0,266.0,446.0,19.510486923703365,940.130480159703,282.2041884816754,282.0,266.0,306.0,7.396417927850449,951.2100349900745,14.424970662221313,Output validation failed; timings were recorded because --benchmark-on-validation-failure was enabled,logs/allo/bf16/allo_bf16_M256_N512_K1024_m64_n64_k64_4col.log
allo_bf16_M256_N512_K2048_m64_n64_k64_4col,xdna1,npu1,npu1_4col,0,allo,failed,failed,True,bf16,256,512,2048,64,64,64,4,20,200,200,197,3,410.0,421.0,11.0,393.5,437.5,415.16,415.0,397.0,443.0,8.014012727716372,1293.1662780614702,414.76142131979697,415.0,397.0,434.0,7.388352337572566,1294.408988887257,17.49553690291941,Output validation failed; timings were recorded because --benchmark-on-validation-failure was enabled,logs/allo/bf16/allo_bf16_M256_N512_K2048_m64_n64_k64_4col.log
allo_bf16_M256_N1024_K256_m64_n64_k64_4col,xdna1,npu1,npu1_4col,0,allo,success,passed,False,bf16,256,1024,256,64,64,64,4,20,200,200,190,10,237.0,246.0,9.0,223.5,259.5,244.235,242.0,227.0,387.0,15.87607555411601,549.5433823981002,241.63684210526316,242.0,227.0,258.0,6.38499149126217,555.4522515301344,12.950448437128216,,logs/allo/bf16/allo_bf16_M256_N1024_K256_m64_n64_k64_4col.log
allo_bf16_M256_N1024_K512_m64_n64_k64_4col,xdna1,npu1,npu1_4col,0,allo,success,passed,False,bf16,256,1024,512,64,64,64,4,20,200,200,194,6,287.0,299.0,12.0,269.0,317.0,294.145,290.5,279.0,402.0,13.029350521035191,912.5956790018528,292.61340206185565,290.0,279.0,315.0,8.29979665464458,917.3723900153259,13.979194562882185,,logs/allo/bf16/allo_bf16_M256_N1024_K512_m64_n64_k64_4col.log
allo_bf16_M256_N1024_K1024_m64_n64_k64_4col,xdna1,npu1,npu1_4col,0,allo,failed,failed,True,bf16,256,1024,1024,64,64,64,4,20,200,200,190,10,422.0,434.0,12.0,404.0,452.0,430.445,428.0,411.0,531.0,15.545320035303229,1247.2462498112418,427.5263157894737,428.0,411.0,450.0,7.219625453564104,1255.761089252739,15.885987307876348,Output validation failed; timings were recorded because --benchmark-on-validation-failure was enabled,logs/allo/bf16/allo_bf16_M256_N1024_K1024_m64_n64_k64_4col.log
allo_bf16_M256_N1024_K2048_m64_n64_k64_4col,xdna1,npu1,npu1_4col,0,allo,failed,failed,True,bf16,256,1024,2048,64,64,64,4,20,200,200,170,30,693.75,698.25,4.5,687.0,705.0,699.17,696.0,679.0,836.0,18.329241664618863,1535.7378377218702,695.7176470588236,696.0,688.0,703.0,2.9945509914072943,1543.3586147186145,20.168847918044776,Output validation failed; timings were recorded because --benchmark-on-validation-failure was enabled,logs/allo/bf16/allo_bf16_M256_N1024_K2048_m64_n64_k64_4col.log
allo_bf16_M256_N2048_K256_m64_n64_k64_4col,xdna1,npu1,npu1_4col,0,allo,success,passed,False,bf16,256,2048,256,64,64,64,4,20,200,200,193,7,324.0,334.0,10.0,309.0,349.0,330.605,329.0,313.0,429.0,13.70725993771184,811.952196730237,328.6165803108808,328.0,313.0,347.0,7.044502116358853,816.8652225217982,14.482103559188545,,logs/allo/bf16/allo_bf16_M256_N2048_K256_m64_n64_k64_4col.log
allo_bf16_M256_N2048_K512_m64_n64_k64_4col,xdna1,npu1,npu1_4col,0,allo,success,passed,False,bf16,256,2048,512,64,64,64,4,20,200,200,181,19,423.0,432.0,9.0,409.5,445.5,429.81,427.0,408.0,501.0,13.991922669883508,1249.0889276657128,426.31491712707185,426.0,412.0,445.0,5.982040212471771,1259.3294075139638,16.239015217870474,,logs/allo/bf16/allo_bf16_M256_N2048_K512_m64_n64_k64_4col.log
allo_bf16_M256_N2048_K1024_m64_n64_k64_4col,xdna1,npu1,npu1_4col,0,allo,failed,failed,True,bf16,256,2048,1024,64,64,64,4,20,200,200,195,5,746.0,761.0,15.0,723.5,783.5,755.825,754.0,728.0,921.0,20.223362109204295,1420.622265736116,753.4051282051282,754.0,728.0,782.0,10.445216024768289,1425.1851809902391,19.263127664104104,Output validation failed; timings were recorded because --benchmark-on-validation-failure was enabled,logs/allo/bf16/allo_bf16_M256_N2048_K1024_m64_n64_k64_4col.log
allo_bf16_M256_N2048_K2048_m64_n64_k64_4col,xdna1,npu1,npu1_4col,0,allo,failed,failed,True,bf16,256,2048,2048,64,64,64,4,20,200,200,181,19,1391.0,1412.0,21.0,1359.5,1443.5,1404.715,1400.0,1362.0,1482.0,22.885230499166923,1528.7682184642435,1398.7624309392265,1399.0,1362.0,1443.0,13.990680507104022,1535.274039751003,25.905548395123333,Output validation failed; timings were recorded because --benchmark-on-validation-failure was enabled,logs/allo/bf16/allo_bf16_M256_N2048_K2048_m64_n64_k64_4col.log
allo_bf16_M512_N256_K256_m64_n64_k64_4col,xdna1,npu1,npu1_4col,0,allo,success,passed,False,bf16,512,256,256,64,64,64,4,20,200,200,196,4,181.75,196.0,14.25,160.375,217.375,189.33,187.0,173.0,231.0,10.149438408109091,354.4544657476364,188.55102040816325,187.0,173.0,214.0,8.629118299816996,355.9188587509471,12.199210714083165,,logs/allo/bf16/allo_bf16_M512_N256_K256_m64_n64_k64_4col.log
allo_bf16_M512_N256_K512_m64_n64_k64_4col,xdna1,npu1,npu1_4col,0,allo,success,passed,False,bf16,512,256,512,64,64,64,4,20,200,200,193,7,209.0,223.0,14.0,188.0,244.0,217.58,215.0,201.0,339.0,15.820670023737932,616.8661090173729,215.17098445595855,214.0,201.0,240.0,7.605342243256649,623.7724307455211,12.940712928771973,,logs/allo/bf16/allo_bf16_M512_N256_K512_m64_n64_k64_4col.log
allo_bf16_M512_N256_K1024_m64_n64_k64_4col,xdna1,npu1,npu1_4col,0,allo,failed,failed,True,bf16,512,256,1024,64,64,64,4,20,200,200,188,12,281.0,291.0,10.0,266.0,306.0,290.475,286.0,270.0,475.0,22.5079846943257,924.1258490403649,285.61170212765956,286.0,270.0,302.0,6.161243940146784,939.8615462892262,14.39831369696185,Output validation failed; timings were recorded because --benchmark-on-validation-failure was enabled,logs/allo/bf16/allo_bf16_M512_N256_K1024_m64_n64_k64_4col.log
allo_bf16_M512_N256_K2048_m64_n64_k64_4col,xdna1,npu1,npu1_4col,0,allo,failed,failed,True,bf16,512,256,2048,64,64,64,4,20,200,200,178,22,417.0,423.0,6.0,408.0,432.0,420.165,420.0,396.0,471.0,9.175934557308045,1277.762098223317,420.061797752809,420.5,408.0,432.0,5.0804318496876615,1278.0760232710543,17.569399680010974,Output validation failed; timings were recorded because --benchmark-on-validation-failure was enabled,logs/allo/bf16/allo_bf16_M512_N256_K2048_m64_n64_k64_4col.log
allo_bf16_M512_N512_K256_m64_n64_k64_4col,xdna1,npu1,npu1_4col,0,allo,success,passed,False,bf16,512,512,256,64,64,64,4,20,200,200,184,16,238.0,248.0,10.0,223.0,263.0,248.89,243.0,231.0,396.0,24.727876981253363,539.2652497087066,242.64673913043478,242.0,231.0,263.0,5.914259685505807,553.1404562904562,12.968273923266679,,logs/allo/bf16/allo_bf16_M512_N512_K256_m64_n64_k64_4col.log
allo_bf16_M512_N512_K512_m64_n64_k64_4col,xdna1,npu1,npu1_4col,0,allo,success,passed,False,bf16,512,512,512,64,64,64,4,20,200,200,193,7,292.0,303.0,11.0,275.5,319.5,298.95,296.0,282.0,516.0,18.220249723864928,897.9275999330991,296.7461139896373,296.0,282.0,317.0,7.31191078330887,904.5963648554268,13.890763530042022,,logs/allo/bf16/allo_bf16_M512_N512_K512_m64_n64_k64_4col.log
allo_bf16_M512_N512_K1024_m64_n64_k64_4col,xdna1,npu1,npu1_4col,0,allo,failed,failed,True,bf16,512,512,1024,64,64,64,4,20,200,200,191,9,429.0,441.0,12.0,411.0,459.0,437.065,434.0,418.0,530.0,16.46999620522118,1228.3548488211136,434.0628272251309,433.0,418.0,456.0,7.999753292432358,1236.8507006971752,15.969541389960796,Output validation failed; timings were recorded because --benchmark-on-validation-failure was enabled,logs/allo/bf16/allo_bf16_M512_N512_K1024_m64_n64_k64_4col.log
allo_bf16_M512_N512_K2048_m64_n64_k64_4col,xdna1,npu1,npu1_4col,0,allo,failed,failed,True,bf16,512,512,2048,64,64,64,4,20,200,200,175,25,682.0,690.0,8.0,670.0,702.0,691.695,687.0,671.0,838.0,20.983135490197835,1552.3342282364338,685.2228571428572,687.0,671.0,702.0,5.887666805124358,1566.9965074970396,20.016258877236396,Output validation failed; timings were recorded because --benchmark-on-validation-failure was enabled,logs/allo/bf16/allo_bf16_M512_N512_K2048_m64_n64_k64_4col.log
allo_bf16_M512_N1024_K256_m64_n64_k64_4col,xdna1,npu1,npu1_4col,0,allo,success,passed,False,bf16,512,1024,256,64,64,64,4,20,200,200,187,13,322.0,331.25,9.25,308.125,345.125,329.56,327.0,310.0,404.0,14.461203269437851,814.5268115062507,326.524064171123,326.0,310.0,344.0,6.771535940282269,822.10006996397,14.493333221413195,,logs/allo/bf16/allo_bf16_M512_N1024_K256_m64_n64_k64_4col.log
allo_bf16_M512_N1024_K512_m64_n64_k64_4col,xdna1,npu1,npu1_4col,0,allo,success,passed,False,bf16,512,1024,512,64,64,64,4,20,200,200,188,12,424.0,436.0,12.0,406.0,454.0,432.525,430.0,412.0,517.0,15.294423003173412,1241.2482792902144,429.3936170212766,429.5,412.0,452.0,8.004942735195101,1250.3001691648292,16.146561943925917,,logs/allo/bf16/allo_bf16_M512_N1024_K512_m64_n64_k64_4col.log
allo_bf16_M512_N1024_K1024_m64_n64_k64_4col,xdna1,npu1,npu1_4col,0,allo,failed,failed,True,bf16,512,1024,1024,64,64,64,4,20,200,200,177,23,691.0,697.0,6.0,682.0,706.0,695.78,694.0,672.0,801.0,15.360716129139291,1543.220305268907,693.7005649717514,694.0,682.0,705.0,4.700721151251568,1547.8462584843426,19.337614167947322,Output validation failed; timings were recorded because --benchmark-on-validation-failure was enabled,logs/allo/bf16/allo_bf16_M512_N1024_K1024_m64_n64_k64_4col.log
allo_bf16_M512_N1024_K2048_m64_n64_k64_4col,xdna1,npu1,npu1_4col,0,allo,failed,failed,True,bf16,512,1024,2048,64,64,64,4,20,200,200,165,35,1212.75,1218.0,5.25,1204.875,1225.875,1216.49,1215.5,1199.0,1291.0,11.322539467804914,1765.3113860368767,1215.0848484848484,1215.0,1206.0,1225.0,3.9945509257306107,1767.3528319259412,25.92766394186765,Output validation failed; timings were recorded because --benchmark-on-validation-failure was enabled,logs/allo/bf16/allo_bf16_M512_N1024_K2048_m64_n64_k64_4col.log
allo_bf16_M512_N2048_K256_m64_n64_k64_4col,xdna1,npu1,npu1_4col,0,allo,success,passed,False,bf16,512,2048,256,64,64,64,4,20,200,200,185,15,538.0,548.25,10.25,522.625,563.625,546.015,543.0,519.0,695.0,19.18709918148129,983.2530461617355,542.4486486486486,542.0,526.0,562.0,7.355733987725076,989.7174844797863,18.200604584999382,,logs/allo/bf16/allo_bf16_M512_N2048_K256_m64_n64_k64_4col.log
allo_bf16_M512_N2048_K512_m64_n64_k64_4col,xdna1,npu1,npu1_4col,0,allo,success,passed,False,bf16,512,2048,512,64,64,64,4,20,200,200,195,5,693.0,704.0,11.0,676.5,720.5,699.085,699.0,675.0,761.0,11.02940501568421,1535.9245642518435,698.2358974358974,699.0,679.0,718.0,8.37797745556115,1537.7923534768943,20.9631534088403,,logs/allo/bf16/allo_bf16_M512_N2048_K512_m64_n64_k64_4col.log
allo_bf16_M512_N2048_K1024_m64_n64_k64_4col,xdna1,npu1,npu1_4col,0,allo,failed,failed,True,bf16,512,2048,1024,64,64,64,4,20,200,200,179,21,1237.0,1247.0,10.0,1222.0,1262.0,1251.865,1241.5,1221.0,1811.0,55.63350406904099,1715.4275005691509,1240.8603351955308,1241.0,1222.0,1260.0,7.90074898503398,1730.6409005825838,26.52311811922118,Output validation failed; timings were recorded because --benchmark-on-validation-failure was enabled,logs/allo/bf16/allo_bf16_M512_N2048_K1024_m64_n64_k64_4col.log
allo_bf16_M512_N2048_K2048_m64_n64_k64_4col,xdna1,npu1,npu1_4col,0,allo,failed,failed,True,bf16,512,2048,2048,64,64,64,4,20,200,200,196,4,2514.75,2585.0,70.25,2409.375,2690.375,2555.685,2545.0,2462.0,3080.0,64.83213535739819,1680.5542529693605,2549.5969387755104,2543.5,2462.0,2671.0,44.26365569085659,1684.5671685120294,38.407360437791795,Output validation failed; timings were recorded because --benchmark-on-validation-failure was enabled,logs/allo/bf16/allo_bf16_M512_N2048_K2048_m64_n64_k64_4col.log
allo_bf16_M1024_N256_K256_m64_n64_k64_4col,xdna1,npu1,npu1_4col,0,allo,success,passed,False,bf16,1024,256,256,64,64,64,4,20,200,200,186,14,239.0,251.0,12.0,221.0,269.0,251.295,244.0,230.0,446.0,28.304380844667843,534.1042519747707,244.7311827956989,243.0,230.0,269.0,8.23856625086013,548.4292049209139,12.938929977826774,,logs/allo/bf16/allo_bf16_M1024_N256_K256_m64_n64_k64_4col.log
allo_bf16_M1024_N256_K512_m64_n64_k64_4col,xdna1,npu1,npu1_4col,0,allo,success,passed,False,bf16,1024,256,512,64,64,64,4,20,200,200,196,4,290.0,302.0,12.0,272.0,320.0,300.505,295.0,279.0,961.0,48.48195514828171,893.2811633749855,296.0612244897959,295.0,279.0,319.0,8.133850064266717,906.6890014475771,13.883073220960796,,logs/allo/bf16/allo_bf16_M1024_N256_K512_m64_n64_k64_4col.log
allo_bf16_M1024_N256_K1024_m64_n64_k64_4col,xdna1,npu1,npu1_4col,0,allo,failed,failed,True,bf16,1024,256,1024,64,64,64,4,20,200,200,186,14,420.0,429.0,9.0,406.5,442.5,425.705,424.0,407.0,497.0,10.18371125867186,1261.133677076849,423.73655913978496,423.0,407.0,442.0,6.586109281837718,1266.9921922476685,15.946217299904674,Output validation failed; timings were recorded because --benchmark-on-validation-failure was enabled,logs/allo/bf16/allo_bf16_M1024_N256_K1024_m64_n64_k64_4col.log
allo_bf16_M1024_N256_K2048_m64_n64_k64_4col,xdna1,npu1,npu1_4col,0,allo,failed,failed,True,bf16,1024,256,2048,64,64,64,4,20,200,200,193,7,700.0,711.0,11.0,683.5,727.5,707.505,706.0,682.0,897.0,19.690860189438144,1517.645562928884,705.139896373057,706.0,684.0,727.0,8.15434745229078,1522.7358847838227,20.097012151032686,Output validation failed; timings were recorded because --benchmark-on-validation-failure was enabled,logs/allo/bf16/allo_bf16_M1024_N256_K2048_m64_n64_k64_4col.log
allo_bf16_M1024_N512_K256_m64_n64_k64_4col,xdna1,npu1,npu1_4col,0,allo,success,passed,False,bf16,1024,512,256,64,64,64,4,20,200,200,188,12,325.0,336.0,11.0,308.5,352.5,332.985,330.0,317.0,403.0,14.487400560487034,806.1487934891962,330.0,329.0,317.0,350.0,6.906672690925383,813.4407757575758,14.468052515760064,,logs/allo/bf16/allo_bf16_M1024_N512_K256_m64_n64_k64_4col.log
allo_bf16_M1024_N512_K512_m64_n64_k64_4col,xdna1,npu1,npu1_4col,0,allo,success,passed,False,bf16,1024,512,512,64,64,64,4,20,200,200,188,12,424.0,434.0,10.0,409.0,449.0,431.275,428.5,413.0,591.0,17.4464717063365,1244.8458918323574,428.25,428.0,413.0,448.0,7.26154619839944,1253.6390239346176,16.084263442084193,,logs/allo/bf16/allo_bf16_M1024_N512_K512_m64_n64_k64_4col.log
allo_bf16_M1024_N512_K1024_m64_n64_k64_4col,xdna1,npu1,npu1_4col,0,allo,failed,failed,True,bf16,1024,512,1024,64,64,64,4,20,200,200,186,14,704.0,712.0,8.0,692.0,724.0,711.785,709.0,677.0,877.0,20.187589628284005,1508.5198817058522,707.6935483870968,708.0,693.0,724.0,6.156355339392212,1517.241221779064,19.25788478087634,Output validation failed; timings were recorded because --benchmark-on-validation-failure was enabled,logs/allo/bf16/allo_bf16_M1024_N512_K1024_m64_n64_k64_4col.log
allo_bf16_M1024_N512_K2048_m64_n64_k64_4col,xdna1,npu1,npu1_4col,0,allo,failed,failed,True,bf16,1024,512,2048,64,64,64,4,20,200,200,179,21,1211.0,1218.0,7.0,1200.5,1228.5,1217.965,1215.0,1200.0,1393.0,22.636116605990527,1763.1735296170252,1214.0782122905027,1215.0,1201.0,1228.0,5.80353630776987,1768.8182081354687,25.927514798939228,Output validation failed; timings were recorded because --benchmark-on-validation-failure was enabled,logs/allo/bf16/allo_bf16_M1024_N512_K2048_m64_n64_k64_4col.log
allo_bf16_M1024_N1024_K256_m64_n64_k64_4col,xdna1,npu1,npu1_4col,0,allo,success,passed,False,bf16,1024,1024,256,64,64,64,4,20,200,200,177,23,529.0,540.0,11.0,512.5,556.5,540.255,535.0,510.0,642.0,21.31642500514568,993.7361283097796,533.4858757062146,534.0,517.0,554.0,6.722176255623598,1006.3451282366273,18.03460354404524,,logs/allo/bf16/allo_bf16_M1024_N1024_K256_m64_n64_k64_4col.log
allo_bf16_M1024_N1024_K512_m64_n64_k64_4col,xdna1,npu1,npu1_4col,0,allo,success,passed,False,bf16,1024,1024,512,64,64,64,4,20,200,200,191,9,693.0,703.0,10.0,678.0,718.0,700.125,698.5,678.0,785.0,14.586959073089908,1533.6430266023924,697.4973821989529,698.0,678.0,717.0,7.254443913760931,1539.420579063518,20.73430277686566,,logs/allo/bf16/allo_bf16_M1024_N1024_K512_m64_n64_k64_4col.log
allo_bf16_M1024_N1024_K1024_m64_n64_k64_4col,xdna1,npu1,npu1_4col,0,allo,failed,failed,True,bf16,1024,1024,1024,64,64,64,4,20,200,200,191,9,1204.0,1216.0,12.0,1186.0,1234.0,1212.665,1211.0,1190.0,1291.0,14.438932612904598,1770.8795487624363,1210.2984293193717,1210.0,1190.0,1233.0,8.556553328461483,1774.3422580558645,26.63973707333207,Output validation failed; timings were recorded because --benchmark-on-validation-failure was enabled,logs/allo/bf16/allo_bf16_M1024_N1024_K1024_m64_n64_k64_4col.log
allo_bf16_M1024_N1024_K2048_m64_n64_k64_4col,xdna1,npu1,npu1_4col,0,allo,failed,failed,True,bf16,1024,1024,2048,64,64,64,4,20,200,200,188,12,2238.75,2264.5,25.75,2200.125,2303.125,2258.935,2245.0,2220.0,2719.0,47.59916779734704,1901.3239849752206,2250.3617021276596,2244.0,2220.0,2302.0,17.69201711064024,1908.5675391379164,38.5249832412228,Output validation failed; timings were recorded because --benchmark-on-validation-failure was enabled,logs/allo/bf16/allo_bf16_M1024_N1024_K2048_m64_n64_k64_4col.log
allo_bf16_M1024_N2048_K256_m64_n64_k64_4col,xdna1,npu1,npu1_4col,0,allo,success,passed,False,bf16,1024,2048,256,64,64,64,4,20,200,200,178,22,945.0,958.0,13.0,925.5,977.5,956.97,952.0,922.0,1084.0,21.60321966744772,1122.0224500245567,950.6404494382023,951.0,931.0,974.0,8.549587270426246,1129.493095559469,27.832993229385465,,logs/allo/bf16/allo_bf16_M1024_N2048_K256_m64_n64_k64_4col.log
allo_bf16_M1024_N2048_K512_m64_n64_k64_4col,xdna1,npu1,npu1_4col,0,allo,success,passed,False,bf16,1024,2048,512,64,64,64,4,20,200,200,168,32,1217.0,1228.0,11.0,1200.5,1244.5,1231.31,1220.0,1197.0,1512.0,37.78576319197483,1744.0641658071486,1219.5595238095239,1219.0,1201.0,1241.0,7.459974451756633,1760.8682529016137,33.17546012112871,,logs/allo/bf16/allo_bf16_M1024_N2048_K512_m64_n64_k64_4col.log
allo_bf16_M1024_N2048_K1024_m64_n64_k64_4col,xdna1,npu1,npu1_4col,0,allo,failed,failed,True,bf16,1024,2048,1024,64,64,64,4,20,200,200,194,6,2295.0,2354.25,59.25,2206.125,2443.125,2327.235,2305.5,2276.0,2904.0,64.97268483755307,1845.5236776689935,2319.242268041237,2304.0,2276.0,2439.0,35.31344282763329,1851.8838480929385,43.978360324166715,Output validation failed; timings were recorded because --benchmark-on-validation-failure was enabled,logs/allo/bf16/allo_bf16_M1024_N2048_K1024_m64_n64_k64_4col.log
allo_bf16_M1024_N2048_K2048_m64_n64_k64_4col,xdna1,npu1,npu1_4col,0,allo,failed,failed,True,bf16,1024,2048,2048,64,64,64,4,20,200,200,178,22,4559.75,4585.0,25.25,4521.875,4622.875,4577.08,4575.0,4505.0,4725.0,31.78590253555812,1876.7280869025667,4571.331460674157,4574.0,4522.0,4622.0,17.18397539063594,1879.0881094264819,70.6474323538132,Output validation failed; timings were recorded because --benchmark-on-validation-failure was enabled,logs/allo/bf16/allo_bf16_M1024_N2048_K2048_m64_n64_k64_4col.log
allo_bf16_M2048_N256_K256_m64_n64_k64_4col,xdna1,npu1,npu1_4col,0,allo,success,passed,False,bf16,2048,256,256,64,64,64,4,20,200,200,188,12,324.0,334.0,10.0,309.0,349.0,331.205,328.0,312.0,446.0,15.716010148889572,810.4812910433116,328.03723404255317,327.0,312.0,348.0,7.038170761542259,818.3078874673672,14.514363454189152,,logs/allo/bf16/allo_bf16_M2048_N256_K256_m64_n64_k64_4col.log
allo_bf16_M2048_N256_K512_m64_n64_k64_4col,xdna1,npu1,npu1_4col,0,allo,success,passed,False,bf16,2048,256,512,64,64,64,4,20,200,200,196,4,422.0,432.0,10.0,407.0,447.0,427.76,426.5,415.0,452.0,7.175123692313604,1255.0750701327847,427.30102040816325,426.0,415.0,445.0,6.478079126010179,1256.4231919857673,15.988573716022074,,logs/allo/bf16/allo_bf16_M2048_N256_K512_m64_n64_k64_4col.log
allo_bf16_M2048_N256_K1024_m64_n64_k64_4col,xdna1,npu1,npu1_4col,0,allo,failed,failed,True,bf16,2048,256,1024,64,64,64,4,20,200,200,190,10,685.0,694.0,9.0,671.5,707.5,690.87,690.0,673.0,762.0,12.574303161607007,1554.1879427388656,688.6684210526316,689.0,673.0,707.0,7.047250500172983,1559.1564694643362,19.362747299019247,Output validation failed; timings were recorded because --benchmark-on-validation-failure was enabled,logs/allo/bf16/allo_bf16_M2048_N256_K1024_m64_n64_k64_4col.log
allo_bf16_M2048_N256_K2048_m64_n64_k64_4col,xdna1,npu1,npu1_4col,0,allo,failed,failed,True,bf16,2048,256,2048,64,64,64,4,20,200,200,190,10,1227.0,1240.0,13.0,1207.5,1259.5,1247.735,1233.0,1211.0,2021.0,89.4642094638968,1721.10556167776,1232.0947368421052,1232.0,1211.0,1257.0,8.895976245011031,1742.9533491102018,25.952920703217387,Output validation failed; timings were recorded because --benchmark-on-validation-failure was enabled,logs/allo/bf16/allo_bf16_M2048_N256_K2048_m64_n64_k64_4col.log
allo_bf16_M2048_N512_K256_m64_n64_k64_4col,xdna1,npu1,npu1_4col,0,allo,success,passed,False,bf16,2048,512,256,64,64,64,4,20,200,200,189,11,521.0,529.0,8.0,509.0,541.0,526.325,524.0,511.0,606.0,12.319471376645996,1020.0368821545622,524.1587301587301,523.0,511.0,541.0,6.109771034270175,1024.2525424262615,17.989715088158846,,logs/allo/bf16/allo_bf16_M2048_N512_K256_m64_n64_k64_4col.log
allo_bf16_M2048_N512_K512_m64_n64_k64_4col,xdna1,npu1,npu1_4col,0,allo,success,passed,False,bf16,2048,512,512,64,64,64,4,20,200,200,179,21,681.0,692.0,11.0,664.5,708.5,692.385,685.0,671.0,894.0,24.88487040352029,1550.7872412025101,685.5083798882681,684.0,671.0,706.0,6.756225116303138,1566.343834009747,21.04459589999169,,logs/allo/bf16/allo_bf16_M2048_N512_K512_m64_n64_k64_4col.log
allo_bf16_M2048_N512_K1024_m64_n64_k64_4col,xdna1,npu1,npu1_4col,0,allo,failed,failed,True,bf16,2048,512,1024,64,64,64,4,20,200,200,182,18,1237.0,1250.0,13.0,1217.5,1269.5,1247.93,1243.0,1216.0,1457.0,24.653095140367263,1720.8366238490942,1242.39010989011,1242.0,1222.0,1269.0,9.116252301899076,1728.5099349269178,26.34726088307798,Output validation failed; timings were recorded because --benchmark-on-validation-failure was enabled,logs/allo/bf16/allo_bf16_M2048_N512_K1024_m64_n64_k64_4col.log
allo_bf16_M2048_N512_K2048_m64_n64_k64_4col,xdna1,npu1,npu1_4col,0,allo,failed,failed,True,bf16,2048,512,2048,64,64,64,4,20,200,200,197,3,2254.0,2321.25,67.25,2153.125,2422.125,2299.175,2307.0,2236.0,3101.0,80.78573125868206,1868.0471456065764,2291.1522842639592,2306.0,2236.0,2391.0,36.41494027858343,1874.5883132686545,38.73256585421041,Output validation failed; timings were recorded because --benchmark-on-validation-failure was enabled,logs/allo/bf16/allo_bf16_M2048_N512_K2048_m64_n64_k64_4col.log
allo_bf16_M2048_N1024_K256_m64_n64_k64_4col,xdna1,npu1,npu1_4col,0,allo,success,passed,False,bf16,2048,1024,256,64,64,64,4,20,200,200,178,22,952.0,965.0,13.0,932.5,984.5,967.02,957.0,932.0,1535.0,47.474620588268,1110.361547848028,957.129213483146,956.5,939.0,980.0,8.38471994731335,1121.835807406277,28.22134843468666,,logs/allo/bf16/allo_bf16_M2048_N1024_K256_m64_n64_k64_4col.log
allo_bf16_M2048_N1024_K512_m64_n64_k64_4col,xdna1,npu1,npu1_4col,0,allo,success,passed,False,bf16,2048,1024,512,64,64,64,4,20,200,200,194,6,1221.0,1229.0,8.0,1209.0,1241.0,1225.705,1225.0,1206.0,1305.0,10.125609858176444,1752.0395592740504,1224.8041237113403,1225.0,1209.0,1241.0,6.7222344948128825,1753.328231368786,32.94511935766786,,logs/allo/bf16/allo_bf16_M2048_N1024_K512_m64_n64_k64_4col.log
allo_bf16_M2048_N1024_K1024_m64_n64_k64_4col,xdna1,npu1,npu1_4col,0,allo,failed,failed,True,bf16,2048,1024,1024,64,64,64,4,20,200,200,196,4,2254.0,2319.0,65.0,2156.5,2416.5,2289.35,2261.0,2228.0,3039.0,85.49127148428663,1876.0640775766046,2279.265306122449,2261.0,2228.0,2414.0,35.213648507827465,1884.364792665019,44.31589734368026,Output validation failed; timings were recorded because --benchmark-on-validation-failure was enabled,logs/allo/bf16/allo_bf16_M2048_N1024_K1024_m64_n64_k64_4col.log
allo_bf16_M2048_N1024_K2048_m64_n64_k64_4col,xdna1,npu1,npu1_4col,0,allo,failed,failed,True,bf16,2048,1024,2048,64,64,64,4,20,200,200,196,4,4311.75,4364.0,52.25,4233.375,4442.375,4343.595,4336.0,4281.0,4528.0,41.03268179146959,1977.6094668126286,4340.591836734694,4336.0,4281.0,4438.0,35.26411621669786,1978.9777327835475,70.96657550614327,Output validation failed; timings were recorded because --benchmark-on-validation-failure was enabled,logs/allo/bf16/allo_bf16_M2048_N1024_K2048_m64_n64_k64_4col.log
allo_bf16_M2048_N2048_K256_m64_n64_k64_4col,xdna1,npu1,npu1_4col,0,allo,success,passed,False,bf16,2048,2048,256,64,64,64,4,20,200,200,192,8,1770.0,1838.25,68.25,1667.625,1940.625,1809.84,1793.5,1745.0,2050.0,52.332823352079906,1186.5599434204128,1802.9791666666667,1788.5,1745.0,1927.0,40.3826693352345,1191.075131483771,57.26650408701971,,logs/allo/bf16/allo_bf16_M2048_N2048_K256_m64_n64_k64_4col.log
allo_bf16_M2048_N2048_K512_m64_n64_k64_4col,xdna1,npu1,npu1_4col,0,allo,success,passed,False,bf16,2048,2048,512,64,64,64,4,20,200,200,172,28,2267.0,2281.0,14.0,2246.0,2302.0,2281.27,2274.0,2243.0,2400.0,26.265511607429236,1882.7088840864956,2272.3313953488373,2272.0,2252.0,2301.0,8.892154389174122,1890.1148418717587,67.05343586485833,,logs/allo/bf16/allo_bf16_M2048_N2048_K512_m64_n64_k64_4col.log
allo_bf16_M2048_N2048_K1024_m64_n64_k64_4col,xdna1,npu1,npu1_4col,0,allo,failed,failed,True,bf16,2048,2048,1024,64,64,64,4,20,200,200,196,4,4432.0,4497.5,65.5,4333.75,4595.75,4470.27,4468.0,4386.0,4616.0,46.81193330765137,1921.5695230936833,4467.515306122449,4466.5,4386.0,4588.0,43.07628224734846,1922.7543731586177,92.3023177748546,Output validation failed; timings were recorded because --benchmark-on-validation-failure was enabled,logs/allo/bf16/allo_bf16_M2048_N2048_K1024_m64_n64_k64_4col.log
allo_bf16_M2048_N2048_K2048_m64_n64_k64_4col,xdna1,npu1,npu1_4col,0,allo,failed,failed,True,bf16,2048,2048,2048,64,64,64,4,20,200,200,199,1,9147.5,9470.0,322.5,8663.75,9953.75,9317.53,9285.5,8907.0,9963.0,226.3763660367398,1843.8222558982907,9314.286432160805,9283.0,8907.0,9937.0,222.26027878245912,1844.4643407873461,164.6648458307609,Output validation failed; timings were recorded because --benchmark-on-validation-failure was enabled,logs/allo/bf16/allo_bf16_M2048_N2048_K2048_m64_n64_k64_4col.log
mlir-aie_int16_M256_N256_K256_m64_n64_k64_4col,xdna1,npu1,npu,0,mlir-aie,success,passed,False,int16,256,256,256,64,64,64,4,20,200,200,183,17,168.0,175.0,7.0,157.5,185.5,172.745,171.0,160.0,200.0,7.068237050354211,194.24256563142202,171.02732240437157,171.0,160.0,184.0,4.238042250862907,196.19340072848107,10.681335666682571,,logs/mlir-aie/int16/mlir-aie_int16_M256_N256_K256_m64_n64_k64_4col.log
mlir-aie_int16_M256_N256_K512_m64_n64_k64_4col,xdna1,npu1,npu,0,mlir-aie,success,passed,False,int16,256,256,512,64,64,64,4,20,200,200,189,11,192.0,199.0,7.0,181.5,209.5,196.4,193.5,183.0,291.0,10.786102168995063,341.69482688391037,194.6031746031746,193.0,183.0,209.0,4.834421385598787,344.84979053833604,3.420850984752178,,logs/mlir-aie/int16/mlir-aie_int16_M256_N256_K512_m64_n64_k64_4col.log
mlir-aie_int16_M256_N256_K1024_m64_n64_k64_4col,xdna1,npu1,npu,0,mlir-aie,success,passed,False,int16,256,256,1024,64,64,64,4,20,200,200,188,12,236.0,244.0,8.0,224.0,256.0,243.88,240.0,228.0,396.0,19.55161374413887,550.3433163851074,239.9787234042553,239.0,228.0,256.0,5.149837269489027,559.290115790407,3.528139387257397,,logs/mlir-aie/int16/mlir-aie_int16_M256_N256_K1024_m64_n64_k64_4col.log
mlir-aie_int16_M256_N256_K2048_m64_n64_k64_4col,xdna1,npu1,npu,0,mlir-aie,success,passed,False,int16,256,256,2048,64,64,64,4,20,200,200,194,6,322.0,334.0,12.0,304.0,352.0,329.195,327.0,312.0,396.0,11.294112404257362,815.4299305882531,327.9381443298969,326.0,312.0,352.0,8.525661002266078,818.5551471864194,3.594311690889299,,logs/mlir-aie/int16/mlir-aie_int16_M256_N256_K2048_m64_n64_k64_4col.log
mlir-aie_int16_M256_N512_K256_m64_n64_k64_4col,xdna1,npu1,npu,0,mlir-aie,success,passed,False,int16,256,512,256,64,64,64,4,20,200,200,183,17,191.0,200.0,9.0,177.5,213.5,198.09,194.0,183.0,295.0,14.095811434607091,338.7796658084709,194.8306010928962,194.0,183.0,213.0,6.093868921834596,344.4472460873955,3.844394234009087,,logs/mlir-aie/int16/mlir-aie_int16_M256_N512_K256_m64_n64_k64_4col.log
mlir-aie_int16_M256_N512_K512_m64_n64_k64_4col,xdna1,npu1,npu,0,mlir-aie,success,passed,False,int16,256,512,512,64,64,64,4,20,200,200,189,11,236.0,246.0,10.0,221.0,261.0,243.865,239.0,225.0,355.0,17.489904945424946,550.3771676952413,240.48677248677248,238.0,225.0,261.0,7.033260712487845,558.1085671037579,3.9136219075880945,,logs/mlir-aie/int16/mlir-aie_int16_M256_N512_K512_m64_n64_k64_4col.log
mlir-aie_int16_M256_N512_K1024_m64_n64_k64_4col,xdna1,npu1,npu,0,mlir-aie,success,passed,False,int16,256,512,1024,64,64,64,4,20,200,200,180,20,327.0,339.0,12.0,309.0,357.0,337.51,331.5,315.0,451.0,20.709657167611443,795.3407484222689,331.5,330.5,315.0,357.0,8.259338149432233,809.76004826546,4.093958193901926,,logs/mlir-aie/int16/mlir-aie_int16_M256_N512_K1024_m64_n64_k64_4col.log
mlir-aie_int16_M256_N512_K2048_m64_n64_k64_4col,xdna1,npu1,npu,0,mlir-aie,success,passed,False,int16,256,512,2048,64,64,64,4,20,200,200,191,9,497.0,508.0,11.0,480.5,524.5,504.14,503.0,485.0,578.0,12.227444540867891,1064.9242512000635,502.25130890052355,503.0,485.0,522.0,7.748648648532366,1068.928845950172,4.2708875383250415,,logs/mlir-aie/int16/mlir-aie_int16_M256_N512_K2048_m64_n64_k64_4col.log
mlir-aie_int16_M256_N1024_K256_m64_n64_k64_4col,xdna1,npu1,npu,0,mlir-aie,success,passed,False,int16,256,1024,256,64,64,64,4,20,200,200,184,16,236.0,245.25,9.25,222.125,259.125,243.58,240.0,230.0,367.0,15.107402159206591,551.0211347401264,240.41847826086956,240.0,230.0,259.0,6.312847998979784,558.2671056355539,3.388716702349484,,logs/mlir-aie/int16/mlir-aie_int16_M256_N1024_K256_m64_n64_k64_4col.log
mlir-aie_int16_M256_N1024_K512_m64_n64_k64_4col,xdna1,npu1,npu,0,mlir-aie,success,passed,False,int16,256,1024,512,64,64,64,4,20,200,200,183,17,325.75,339.0,13.25,305.875,358.875,336.08,332.0,316.0,408.0,18.014816124512624,798.7248750297548,331.3114754098361,331.0,316.0,355.0,8.094809070555005,810.2208221672438,3.479114771820605,,logs/mlir-aie/int16/mlir-aie_int16_M256_N1024_K512_m64_n64_k64_4col.log
mlir-aie_int16_M256_N1024_K1024_m64_n64_k64_4col,xdna1,npu1,npu,0,mlir-aie,success,passed,False,int16,256,1024,1024,64,64,64,4,20,200,200,185,15,495.75,511.0,15.25,472.875,533.875,510.55,504.0,480.0,1140.0,49.504418994671575,1051.554033885026,502.55135135135134,503.0,480.0,532.0,10.217039863838005,1068.2906543905692,3.7957667829468846,,logs/mlir-aie/int16/mlir-aie_int16_M256_N1024_K1024_m64_n64_k64_4col.log
mlir-aie_int16_M256_N1024_K2048_m64_n64_k64_4col,xdna1,npu1,npu,0,mlir-aie,success,passed,False,int16,256,1024,2048,64,64,64,4,20,200,200,181,19,843.0,850.0,7.0,832.5,860.5,848.74,846.0,831.0,904.0,12.29115128863037,1265.1010014845535,846.1160220994475,846.0,833.0,859.0,6.03972280652201,1269.0243370356586,4.204284512903541,,logs/mlir-aie/int16/mlir-aie_int16_M256_N1024_K2048_m64_n64_k64_4col.log
mlir-aie_int16_M256_N2048_K256_m64_n64_k64_4col,xdna1,npu1,npu,0,mlir-aie,success,passed,False,int16,256,2048,256,64,64,64,4,20,200,200,188,12,328.0,340.0,12.0,310.0,358.0,337.03,334.0,319.0,413.0,14.508931731867788,796.4734771385337,333.98936170212767,333.0,319.0,357.0,7.47975235801672,803.7245696448479,3.8337802696041763,,logs/mlir-aie/int16/mlir-aie_int16_M256_N2048_K256_m64_n64_k64_4col.log
mlir-aie_int16_M256_N2048_K512_m64_n64_k64_4col,xdna1,npu1,npu,0,mlir-aie,success,passed,False,int16,256,2048,512,64,64,64,4,20,200,200,199,1,499.0,513.0,14.0,478.0,534.0,505.665,505.0,483.0,547.0,10.426062295996509,1061.7126200152275,505.4572864321608,505.0,483.0,530.0,10.030953835383993,1062.1489221959318,4.352802956011146,,logs/mlir-aie/int16/mlir-aie_int16_M256_N2048_K512_m64_n64_k64_4col.log
mlir-aie_int16_M256_N2048_K1024_m64_n64_k64_4col,xdna1,npu1,npu,0,mlir-aie,success,passed,False,int16,256,2048,1024,64,64,64,4,20,200,200,193,7,853.0,862.0,9.0,839.5,875.5,857.705,858.0,834.0,906.0,8.293248760286888,1251.8777714948612,857.3782383419689,858.0,840.0,874.0,6.492478151232346,1252.3548837400438,5.461287857964635,,logs/mlir-aie/int16/mlir-aie_int16_M256_N2048_K1024_m64_n64_k64_4col.log
mlir-aie_int16_M256_N2048_K2048_m64_n64_k64_4col,xdna1,npu1,npu,0,mlir-aie,success,passed,False,int16,256,2048,2048,64,64,64,4,20,200,200,183,17,1536.0,1550.0,14.0,1515.0,1571.0,1554.0,1543.0,1525.0,1996.0,53.41769369787505,1381.9071093951095,1542.5245901639344,1542.0,1525.0,1571.0,9.0992221322083,1392.1876265011585,7.737203584983945,,logs/mlir-aie/int16/mlir-aie_int16_M256_N2048_K2048_m64_n64_k64_4col.log
mlir-aie_int16_M512_N256_K256_m64_n64_k64_4col,xdna1,npu1,npu,0,mlir-aie,success,passed,False,int16,512,256,256,64,64,64,4,20,200,200,178,22,196.0,203.25,7.25,185.125,214.125,202.145,199.0,189.0,278.0,12.21818214793019,331.983793811373,198.77528089887642,198.0,189.0,214.0,5.09075568657755,337.61171759651796,4.068506116978824,,logs/mlir-aie/int16/mlir-aie_int16_M512_N256_K256_m64_n64_k64_4col.log
mlir-aie_int16_M512_N256_K512_m64_n64_k64_4col,xdna1,npu1,npu,0,mlir-aie,success,passed,False,int16,512,256,512,64,64,64,4,20,200,200,190,10,240.75,250.25,9.5,226.5,264.5,248.665,244.0,233.0,394.0,20.920391368232096,539.7531940562604,244.6421052631579,244.0,233.0,264.0,6.05225628127088,548.6288954864249,4.162065133918077,,logs/mlir-aie/int16/mlir-aie_int16_M512_N256_K512_m64_n64_k64_4col.log
mlir-aie_int16_M512_N256_K1024_m64_n64_k64_4col,xdna1,npu1,npu,0,mlir-aie,success,passed,False,int16,512,256,1024,64,64,64,4,20,200,200,175,25,332.0,344.0,12.0,314.0,362.0,344.0,338.0,317.0,469.0,22.162806681465234,780.3356279069767,336.4342857142857,337.0,317.0,354.0,7.1165779439737085,797.8837692778043,4.334764213766903,,logs/mlir-aie/int16/mlir-aie_int16_M512_N256_K1024_m64_n64_k64_4col.log
mlir-aie_int16_M512_N256_K2048_m64_n64_k64_4col,xdna1,npu1,npu,0,mlir-aie,success,passed,False,int16,512,256,2048,64,64,64,4,20,200,200,188,12,504.0,513.25,9.25,490.125,527.125,512.275,508.0,494.0,608.0,18.5972948301628,1048.0131023376116,508.11170212765956,508.0,494.0,526.0,6.800600042095452,1056.6001722690396,4.457369292154908,,logs/mlir-aie/int16/mlir-aie_int16_M512_N256_K2048_m64_n64_k64_4col.log
mlir-aie_int16_M512_N512_K256_m64_n64_k64_4col,xdna1,npu1,npu,0,mlir-aie,success,passed,False,int16,512,512,256,64,64,64,4,20,200,200,196,4,242.0,253.0,11.0,225.5,269.5,248.555,246.0,235.0,334.0,10.063149357929653,539.9920661423025,247.6734693877551,246.0,235.0,269.0,7.211492401523151,541.9140303230059,3.5620625419542193,,logs/mlir-aie/int16/mlir-aie_int16_M512_N512_K256_m64_n64_k64_4col.log
mlir-aie_int16_M512_N512_K512_m64_n64_k64_4col,xdna1,npu1,npu,0,mlir-aie,success,passed,False,int16,512,512,512,64,64,64,4,20,200,200,184,16,332.75,343.0,10.25,317.375,358.375,341.35,336.5,320.0,445.0,17.73605085694107,786.3936018749084,336.7717391304348,336.0,320.0,354.0,6.869281433323863,797.0842704709033,3.7169973817653954,,logs/mlir-aie/int16/mlir-aie_int16_M512_N512_K512_m64_n64_k64_4col.log
mlir-aie_int16_M512_N512_K1024_m64_n64_k64_4col,xdna1,npu1,npu,0,mlir-aie,success,passed,False,int16,512,512,1024,64,64,64,4,20,200,200,190,10,504.0,512.25,8.25,491.625,524.625,510.82,510.0,496.0,610.0,13.029873368532789,1050.9982224658393,508.55263157894734,509.0,496.0,523.0,6.009191943317699,1055.684070168176,3.9172176769934595,,logs/mlir-aie/int16/mlir-aie_int16_M512_N512_K1024_m64_n64_k64_4col.log
mlir-aie_int16_M512_N512_K2048_m64_n64_k64_4col,xdna1,npu1,npu,0,mlir-aie,success,passed,False,int16,512,512,2048,64,64,64,4,20,200,200,172,28,842.0,858.25,16.25,817.625,882.625,861.375,849.0,832.0,1526.0,55.58924693679525,1246.5439837469162,847.8197674418604,847.0,832.0,876.0,8.3259934775243,1266.4741555151725,4.267201200127602,,logs/mlir-aie/int16/mlir-aie_int16_M512_N512_K2048_m64_n64_k64_4col.log
mlir-aie_int16_M512_N1024_K256_m64_n64_k64_4col,xdna1,npu1,npu,0,mlir-aie,success,passed,False,int16,512,1024,256,64,64,64,4,20,200,200,192,8,339.0,350.0,11.0,322.5,366.5,344.24,343.0,324.0,390.0,10.901944780634325,779.791587264699,342.90625,343.0,324.0,366.0,8.765555369598665,782.8246233482183,3.6513355751521885,,logs/mlir-aie/int16/mlir-aie_int16_M512_N1024_K256_m64_n64_k64_4col.log
mlir-aie_int16_M512_N1024_K512_m64_n64_k64_4col,xdna1,npu1,npu,0,mlir-aie,success,passed,False,int16,512,1024,512,64,64,64,4,20,200,200,188,12,510.0,521.0,11.0,493.5,537.5,517.865,517.0,496.0,608.0,15.018214774066857,1036.7005146128818,514.813829787234,516.0,496.0,534.0,7.2502692695972275,1042.844774045565,3.8308547432534397,,logs/mlir-aie/int16/mlir-aie_int16_M512_N1024_K512_m64_n64_k64_4col.log
mlir-aie_int16_M512_N1024_K1024_m64_n64_k64_4col,xdna1,npu1,npu,0,mlir-aie,success,passed,False,int16,512,1024,1024,64,64,64,4,20,200,200,177,23,850.0,856.0,6.0,841.0,865.0,861.06,852.0,832.0,1453.0,47.64059613396961,1247.000004645437,852.542372881356,852.0,841.0,865.0,4.5085807727180995,1259.4586007157059,4.341067770961672,,logs/mlir-aie/int16/mlir-aie_int16_M512_N1024_K1024_m64_n64_k64_4col.log
mlir-aie_int16_M512_N1024_K2048_m64_n64_k64_4col,xdna1,npu1,npu,0,mlir-aie,success,passed,False,int16,512,1024,2048,64,64,64,4,20,200,200,187,13,1529.0,1541.0,12.0,1511.0,1559.0,1542.485,1535.0,1511.0,2086.0,51.612883808212075,1392.2233590602177,1534.7540106951872,1535.0,1511.0,1559.0,8.099212509411819,1399.2363812278093,5.305828298907727,,logs/mlir-aie/int16/mlir-aie_int16_M512_N1024_K2048_m64_n64_k64_4col.log
mlir-aie_int16_M512_N2048_K256_m64_n64_k64_4col,xdna1,npu1,npu,0,mlir-aie,success,passed,False,int16,512,2048,256,64,64,64,4,20,200,200,192,8,513.0,525.0,12.0,495.0,543.0,520.785,518.0,499.0,602.0,14.48339652843904,1030.8878174294575,518.5260416666666,518.0,499.0,543.0,8.704605399725512,1035.3788794760792,4.551034762058407,,logs/mlir-aie/int16/mlir-aie_int16_M512_N2048_K256_m64_n64_k64_4col.log
mlir-aie_int16_M512_N2048_K512_m64_n64_k64_4col,xdna1,npu1,npu,0,mlir-aie,success,passed,False,int16,512,2048,512,64,64,64,4,20,200,200,194,6,858.0,866.0,8.0,846.0,878.0,861.74,862.0,845.0,883.0,6.87258321157336,1246.0159955438996,861.4948453608248,862.0,846.0,878.0,6.104964536047364,1246.3705729432177,5.619000541977584,,logs/mlir-aie/int16/mlir-aie_int16_M512_N2048_K512_m64_n64_k64_4col.log
mlir-aie_int16_M512_N2048_K1024_m64_n64_k64_4col,xdna1,npu1,npu,0,mlir-aie,success,passed,False,int16,512,2048,1024,64,64,64,4,20,200,200,175,25,1534.0,1540.0,6.0,1525.0,1549.0,1537.035,1537.0,1515.0,1599.0,9.308263801590499,1397.1598877058752,1536.6971428571428,1537.0,1525.0,1549.0,5.19062262790372,1397.467066286879,7.745783647056669,,logs/mlir-aie/int16/mlir-aie_int16_M512_N2048_K1024_m64_n64_k64_4col.log
mlir-aie_int16_M512_N2048_K2048_m64_n64_k64_4col,xdna1,npu1,npu,0,mlir-aie,success,passed,False,int16,512,2048,2048,64,64,64,4,20,200,200,200,0,2899.0,2984.25,85.25,2771.125,3112.125,2939.94,2912.0,2884.0,3108.0,50.434377164787115,1460.9030442798153,2939.94,2912.0,2884.0,3108.0,50.434377164787115,1460.9030442798153,4.550225574988872,,logs/mlir-aie/int16/mlir-aie_int16_M512_N2048_K2048_m64_n64_k64_4col.log
mlir-aie_int16_M1024_N256_K256_m64_n64_k64_4col,xdna1,npu1,npu,0,mlir-aie,success,passed,False,int16,1024,256,256,64,64,64,4,20,200,200,178,22,239.0,247.0,8.0,227.0,259.0,248.115,242.0,234.0,377.0,20.99742305617525,540.9496725308828,242.70224719101122,241.0,234.0,259.0,5.191403385158576,553.0139483808246,4.0126208695583045,,logs/mlir-aie/int16/mlir-aie_int16_M1024_N256_K256_m64_n64_k64_4col.log
mlir-aie_int16_M1024_N256_K512_m64_n64_k64_4col,xdna1,npu1,npu,0,mlir-aie,success,passed,False,int16,1024,256,512,64,64,64,4,20,200,200,185,15,329.75,344.0,14.25,308.375,365.375,339.185,336.0,320.0,409.0,16.35820207113239,791.4131108392176,335.1675675675676,335.0,320.0,360.0,8.215938828887982,800.8992574912105,4.059576280880719,,logs/mlir-aie/int16/mlir-aie_int16_M1024_N256_K512_m64_n64_k64_4col.log
mlir-aie_int16_M1024_N256_K1024_m64_n64_k64_4col,xdna1,npu1,npu,0,mlir-aie,success,passed,False,int16,1024,256,1024,64,64,64,4,20,200,200,189,11,503.0,512.25,9.25,489.125,526.125,510.145,510.0,491.0,624.0,13.276444365868446,1052.3888541493104,507.968253968254,509.0,491.0,525.0,7.25711091662068,1056.89855184051,4.279335063882172,,logs/mlir-aie/int16/mlir-aie_int16_M1024_N256_K1024_m64_n64_k64_4col.log
mlir-aie_int16_M1024_N256_K2048_m64_n64_k64_4col,xdna1,npu1,npu,0,mlir-aie,success,passed,False,int16,1024,256,2048,64,64,64,4,20,200,200,184,16,854.0,868.0,14.0,833.0,889.0,864.87,860.0,840.0,967.0,19.79098532160539,1241.506612554488,859.7989130434783,860.0,840.0,887.0,8.265814809847813,1248.8290084005992,4.587763932067901,,logs/mlir-aie/int16/mlir-aie_int16_M1024_N256_K2048_m64_n64_k64_4col.log
mlir-aie_int16_M1024_N512_K256_m64_n64_k64_4col,xdna1,npu1,npu,0,mlir-aie,success,passed,False,int16,1024,512,256,64,64,64,4,20,200,200,183,17,336.0,348.25,12.25,317.625,366.625,345.5,343.0,321.0,482.0,18.785898967044403,776.9477742402315,341.0109289617486,341.0,321.0,365.0,8.584513360047461,787.1755219613814,4.082539556082338,,logs/mlir-aie/int16/mlir-aie_int16_M1024_N512_K256_m64_n64_k64_4col.log
mlir-aie_int16_M1024_N512_K512_m64_n64_k64_4col,xdna1,npu1,npu,0,mlir-aie,success,passed,False,int16,1024,512,512,64,64,64,4,20,200,200,173,27,511.0,521.0,10.0,496.0,536.0,524.15,516.0,496.0,754.0,29.474353258383804,1024.269602213107,514.7976878612717,515.0,496.0,532.0,6.20083859476216,1042.877473343813,4.270293410401791,,logs/mlir-aie/int16/mlir-aie_int16_M1024_N512_K512_m64_n64_k64_4col.log
mlir-aie_int16_M1024_N512_K1024_m64_n64_k64_4col,xdna1,npu1,npu,0,mlir-aie,success,passed,False,int16,1024,512,1024,64,64,64,4,20,200,200,155,45,849.75,853.25,3.5,844.5,858.5,856.59,851.5,831.0,984.0,19.961760944365604,1253.507306879604,850.9483870967742,851.0,845.0,858.0,2.360408790147948,1261.8178026793632,4.628817799966782,,logs/mlir-aie/int16/mlir-aie_int16_M1024_N512_K1024_m64_n64_k64_4col.log
mlir-aie_int16_M1024_N512_K2048_m64_n64_k64_4col,xdna1,npu1,npu,0,mlir-aie,success,passed,False,int16,1024,512,2048,64,64,64,4,20,200,200,186,14,1531.0,1540.25,9.25,1517.125,1554.125,1538.505,1536.0,1514.0,1652.0,16.93369348370284,1395.8249391454692,1535.2956989247311,1536.0,1519.0,1553.0,7.188228339587012,1398.7426979076567,5.5655636517331,,logs/mlir-aie/int16/mlir-aie_int16_M1024_N512_K2048_m64_n64_k64_4col.log
mlir-aie_int16_M1024_N1024_K256_m64_n64_k64_4col,xdna1,npu1,npu,0,mlir-aie,success,passed,False,int16,1024,1024,256,64,64,64,4,20,200,200,187,13,513.0,524.0,11.0,496.5,540.5,521.495,518.0,495.0,637.0,17.951879428071035,1029.4842941926577,517.9251336898395,518.0,500.0,538.0,8.022345754156905,1036.5801485152606,4.2854042812250555,,logs/mlir-aie/int16/mlir-aie_int16_M1024_N1024_K256_m64_n64_k64_4col.log
mlir-aie_int16_M1024_N1024_K512_m64_n64_k64_4col,xdna1,npu1,npu,0,mlir-aie,success,passed,False,int16,1024,1024,512,64,64,64,4,20,200,200,162,38,858.0,874.0,16.0,834.0,898.0,877.18,861.0,842.0,1352.0,47.123535521011156,1224.0837958001778,861.0679012345679,860.0,842.0,897.0,8.405705398686338,1246.9885620640464,4.65881448565051,,logs/mlir-aie/int16/mlir-aie_int16_M1024_N1024_K512_m64_n64_k64_4col.log
mlir-aie_int16_M1024_N1024_K1024_m64_n64_k64_4col,xdna1,npu1,npu,0,mlir-aie,success,passed,False,int16,1024,1024,1024,64,64,64,4,20,200,200,178,22,1533.0,1547.0,14.0,1512.0,1568.0,1549.965,1539.0,1518.0,1834.0,40.681614704925366,1385.5046068782199,1538.6966292134832,1537.0,1518.0,1567.0,8.226982865228573,1395.6511031662576,5.56935871206224,,logs/mlir-aie/int16/mlir-aie_int16_M1024_N1024_K1024_m64_n64_k64_4col.log
mlir-aie_int16_M1024_N1024_K2048_m64_n64_k64_4col,xdna1,npu1,npu,0,mlir-aie,success,passed,False,int16,1024,1024,2048,64,64,64,4,20,200,200,195,5,2953.75,2986.75,33.0,2904.25,3036.25,2971.725,2957.0,2907.0,3088.0,33.177543233337815,1445.277505825741,2969.097435897436,2957.0,2907.0,3036.0,29.131280986028,1446.5565340067083,7.725916868075728,,logs/mlir-aie/int16/mlir-aie_int16_M1024_N1024_K2048_m64_n64_k64_4col.log
mlir-aie_int16_M1024_N2048_K256_m64_n64_k64_4col,xdna1,npu1,npu,0,mlir-aie,success,passed,False,int16,1024,2048,256,64,64,64,4,20,200,200,181,19,868.0,877.0,9.0,854.5,890.5,875.24,872.5,849.0,964.0,16.752384904842653,1226.7970202458755,871.756906077348,872.0,857.0,888.0,6.565144807180176,1231.6986725479758,5.989431885071099,,logs/mlir-aie/int16/mlir-aie_int16_M1024_N2048_K256_m64_n64_k64_4col.log
mlir-aie_int16_M1024_N2048_K512_m64_n64_k64_4col,xdna1,npu1,npu,0,mlir-aie,success,passed,False,int16,1024,2048,512,64,64,64,4,20,200,200,168,32,1542.0,1562.25,20.25,1511.625,1592.625,1559.625,1548.0,1528.0,1665.0,29.20144474165619,1376.9230731746413,1548.5238095238096,1545.5,1528.0,1592.0,12.874371173248656,1386.7940775546601,8.164994729217142,,logs/mlir-aie/int16/mlir-aie_int16_M1024_N2048_K512_m64_n64_k64_4col.log
mlir-aie_int16_M1024_N2048_K1024_m64_n64_k64_4col,xdna1,npu1,npu,0,mlir-aie,success,passed,False,int16,1024,2048,1024,64,64,64,4,20,200,200,188,12,2904.0,2957.25,53.25,2824.125,3037.125,2942.355,2927.5,2884.0,3609.0,65.87472182104453,1459.7039772563135,2931.1063829787236,2922.5,2884.0,3037.0,33.078715945745,1465.3058384169801,4.769664065912366,,logs/mlir-aie/int16/mlir-aie_int16_M1024_N2048_K1024_m64_n64_k64_4col.log
mlir-aie_int16_M1024_N2048_K2048_m64_n64_k64_4col,xdna1,npu1,npu,0,mlir-aie,success,passed,False,int16,1024,2048,2048,64,64,64,4,20,200,200,191,9,5737.75,5856.75,119.0,5559.25,6035.25,5805.925,5797.0,5607.0,6295.0,107.48790338917212,1479.5118076792241,5791.476439790576,5793.0,5607.0,6035.0,84.25204159531897,1483.2028898507647,5.790324013214558,,logs/mlir-aie/int16/mlir-aie_int16_M1024_N2048_K2048_m64_n64_k64_4col.log
mlir-aie_int16_M2048_N256_K256_m64_n64_k64_4col,xdna1,npu1,npu,0,mlir-aie,success,passed,False,int16,2048,256,256,64,64,64,4,20,200,200,183,17,340.0,349.0,9.0,326.5,362.5,347.465,344.0,325.0,511.0,18.936704438734846,772.553943562661,343.24043715846994,343.0,329.0,359.0,6.260039266024708,782.0624464362473,5.01138094579801,,logs/mlir-aie/int16/mlir-aie_int16_M2048_N256_K256_m64_n64_k64_4col.log
mlir-aie_int16_M2048_N256_K512_m64_n64_k64_4col,xdna1,npu1,npu,0,mlir-aie,success,passed,False,int16,2048,256,512,64,64,64,4,20,200,200,195,5,507.0,520.0,13.0,487.5,539.5,514.07,513.0,493.0,593.0,11.962236412978971,1044.3537105841615,512.8307692307692,512.0,493.0,538.0,8.7739168765724,1046.8773408531831,5.140264448244125,,logs/mlir-aie/int16/mlir-aie_int16_M2048_N256_K512_m64_n64_k64_4col.log
mlir-aie_int16_M2048_N256_K1024_m64_n64_k64_4col,xdna1,npu1,npu,0,mlir-aie,success,passed,False,int16,2048,256,1024,64,64,64,4,20,200,200,173,27,856.0,867.0,11.0,839.5,883.5,870.83,860.0,836.0,1529.0,52.647517510325216,1233.0096850131483,860.0462427745665,860.0,840.0,883.0,7.305722698621471,1248.4698735919562,5.487376365810633,,logs/mlir-aie/int16/mlir-aie_int16_M2048_N256_K1024_m64_n64_k64_4col.log
mlir-aie_int16_M2048_N256_K2048_m64_n64_k64_4col,xdna1,npu1,npu,0,mlir-aie,success,passed,False,int16,2048,256,2048,64,64,64,4,20,200,200,190,10,1531.0,1541.0,10.0,1516.0,1556.0,1538.335,1537.0,1511.0,1629.0,13.665751900279764,1395.9791904884178,1536.3526315789475,1537.0,1519.0,1555.0,7.127180620772005,1397.7804339053191,6.2360474481247365,,logs/mlir-aie/int16/mlir-aie_int16_M2048_N256_K2048_m64_n64_k64_4col.log
mlir-aie_int16_M2048_N512_K256_m64_n64_k64_4col,xdna1,npu1,npu,0,mlir-aie,success,passed,False,int16,2048,512,256,64,64,64,4,20,200,200,189,11,513.75,522.0,8.25,501.375,534.375,519.34,517.0,495.0,635.0,13.726048229552452,1033.7561366349596,517.5026455026455,517.0,503.0,534.0,6.416434206157706,1037.42641060036,5.178939851000905,,logs/mlir-aie/int16/mlir-aie_int16_M2048_N512_K256_m64_n64_k64_4col.log
mlir-aie_int16_M2048_N512_K512_m64_n64_k64_4col,xdna1,npu1,npu,0,mlir-aie,success,passed,False,int16,2048,512,512,64,64,64,4,20,200,200,189,11,854.0,865.0,11.0,837.5,881.5,862.32,859.0,844.0,972.0,16.937756640122092,1245.1779200296874,858.8624338624338,859.0,844.0,880.0,6.826040739077943,1250.190696048052,5.563071105163544,,logs/mlir-aie/int16/mlir-aie_int16_M2048_N512_K512_m64_n64_k64_4col.log
mlir-aie_int16_M2048_N512_K1024_m64_n64_k64_4col,xdna1,npu1,npu,0,mlir-aie,success,passed,False,int16,2048,512,1024,64,64,64,4,20,200,200,169,31,1533.0,1541.0,8.0,1521.0,1553.0,1544.065,1535.0,1516.0,1673.0,24.64205297859738,1390.7987345092338,1535.3372781065088,1534.0,1529.0,1552.0,4.844184671921016,1398.7048179071346,6.262250707950443,,logs/mlir-aie/int16/mlir-aie_int16_M2048_N512_K1024_m64_n64_k64_4col.log
mlir-aie_int16_M2048_N512_K2048_m64_n64_k64_4col,xdna1,npu1,npu,0,mlir-aie,success,passed,False,int16,2048,512,2048,64,64,64,4,20,200,200,184,16,2966.0,3000.0,34.0,2915.0,3051.0,2993.405,2997.0,2900.0,3778.0,84.67373249715641,1434.8099558863569,2981.625,2997.0,2917.0,3047.0,29.009286837598868,1440.4786973546304,5.98174663586542,,logs/mlir-aie/int16/mlir-aie_int16_M2048_N512_K2048_m64_n64_k64_4col.log
mlir-aie_int16_M2048_N1024_K256_m64_n64_k64_4col,xdna1,npu1,npu,0,mlir-aie,success,passed,False,int16,2048,1024,256,64,64,64,4,20,200,200,171,29,872.75,878.0,5.25,864.875,885.875,875.61,876.5,850.0,918.0,8.346729898589027,1226.2786217608295,875.1461988304094,877.0,865.0,885.0,4.467782676265466,1226.9285125559638,5.584138021804392,,logs/mlir-aie/int16/mlir-aie_int16_M2048_N1024_K256_m64_n64_k64_4col.log
mlir-aie_int16_M2048_N1024_K512_m64_n64_k64_4col,xdna1,npu1,npu,0,mlir-aie,success,passed,False,int16,2048,1024,512,64,64,64,4,20,200,200,189,11,1552.0,1592.0,40.0,1492.0,1652.0,1583.215,1588.5,1538.0,1777.0,38.5861215335255,1356.406835458229,1576.4550264550264,1585.0,1538.0,1652.0,25.8652253448942,1362.2232236012755,6.375010241754353,,logs/mlir-aie/int16/mlir-aie_int16_M2048_N1024_K512_m64_n64_k64_4col.log
mlir-aie_int16_M2048_N1024_K1024_m64_n64_k64_4col,xdna1,npu1,npu,0,mlir-aie,success,passed,False,int16,2048,1024,1024,64,64,64,4,20,200,200,177,23,2965.75,3013.0,47.25,2894.875,3083.875,3005.525,3002.0,2880.0,3686.0,78.95599644738834,1429.0239795044126,2990.1581920903955,3001.0,2895.0,3082.0,38.15531526022514,1436.3679177112108,5.762687594629824,,logs/mlir-aie/int16/mlir-aie_int16_M2048_N1024_K1024_m64_n64_k64_4col.log
mlir-aie_int16_M2048_N1024_K2048_m64_n64_k64_4col,xdna1,npu1,npu,0,mlir-aie,success,passed,False,int16,2048,1024,2048,64,64,64,4,20,200,200,190,10,5716.0,5860.25,144.25,5499.625,6076.625,5806.295,5782.5,5628.0,6386.0,131.47900203074255,1479.417527356085,5785.768421052631,5776.5,5628.0,6070.0,96.24518608676148,1484.6661613250665,6.7567851790227,,logs/mlir-aie/int16/mlir-aie_int16_M2048_N1024_K2048_m64_n64_k64_4col.log
mlir-aie_int16_M2048_N2048_K256_m64_n64_k64_4col,xdna1,npu1,npu,0,mlir-aie,success,passed,False,int16,2048,2048,256,64,64,64,4,20,200,200,170,30,1560.0,1577.0,17.0,1534.5,1602.5,1575.845,1564.0,1541.0,1824.0,36.04026879755477,1362.7505547817202,1564.5764705882352,1563.0,1541.0,1601.0,11.189150701711258,1372.5654759416193,9.092771219089627,,logs/mlir-aie/int16/mlir-aie_int16_M2048_N2048_K256_m64_n64_k64_4col.log
mlir-aie_int16_M2048_N2048_K512_m64_n64_k64_4col,xdna1,npu1,npu,0,mlir-aie,success,passed,False,int16,2048,2048,512,64,64,64,4,20,200,200,197,3,2954.0,3018.0,64.0,2858.0,3114.0,2994.71,3013.0,2903.0,3573.0,64.11135546843477,1434.184711040468,2989.984771573604,3011.0,2903.0,3100.0,46.22165501645859,1436.4512277230076,7.027057232800871,,logs/mlir-aie/int16/mlir-aie_int16_M2048_N2048_K512_m64_n64_k64_4col.log
mlir-aie_int16_M2048_N2048_K1024_m64_n64_k64_4col,xdna1,npu1,npu,0,mlir-aie,success,passed,False,int16,2048,2048,1024,64,64,64,4,20,200,200,166,34,5801.0,5927.25,126.25,5611.625,6116.625,5899.595,5844.0,5603.0,6614.0,184.8805586723493,1456.0210644968001,5834.831325301205,5831.0,5615.0,6109.0,84.64387754986956,1472.182161419477,9.382821921724826,,logs/mlir-aie/int16/mlir-aie_int16_M2048_N2048_K1024_m64_n64_k64_4col.log
mlir-aie_int16_M2048_N2048_K2048_m64_n64_k64_4col,xdna1,npu1,npu,0,mlir-aie,success,passed,False,int16,2048,2048,2048,64,64,64,4,20,200,200,199,1,11263.0,11531.0,268.0,10861.0,11933.0,11416.845,11462.5,11050.0,11955.0,159.01144919470423,1504.782554549878,11414.140703517587,11462.0,11050.0,11807.0,154.75482409089727,1505.1390753143196,14.293695975560695,,logs/mlir-aie/int16/mlir-aie_int16_M2048_N2048_K2048_m64_n64_k64_4col.log
mlir-aie_int8_M256_N256_K256_m64_n128_k64_2col,xdna1,npu1,npu,0,mlir-aie,success,passed,False,int8,256,256,256,64,128,64,2,20,200,200,191,9,161.0,171.0,10.0,146.0,186.0,166.875,166.5,142.0,289.0,14.333854157204195,201.07524794007492,165.15183246073298,166.0,146.0,186.0,8.369289679004599,203.17323459294954,10.027802638243884,,logs/mlir-aie/int8/mlir-aie_int8_M256_N256_K256_m64_n128_k64_2col.log
mlir-aie_int8_M256_N256_K512_m64_n128_k64_2col,xdna1,npu1,npu,0,mlir-aie,success,passed,False,int8,256,256,512,64,128,64,2,20,200,200,161,39,177.0,186.0,9.0,163.5,199.5,183.205,181.5,156.0,308.0,21.289034149063692,366.30476242460634,182.48447204968943,182.0,164.0,199.0,5.493198041329702,367.7510927161334,2.790941049810499,,logs/mlir-aie/int8/mlir-aie_int8_M256_N256_K512_m64_n128_k64_2col.log
mlir-aie_int8_M256_N256_K1024_m64_n128_k64_2col,xdna1,npu1,npu,0,mlir-aie,success,passed,False,int8,256,256,1024,64,128,64,2,20,200,200,169,31,201.75,208.0,6.25,192.375,217.375,202.67,205.0,179.0,234.0,8.76932722619016,662.2476340849657,205.50887573964496,206.0,193.0,217.0,4.074917276098322,653.099422187671,2.8270096508786082,,logs/mlir-aie/int8/mlir-aie_int8_M256_N256_K1024_m64_n128_k64_2col.log
mlir-aie_int8_M256_N256_K2048_m64_n128_k64_2col,xdna1,npu1,npu,0,mlir-aie,success,passed,False,int8,256,256,2048,64,128,64,2,20,200,200,174,26,250.75,257.0,6.25,241.375,266.375,254.355,254.0,226.0,375.0,14.240750506907984,1055.3574964124944,254.05172413793105,255.0,242.0,264.0,4.655076627367023,1056.6173361384458,2.8665807070210576,,logs/mlir-aie/int8/mlir-aie_int8_M256_N256_K2048_m64_n128_k64_2col.log
mlir-aie_int8_M256_N512_K256_m64_n128_k64_4col,xdna1,npu1,npu,0,mlir-aie,success,passed,False,int8,256,512,256,64,128,64,4,20,200,200,183,17,161.0,167.0,6.0,152.0,176.0,164.98,163.0,151.0,251.0,9.52363376028289,406.76969329615713,163.0601092896175,162.0,153.0,175.0,4.4281382917909395,411.55905201072386,3.451384423766285,,logs/mlir-aie/int8/mlir-aie_int8_M256_N512_K256_m64_n128_k64_4col.log
mlir-aie_int8_M256_N512_K512_m64_n128_k64_4col,xdna1,npu1,npu,0,mlir-aie,success,passed,False,int8,256,512,512,64,128,64,4,20,200,200,188,12,172.0,178.0,6.0,163.0,187.0,177.3,176.0,166.0,277.0,11.419281938896159,757.0091821771009,175.30851063829786,176.0,166.0,187.0,4.21503538700645,765.6087403361855,3.4624992683529854,,logs/mlir-aie/int8/mlir-aie_int8_M256_N512_K512_m64_n128_k64_4col.log
mlir-aie_int8_M256_N512_K1024_m64_n128_k64_4col,xdna1,npu1,npu,0,mlir-aie,success,passed,False,int8,256,512,1024,64,128,64,4,20,200,200,186,14,197.0,205.25,8.25,184.625,217.625,202.645,199.0,192.0,295.0,10.76796057756528,1324.6586691011375,200.48924731182797,199.0,192.0,217.0,5.441022246726666,1338.9020089565847,3.5560903432779014,,logs/mlir-aie/int8/mlir-aie_int8_M256_N512_K1024_m64_n128_k64_4col.log
mlir-aie_int8_M256_N512_K2048_m64_n128_k64_4col,xdna1,npu1,npu,0,mlir-aie,success,passed,False,int8,256,512,2048,64,128,64,4,20,200,200,180,20,244.0,252.0,8.0,232.0,264.0,256.035,247.0,239.0,938.0,53.923684731294095,2096.865319194641,247.47222222222223,246.0,239.0,264.0,4.703935179489563,2169.418883376361,3.6760621471330523,,logs/mlir-aie/int8/mlir-aie_int8_M256_N512_K2048_m64_n128_k64_4col.log
mlir-aie_int8_M256_N1024_K256_m64_n128_k64_4col,xdna1,npu1,npu,0,mlir-aie,success,passed,False,int8,256,1024,256,64,128,64,4,20,200,200,183,17,175.0,182.0,7.0,164.5,192.5,179.12,178.0,164.0,208.0,7.467636841732463,749.3173738276016,177.81967213114754,178.0,166.0,192.0,5.408478054423408,754.7968477920161,3.8591474038548768,,logs/mlir-aie/int8/mlir-aie_int8_M256_N1024_K256_m64_n128_k64_4col.log
mlir-aie_int8_M256_N1024_K512_m64_n128_k64_4col,xdna1,npu1,npu,0,mlir-aie,success,passed,False,int8,256,1024,512,64,128,64,4,20,200,200,192,8,202.0,208.0,6.0,193.0,217.0,204.95,204.0,188.0,224.0,5.759123197154233,1309.7607026103929,204.453125,203.0,193.0,217.0,4.820517199192254,1312.9437664501338,3.9866039301268756,,logs/mlir-aie/int8/mlir-aie_int8_M256_N1024_K512_m64_n128_k64_4col.log
mlir-aie_int8_M256_N1024_K1024_m64_n128_k64_4col,xdna1,npu1,npu,0,mlir-aie,success,passed,False,int8,256,1024,1024,64,128,64,4,20,200,200,185,15,250.75,261.0,10.25,235.375,276.375,260.29,254.0,241.0,425.0,25.08377762618701,2062.5875446617233,254.48648648648648,253.0,241.0,275.0,6.595746465640305,2109.6244418011897,4.213700984604657,,logs/mlir-aie/int8/mlir-aie_int8_M256_N1024_K1024_m64_n128_k64_4col.log
mlir-aie_int8_M256_N1024_K2048_m64_n128_k64_4col,xdna1,npu1,npu,0,mlir-aie,success,passed,False,int8,256,1024,2048,64,128,64,4,20,200,200,192,8,350.0,362.0,12.0,332.0,380.0,358.74,353.0,339.0,589.0,22.1901419553819,2993.0919997769975,355.3125,353.0,339.0,378.0,7.086978228883356,3021.9646761653476,4.494463120121509,,logs/mlir-aie/int8/mlir-aie_int8_M256_N1024_K2048_m64_n128_k64_4col.log
mlir-aie_int8_M256_N2048_K256_m64_n128_k64_4col,xdna1,npu1,npu,0,mlir-aie,success,passed,False,int8,256,2048,256,64,128,64,4,20,200,200,168,32,201.0,205.0,4.0,195.0,211.0,206.085,202.0,191.0,302.0,16.84689214662455,1302.5472790353494,202.625,202.0,195.0,211.0,3.5568302836467565,1324.7894188772364,3.4923920440487564,,logs/mlir-aie/int8/mlir-aie_int8_M256_N2048_K256_m64_n128_k64_4col.log
mlir-aie_int8_M256_N2048_K512_m64_n128_k64_4col,xdna1,npu1,npu,0,mlir-aie,success,passed,False,int8,256,2048,512,64,128,64,4,20,200,200,185,15,258.0,266.0,8.0,246.0,278.0,265.45,263.0,239.0,390.0,19.42002832129758,2022.4935468073083,262.0648648648649,262.0,246.0,278.0,6.2312298129453145,2048.6184299327583,3.689469882287085,,logs/mlir-aie/int8/mlir-aie_int8_M256_N2048_K512_m64_n128_k64_4col.log
mlir-aie_int8_M256_N2048_K1024_m64_n128_k64_4col,xdna1,npu1,npu,0,mlir-aie,success,passed,False,int8,256,2048,1024,64,128,64,4,20,200,200,189,11,351.0,365.0,14.0,330.0,386.0,361.07,356.0,338.0,481.0,22.395425872262397,2973.7774503558867,356.4867724867725,355.0,338.0,383.0,9.216162743828068,3012.010281643315,4.094924240373075,,logs/mlir-aie/int8/mlir-aie_int8_M256_N2048_K1024_m64_n128_k64_4col.log
mlir-aie_int8_M256_N2048_K2048_m64_n128_k64_4col,xdna1,npu1,npu,0,mlir-aie,success,passed,False,int8,256,2048,2048,64,128,64,4,20,200,200,175,25,562.75,572.0,9.25,548.875,585.875,576.475,567.0,549.0,1199.0,50.985972335535585,3725.1982271564248,566.0514285714286,565.0,549.0,585.0,6.476567496028451,3793.7960044014176,4.846325619146228,,logs/mlir-aie/int8/mlir-aie_int8_M256_N2048_K2048_m64_n128_k64_4col.log
mlir-aie_int8_M512_N256_K256_m64_n128_k64_2col,xdna1,npu1,npu,0,mlir-aie,success,passed,False,int8,512,256,256,64,128,64,2,20,200,200,173,27,169.0,176.0,7.0,158.5,186.5,172.325,172.0,154.0,198.0,7.774276493668077,389.4319686638619,172.46820809248555,172.0,160.0,185.0,4.807914443679087,389.1086058249824,2.931105603929609,,logs/mlir-aie/int8/mlir-aie_int8_M512_N256_K256_m64_n128_k64_2col.log
mlir-aie_int8_M512_N256_K512_m64_n128_k64_2col,xdna1,npu1,npu,0,mlir-aie,success,passed,False,int8,512,256,512,64,128,64,2,20,200,200,194,6,195.0,209.0,14.0,174.0,230.0,203.075,203.0,176.0,296.0,16.05332909399169,660.9268890803891,200.9536082474227,202.0,176.0,228.0,9.779154790872752,667.9040459663972,2.9865960120223463,,logs/mlir-aie/int8/mlir-aie_int8_M512_N256_K512_m64_n128_k64_2col.log
mlir-aie_int8_M512_N256_K1024_m64_n128_k64_2col,xdna1,npu1,npu,0,mlir-aie,success,passed,False,int8,512,256,1024,64,128,64,2,20,200,200,178,22,247.0,255.0,8.0,235.0,267.0,252.485,251.0,223.0,527.0,23.77098599132985,1063.1738756757827,251.59550561797752,251.0,235.0,267.0,6.0461132488986475,1066.9326359414076,3.0697900797240436,,logs/mlir-aie/int8/mlir-aie_int8_M512_N256_K1024_m64_n128_k64_2col.log
mlir-aie_int8_M512_N256_K2048_m64_n128_k64_2col,xdna1,npu1,npu,0,mlir-aie,success,passed,False,int8,512,256,2048,64,128,64,2,20,200,200,168,32,349.75,353.0,3.25,344.875,357.875,351.005,351.0,326.0,408.0,8.259841100166517,1529.5249697297759,351.17261904761904,351.0,345.0,357.0,2.4640197118914386,1528.7949084868721,3.163964148145169,,logs/mlir-aie/int8/mlir-aie_int8_M512_N256_K2048_m64_n128_k64_2col.log
mlir-aie_int8_M512_N512_K256_m64_n128_k64_4col,xdna1,npu1,npu,0,mlir-aie,success,passed,False,int8,512,512,256,64,128,64,4,20,200,200,196,4,176.0,183.0,7.0,165.5,193.5,180.745,179.0,169.0,294.0,12.821075422912074,742.5805859083239,179.26530612244898,179.0,169.0,193.0,4.913644103481325,748.7100036429873,4.111370233353227,,logs/mlir-aie/int8/mlir-aie_int8_M512_N512_K256_m64_n128_k64_4col.log
mlir-aie_int8_M512_N512_K512_m64_n128_k64_4col,xdna1,npu1,npu,0,mlir-aie,success,passed,False,int8,512,512,512,64,128,64,4,20,200,200,197,3,202.0,213.0,11.0,185.5,229.5,209.5,208.0,190.0,291.0,11.628843450661806,1281.3148257756563,208.4720812182741,208.0,190.0,229.0,8.078641529862733,1287.632638535148,4.210103697143495,,logs/mlir-aie/int8/mlir-aie_int8_M512_N512_K512_m64_n128_k64_4col.log
mlir-aie_int8_M512_N512_K1024_m64_n128_k64_4col,xdna1,npu1,npu,0,mlir-aie,success,passed,False,int8,512,512,1024,64,128,64,4,20,200,200,172,28,252.0,261.0,9.0,238.5,274.5,266.59,256.0,244.0,530.0,34.413832974546736,2013.8449004088675,255.38372093023256,255.0,244.0,274.0,5.598314955477649,2102.2127410645176,4.4090103367343545,,logs/mlir-aie/int8/mlir-aie_int8_M512_N512_K1024_m64_n128_k64_4col.log
mlir-aie_int8_M512_N512_K2048_m64_n128_k64_4col,xdna1,npu1,npu,0,mlir-aie,success,passed,False,int8,512,512,2048,64,128,64,4,20,200,200,190,10,358.0,366.0,8.0,346.0,378.0,362.695,362.0,345.0,488.0,11.503128922167221,2960.453891010353,361.2368421052632,361.5,346.0,374.0,5.6783717575705195,2972.4039711517444,4.612014470156282,,logs/mlir-aie/int8/mlir-aie_int8_M512_N512_K2048_m64_n128_k64_4col.log
mlir-aie_int8_M512_N1024_K256_m64_n128_k64_4col,xdna1,npu1,npu,0,mlir-aie,success,passed,False,int8,512,1024,256,64,128,64,4,20,200,200,178,22,204.0,210.0,6.0,195.0,219.0,211.075,206.0,195.0,294.0,17.10261310443524,1271.7539073788937,206.19662921348313,206.0,195.0,218.0,4.32273710206029,1301.8421155763835,3.6132136997766793,,logs/mlir-aie/int8/mlir-aie_int8_M512_N1024_K256_m64_n128_k64_4col.log
mlir-aie_int8_M512_N1024_K512_m64_n128_k64_4col,xdna1,npu1,npu,0,mlir-aie,success,passed,False,int8,512,1024,512,64,128,64,4,20,200,200,185,15,258.0,267.0,9.0,244.5,280.5,268.015,264.0,247.0,391.0,21.70172285787467,2003.1375557338208,262.81081081081084,264.0,247.0,279.0,5.925838236236734,2042.8037581242286,3.7871512570418417,,logs/mlir-aie/int8/mlir-aie_int8_M512_N1024_K512_m64_n128_k64_4col.log
mlir-aie_int8_M512_N1024_K1024_m64_n128_k64_4col,xdna1,npu1,npu,0,mlir-aie,success,passed,False,int8,512,1024,1024,64,128,64,4,20,200,200,185,15,357.0,366.0,9.0,343.5,379.5,364.665,362.0,346.0,485.0,16.709361896852915,2944.4608723074602,360.9945945945946,361.0,346.0,379.0,5.824920644208136,2974.398620028749,4.098506833892316,,logs/mlir-aie/int8/mlir-aie_int8_M512_N1024_K1024_m64_n128_k64_4col.log
mlir-aie_int8_M512_N1024_K2048_m64_n128_k64_4col,xdna1,npu1,npu,0,mlir-aie,success,passed,False,int8,512,1024,2048,64,128,64,4,20,200,200,180,20,557.0,562.25,5.25,549.125,570.125,560.54,560.0,541.0,613.0,7.687548373831543,3831.0979555428694,560.2611111111111,560.0,550.0,570.0,4.177138692253465,3833.005013931997,4.666159445885569,,logs/mlir-aie/int8/mlir-aie_int8_M512_N1024_K2048_m64_n128_k64_4col.log
mlir-aie_int8_M512_N2048_K256_m64_n128_k64_4col,xdna1,npu1,npu,0,mlir-aie,success,passed,False,int8,512,2048,256,64,128,64,4,20,200,200,197,3,255.0,268.0,13.0,235.5,287.5,262.925,260.5,249.0,384.0,12.179054766278046,2041.916561757155,261.88324873096445,260.0,249.0,284.0,7.540858156072893,2050.039147603264,3.82219727197662,,logs/mlir-aie/int8/mlir-aie_int8_M512_N2048_K256_m64_n128_k64_4col.log
mlir-aie_int8_M512_N2048_K512_m64_n128_k64_4col,xdna1,npu1,npu,0,mlir-aie,success,passed,False,int8,512,2048,512,64,128,64,4,20,200,200,187,13,357.5,373.0,15.5,334.25,396.25,368.795,367.0,347.0,469.0,19.40626123188081,2911.4869344757926,364.4812834224599,366.0,347.0,388.0,9.092714510879366,2945.945026086446,4.215548676904291,,logs/mlir-aie/int8/mlir-aie_int8_M512_N2048_K512_m64_n128_k64_4col.log
mlir-aie_int8_M512_N2048_K1024_m64_n128_k64_4col,xdna1,npu1,npu,0,mlir-aie,success,passed,False,int8,512,2048,1024,64,128,64,4,20,200,200,196,4,567.0,576.0,9.0,553.5,589.5,572.385,573.0,551.0,599.0,7.531717931521334,3751.8167806633646,572.1275510204082,572.5,554.0,588.0,6.818271978882125,3753.5050430098895,4.94127832679078,,logs/mlir-aie/int8/mlir-aie_int8_M512_N2048_K1024_m64_n128_k64_4col.log
mlir-aie_int8_M512_N2048_K2048_m64_n128_k64_4col,xdna1,npu1,npu,0,mlir-aie,success,passed,False,int8,512,2048,2048,64,128,64,4,20,200,200,184,16,984.0,996.0,12.0,966.0,1014.0,998.27,991.0,971.0,1456.0,42.87886542342276,4302.410466106364,989.3641304347826,989.0,971.0,1014.0,7.398811325237658,4341.139085073307,4.6983613348566,,logs/mlir-aie/int8/mlir-aie_int8_M512_N2048_K2048_m64_n128_k64_4col.log
mlir-aie_int8_M1024_N256_K256_m64_n128_k64_2col,xdna1,npu1,npu,0,mlir-aie,success,passed,False,int8,1024,256,256,64,128,64,2,20,200,200,198,2,195.0,210.0,15.0,172.5,232.5,203.105,205.0,179.0,295.0,12.454877558611326,660.8292656507717,202.3181818181818,205.0,179.0,232.0,9.633421029656024,663.3992397214109,2.926864423789084,,logs/mlir-aie/int8/mlir-aie_int8_M1024_N256_K256_m64_n128_k64_2col.log
mlir-aie_int8_M1024_N256_K512_m64_n128_k64_2col,xdna1,npu1,npu,0,mlir-aie,success,passed,False,int8,1024,256,512,64,128,64,2,20,200,200,178,22,256.0,260.0,4.0,250.0,266.0,260.125,258.0,233.0,355.0,15.663951449107598,1031.9479327246515,257.82022471910113,258.0,250.0,266.0,3.026333108620528,1041.172996775037,2.9944762527011335,,logs/mlir-aie/int8/mlir-aie_int8_M1024_N256_K512_m64_n128_k64_2col.log
mlir-aie_int8_M1024_N256_K1024_m64_n128_k64_2col,xdna1,npu1,npu,0,mlir-aie,success,passed,False,int8,1024,256,1024,64,128,64,2,20,200,200,179,21,350.0,355.0,5.0,342.5,362.5,354.995,353.0,321.0,464.0,14.635059788056898,1512.3337286440653,352.50837988826817,353.0,346.0,362.0,3.116667599907087,1523.0018423112886,3.090073049068451,,logs/mlir-aie/int8/mlir-aie_int8_M1024_N256_K1024_m64_n128_k64_2col.log
mlir-aie_int8_M1024_N256_K2048_m64_n128_k64_2col,xdna1,npu1,npu,0,mlir-aie,success,passed,False,int8,1024,256,2048,64,128,64,2,20,200,200,169,31,540.0,543.0,3.0,535.5,547.5,541.52,542.0,520.0,597.0,7.208300770639361,1982.8294873688876,541.3491124260355,542.0,536.0,546.0,2.3764156377238335,1983.4554067855895,3.262658172287047,,logs/mlir-aie/int8/mlir-aie_int8_M1024_N256_K2048_m64_n128_k64_2col.log
mlir-aie_int8_M1024_N512_K256_m64_n128_k64_4col,xdna1,npu1,npu,0,mlir-aie,success,passed,False,int8,1024,512,256,64,128,64,4,20,200,200,195,5,203.0,213.0,10.0,188.0,228.0,208.25,206.0,192.0,246.0,8.6126360656886,1289.0057911164465,207.47692307692307,205.0,192.0,228.0,7.1161233157783945,1293.8087379504673,4.031454761978239,,logs/mlir-aie/int8/mlir-aie_int8_M1024_N512_K256_m64_n128_k64_4col.log
mlir-aie_int8_M1024_N512_K512_m64_n128_k64_4col,xdna1,npu1,npu,0,mlir-aie,success,passed,False,int8,1024,512,512,64,128,64,4,20,200,200,189,11,256.0,269.0,13.0,236.5,288.5,266.905,262.0,247.0,578.0,28.018136536893383,2011.468170322774,262.23809523809524,261.0,247.0,282.0,7.92367215998152,2047.2651447248954,4.130691011901945,,logs/mlir-aie/int8/mlir-aie_int8_M1024_N512_K512_m64_n128_k64_4col.log
mlir-aie_int8_M1024_N512_K1024_m64_n128_k64_4col,xdna1,npu1,npu,0,mlir-aie,success,passed,False,int8,1024,512,1024,64,128,64,4,20,200,200,184,16,357.0,365.0,8.0,345.0,377.0,365.52,363.0,346.0,542.0,20.778103859592193,2937.573385861239,360.9945652173913,362.0,346.0,377.0,5.99501358250691,2974.398862080906,4.3706529452465475,,logs/mlir-aie/int8/mlir-aie_int8_M1024_N512_K1024_m64_n128_k64_4col.log
mlir-aie_int8_M1024_N512_K2048_m64_n128_k64_4col,xdna1,npu1,npu,0,mlir-aie,success,passed,False,int8,1024,512,2048,64,128,64,4,20,200,200,199,1,563.0,573.0,10.0,548.0,588.0,568.47,570.0,550.0,596.0,7.120330048530054,3777.655193765722,568.3316582914573,570.0,550.0,586.0,6.864851322660255,3778.574740066137,4.849014034029096,,logs/mlir-aie/int8/mlir-aie_int8_M1024_N512_K2048_m64_n128_k64_4col.log
mlir-aie_int8_M1024_N1024_K256_m64_n128_k64_4col,xdna1,npu1,npu,0,mlir-aie,success,passed,False,int8,1024,1024,256,64,128,64,4,20,200,200,194,6,260.0,271.0,11.0,243.5,287.5,266.52,265.0,245.0,385.0,12.977272440694154,2014.3738256040822,264.94329896907215,264.5,245.0,287.0,7.528768292582858,2026.361542598105,4.22056840499863,,logs/mlir-aie/int8/mlir-aie_int8_M1024_N1024_K256_m64_n128_k64_4col.log
mlir-aie_int8_M1024_N1024_K512_m64_n128_k64_4col,xdna1,npu1,npu,0,mlir-aie,success,passed,False,int8,1024,1024,512,64,128,64,4,20,200,200,183,17,368.75,376.0,7.25,357.875,386.875,374.495,374.0,349.0,478.0,14.682982496754533,2867.172656510768,372.62295081967216,374.0,359.0,386.0,5.019624660253168,2881.5772663440384,4.513787634670734,,logs/mlir-aie/int8/mlir-aie_int8_M1024_N1024_K512_m64_n128_k64_4col.log
mlir-aie_int8_M1024_N1024_K1024_m64_n128_k64_4col,xdna1,npu1,npu,0,mlir-aie,success,passed,False,int8,1024,1024,1024,64,128,64,4,20,200,200,176,24,562.0,587.25,25.25,524.125,625.125,585.475,567.0,545.0,1391.0,69.45264123847271,3667.933981809642,571.5,567.0,545.0,623.0,16.314382946010888,3757.626680664917,5.0411416310817,,logs/mlir-aie/int8/mlir-aie_int8_M1024_N1024_K1024_m64_n128_k64_4col.log
mlir-aie_int8_M1024_N1024_K2048_m64_n128_k64_4col,xdna1,npu1,npu,0,mlir-aie,success,passed,False,int8,1024,1024,2048,64,128,64,4,20,200,200,196,4,970.75,1021.0,50.25,895.375,1096.375,993.1,980.0,944.0,1200.0,34.702593563017736,4324.80847447387,990.2091836734694,980.0,944.0,1086.0,27.928701449221254,4337.434318743205,5.722742991987616,,logs/mlir-aie/int8/mlir-aie_int8_M1024_N1024_K2048_m64_n128_k64_4col.log
mlir-aie_int8_M1024_N2048_K256_m64_n128_k64_4col,xdna1,npu1,npu,0,mlir-aie,success,passed,False,int8,1024,2048,256,64,128,64,4,20,200,200,172,28,374.0,379.0,5.0,366.5,386.5,376.74,375.0,361.0,402.0,6.811930710158465,2850.08712640017,375.8720930232558,375.0,367.0,385.0,3.931969479961241,2856.6681164423826,4.5742157259956,,logs/mlir-aie/int8/mlir-aie_int8_M1024_N2048_K256_m64_n128_k64_4col.log
mlir-aie_int8_M1024_N2048_K512_m64_n128_k64_4col,xdna1,npu1,npu,0,mlir-aie,success,passed,False,int8,1024,2048,512,64,128,64,4,20,200,200,184,16,578.0,591.0,13.0,558.5,610.5,590.415,585.0,564.0,812.0,27.968424607045712,3637.244392503578,583.5923913043479,584.0,564.0,609.0,8.344625108098446,3679.7663574747858,5.384828170761466,,logs/mlir-aie/int8/mlir-aie_int8_M1024_N2048_K512_m64_n128_k64_4col.log
mlir-aie_int8_M1024_N2048_K1024_m64_n128_k64_4col,xdna1,npu1,npu,0,mlir-aie,success,passed,False,int8,1024,2048,1024,64,128,64,4,20,200,200,187,13,971.0,980.0,9.0,957.5,993.5,983.24,975.0,958.0,1477.0,47.43566590657287,4368.177958585899,974.4171122994652,975.0,958.0,993.0,6.974155974326481,4407.7297512402865,4.274587390944362,,logs/mlir-aie/int8/mlir-aie_int8_M1024_N2048_K1024_m64_n128_k64_4col.log
mlir-aie_int8_M1024_N2048_K2048_m64_n128_k64_4col,xdna1,npu1,npu,0,mlir-aie,success,passed,False,int8,1024,2048,2048,64,128,64,4,20,200,200,195,5,1801.0,1852.25,51.25,1724.125,1929.125,1832.105,1814.0,1781.0,2122.0,43.985952018798,4688.560203700115,1828.1128205128205,1813.0,1781.0,1922.0,35.040454126310074,4698.798944799457,4.550578553695232,,logs/mlir-aie/int8/mlir-aie_int8_M1024_N2048_K2048_m64_n128_k64_4col.log
mlir-aie_int8_M2048_N256_K256_m64_n128_k64_2col,xdna1,npu1,npu,0,mlir-aie,success,passed,False,int8,2048,256,256,64,128,64,2,20,200,200,177,23,257.0,265.0,8.0,245.0,277.0,266.78,260.0,235.0,535.0,32.62072347450314,1006.2053227378365,260.19209039548025,260.0,245.0,276.0,5.51805916841954,1031.6818454857341,3.223693657666445,,logs/mlir-aie/int8/mlir-aie_int8_M2048_N256_K256_m64_n128_k64_2col.log
mlir-aie_int8_M2048_N256_K512_m64_n128_k64_2col,xdna1,npu1,npu,0,mlir-aie,success,passed,False,int8,2048,256,512,64,128,64,2,20,200,200,187,13,344.0,355.0,11.0,327.5,371.5,354.925,350.0,323.0,1130.0,57.21406623375059,1512.631998309502,349.03743315508024,349.0,329.0,370.0,6.748633439768031,1538.1470896889841,3.301010439172387,,logs/mlir-aie/int8/mlir-aie_int8_M2048_N256_K512_m64_n128_k64_2col.log
mlir-aie_int8_M2048_N256_K1024_m64_n128_k64_2col,xdna1,npu1,npu,0,mlir-aie,success,passed,False,int8,2048,256,1024,64,128,64,2,20,200,200,154,46,541.0,544.0,3.0,536.5,548.5,543.37,543.0,520.0,600.0,9.836315367046748,1976.0785910153302,542.3441558441558,542.0,537.0,548.0,2.01094366337574,1979.8163443445362,3.462506941985339,,logs/mlir-aie/int8/mlir-aie_int8_M2048_N256_K1024_m64_n128_k64_2col.log
mlir-aie_int8_M2048_N256_K2048_m64_n128_k64_2col,xdna1,npu1,npu,0,mlir-aie,success,passed,False,int8,2048,256,2048,64,128,64,2,20,200,200,169,31,929.0,934.0,5.0,921.5,941.5,934.44,931.0,905.0,1086.0,17.70978260736139,2298.1503873978,931.0532544378698,931.0,922.0,941.0,3.28752412195274,2306.5100065587108,3.8771368861198425,,logs/mlir-aie/int8/mlir-aie_int8_M2048_N256_K2048_m64_n128_k64_2col.log
mlir-aie_int8_M2048_N512_K256_m64_n128_k64_4col,xdna1,npu1,npu,0,mlir-aie,success,passed,False,int8,2048,512,256,64,128,64,4,20,200,200,194,6,274.0,294.0,20.0,244.0,324.0,286.15,284.0,264.0,391.0,17.200508713407288,1876.1870068146077,283.8917525773196,283.0,264.0,316.0,10.86342743757049,1891.1113377757601,5.063026602845639,,logs/mlir-aie/int8/mlir-aie_int8_M2048_N512_K256_m64_n128_k64_4col.log
mlir-aie_int8_M2048_N512_K512_m64_n128_k64_4col,xdna1,npu1,npu,0,mlir-aie,success,passed,False,int8,2048,512,512,64,128,64,4,20,200,200,191,9,361.0,374.0,13.0,341.5,393.5,370.465,367.0,344.0,483.0,19.905998467798593,2898.362393208535,366.8324607329843,367.0,344.0,391.0,8.492879291314287,2927.0632753015057,5.2359109641984105,,logs/mlir-aie/int8/mlir-aie_int8_M2048_N512_K512_m64_n128_k64_4col.log
mlir-aie_int8_M2048_N512_K1024_m64_n128_k64_4col,xdna1,npu1,npu,0,mlir-aie,success,passed,False,int8,2048,512,1024,64,128,64,4,20,200,200,173,27,560.0,569.0,9.0,546.5,582.5,568.355,565.0,541.0,723.0,21.799747131560952,3778.419558198661,563.4219653179191,564.0,548.0,582.0,6.845190088770239,3811.501468154957,5.594494993798435,,logs/mlir-aie/int8/mlir-aie_int8_M2048_N512_K1024_m64_n128_k64_4col.log
mlir-aie_int8_M2048_N512_K2048_m64_n128_k64_4col,xdna1,npu1,npu,0,mlir-aie,success,passed,False,int8,2048,512,2048,64,128,64,4,20,200,200,184,16,978.0,992.0,14.0,957.0,1013.0,988.18,984.0,956.0,1086.0,18.293375850290726,4346.34104717764,983.9239130434783,983.0,961.0,1009.0,8.641071913745742,4365.141693441301,5.408661738969386,,logs/mlir-aie/int8/mlir-aie_int8_M2048_N512_K2048_m64_n128_k64_4col.log
mlir-aie_int8_M2048_N1024_K256_m64_n128_k64_4col,xdna1,npu1,npu,0,mlir-aie,success,passed,False,int8,2048,1024,256,64,128,64,4,20,200,200,197,3,379.0,390.0,11.0,362.5,406.5,384.405,384.0,362.0,415.0,9.004497487367077,2793.2566537896228,384.2233502538071,384.0,364.0,406.0,8.433126783968069,2794.577225175712,5.452943804208189,,logs/mlir-aie/int8/mlir-aie_int8_M2048_N1024_K256_m64_n128_k64_4col.log
mlir-aie_int8_M2048_N1024_K512_m64_n128_k64_4col,xdna1,npu1,npu,0,mlir-aie,success,passed,False,int8,2048,1024,512,64,128,64,4,20,200,200,192,8,583.0,593.0,10.0,568.0,608.0,587.53,590.0,559.0,608.0,8.551555414075267,3655.10467210185,588.5104166666666,590.0,569.0,608.0,7.191567387785193,3649.015526629733,6.0196623490192,,logs/mlir-aie/int8/mlir-aie_int8_M2048_N1024_K512_m64_n128_k64_4col.log
mlir-aie_int8_M2048_N1024_K1024_m64_n128_k64_4col,xdna1,npu1,npu,0,mlir-aie,success,passed,False,int8,2048,1024,1024,64,128,64,4,20,200,200,200,0,962.0,976.25,14.25,940.625,997.625,967.9,964.0,952.0,987.0,7.7278716345446625,4437.408095877673,967.9,964.0,952.0,987.0,7.7278716345446625,4437.408095877673,5.181245290674269,,logs/mlir-aie/int8/mlir-aie_int8_M2048_N1024_K1024_m64_n128_k64_4col.log
mlir-aie_int8_M2048_N1024_K2048_m64_n128_k64_4col,xdna1,npu1,npu,0,mlir-aie,success,passed,False,int8,2048,1024,2048,64,128,64,4,20,200,200,190,10,1773.0,1827.25,54.25,1691.625,1908.625,1811.83,1811.0,1737.0,2406.0,61.8146511759146,4741.026802735356,1802.121052631579,1809.0,1737.0,1904.0,32.57010380778455,4766.569137770404,5.5126700000837445,,logs/mlir-aie/int8/mlir-aie_int8_M2048_N1024_K2048_m64_n128_k64_4col.log
mlir-aie_int8_M2048_N2048_K256_m64_n128_k64_4col,xdna1,npu1,npu,0,mlir-aie,success,passed,False,int8,2048,2048,256,64,128,64,4,20,200,200,189,11,609.0,617.0,8.0,597.0,629.0,613.015,614.0,588.0,646.0,8.0619337010422,3503.150245915679,613.063492063492,614.0,597.0,629.0,6.116695037016553,3502.873153923828,6.202689691912383,,logs/mlir-aie/int8/mlir-aie_int8_M2048_N2048_K256_m64_n128_k64_4col.log
mlir-aie_int8_M2048_N2048_K512_m64_n128_k64_4col,xdna1,npu1,npu,0,mlir-aie,success,passed,False,int8,2048,2048,512,64,128,64,4,20,200,200,184,16,998.75,1005.0,6.25,989.375,1014.375,1002.895,1001.0,978.0,1105.0,13.459345266393905,4282.569257998096,1001.5108695652174,1001.0,990.0,1013.0,4.503608614012119,4288.48795007543,5.8008364462293684,,logs/mlir-aie/int8/mlir-aie_int8_M2048_N2048_K512_m64_n128_k64_4col.log
mlir-aie_int8_M2048_N2048_K1024_m64_n128_k64_4col,xdna1,npu1,npu,0,mlir-aie,success,passed,False,int8,2048,2048,1024,64,128,64,4,20,200,200,158,42,1787.0,1803.5,16.5,1762.25,1828.25,1808.19,1791.0,1770.0,2516.0,60.03835357502736,4750.570787361948,1790.5506329113923,1790.0,1770.0,1826.0,8.599048717150607,4797.37039216421,6.755041602067649,,logs/mlir-aie/int8/mlir-aie_int8_M2048_N2048_K1024_m64_n128_k64_4col.log
mlir-aie_int8_M2048_N2048_K2048_m64_n128_k64_4col,xdna1,npu1,npu,0,mlir-aie,success,passed,False,int8,2048,2048,2048,64,128,64,4,20,200,200,191,9,3474.25,3535.5,61.25,3382.375,3627.375,3515.945,3513.0,3409.0,3999.0,73.47756103056224,4886.2735861909105,3505.3350785340313,3511.0,3409.0,3624.0,48.27715333254806,4901.063321793706,8.80972549598664,,logs/mlir-aie/int8/mlir-aie_int8_M2048_N2048_K2048_m64_n128_k64_4col.log
mlir-aie_bf16_M256_N256_K256_m64_n64_k64_4col,xdna1,npu1,npu,0,mlir-aie,success,passed,False,bf16,256,256,256,64,64,64,4,20,200,200,190,10,162.0,171.0,9.0,148.5,184.5,167.86,166.0,152.0,258.0,11.501756387613154,199.89534135589182,165.90526315789472,165.0,152.0,184.0,6.336317516317346,202.25055770572936,10.88384092412889,,logs/mlir-aie/bf16/mlir-aie_bf16_M256_N256_K256_m64_n64_k64_4col.log
mlir-aie_bf16_M256_N256_K512_m64_n64_k64_4col,xdna1,npu1,npu,0,mlir-aie,success,passed,False,bf16,256,256,512,64,64,64,4,20,200,200,181,19,177.0,182.0,5.0,169.5,189.5,184.225,179.0,171.0,300.0,21.707242454996443,364.27663997828745,178.59116022099448,179.0,171.0,187.0,3.1145229731083766,375.7681170610982,3.785507755354047,,logs/mlir-aie/bf16/mlir-aie_bf16_M256_N256_K512_m64_n64_k64_4col.log
mlir-aie_bf16_M256_N256_K1024_m64_n64_k64_4col,xdna1,npu1,npu,0,mlir-aie,success,passed,False,bf16,256,256,1024,64,64,64,4,20,200,200,190,10,212.0,218.0,6.0,203.0,227.0,216.02,215.0,204.0,298.0,9.380810199550996,621.3208406629016,214.47894736842105,215.0,204.0,227.0,4.243518766724816,625.7850928811563,4.06202039308846,,logs/mlir-aie/bf16/mlir-aie_bf16_M256_N256_K1024_m64_n64_k64_4col.log
mlir-aie_bf16_M256_N256_K2048_m64_n64_k64_4col,xdna1,npu1,npu,0,mlir-aie,success,passed,False,bf16,256,256,2048,64,64,64,4,20,200,200,189,11,273.0,286.0,13.0,253.5,305.5,282.26,276.0,263.0,395.0,17.737880369424076,951.0219513923333,278.74074074074076,275.0,263.0,302.0,7.525721782008158,963.0291405793248,4.605273819062859,,logs/mlir-aie/bf16/mlir-aie_bf16_M256_N256_K2048_m64_n64_k64_4col.log
mlir-aie_bf16_M256_N512_K256_m64_n64_k64_4col,xdna1,npu1,npu,0,mlir-aie,success,passed,False,bf16,256,512,256,64,64,64,4,20,200,200,184,16,180.0,189.0,9.0,166.5,202.5,187.26,182.5,170.0,293.0,18.459209083815047,358.37265833600344,183.04347826086956,182.0,170.0,202.0,6.493162027786818,366.62799809976246,4.130846785847098,,logs/mlir-aie/bf16/mlir-aie_bf16_M256_N512_K256_m64_n64_k64_4col.log
mlir-aie_bf16_M256_N512_K512_m64_n64_k64_4col,xdna1,npu1,npu,0,mlir-aie,success,passed,False,bf16,256,512,512,64,64,64,4,20,200,200,189,11,212.0,225.0,13.0,192.5,244.5,222.64,219.0,202.0,306.0,18.403543137124437,602.8464247215236,218.61904761904762,219.0,202.0,244.0,7.808749477678218,613.9342818558048,4.4782829522155225,,logs/mlir-aie/bf16/mlir-aie_bf16_M256_N512_K512_m64_n64_k64_4col.log
mlir-aie_bf16_M256_N512_K1024_m64_n64_k64_4col,xdna1,npu1,npu,0,mlir-aie,success,passed,False,bf16,256,512,1024,64,64,64,4,20,200,200,197,3,276.0,288.0,12.0,258.0,306.0,282.04,279.0,263.0,393.0,12.505534774650783,951.7637781874911,281.0304568527919,279.0,263.0,305.0,8.526404869247719,955.1827905279699,5.083578838035464,,logs/mlir-aie/bf16/mlir-aie_bf16_M256_N512_K1024_m64_n64_k64_4col.log
mlir-aie_bf16_M256_N512_K2048_m64_n64_k64_4col,xdna1,npu1,npu,0,mlir-aie,success,passed,False,bf16,256,512,2048,64,64,64,4,20,200,200,169,31,415.0,420.0,5.0,407.5,427.5,425.325,417.0,398.0,1060.0,51.91511701807095,1262.2604173279258,417.1360946745562,417.0,408.0,427.0,3.536680005102575,1287.040174307762,6.139888821635395,,logs/mlir-aie/bf16/mlir-aie_bf16_M256_N512_K2048_m64_n64_k64_4col.log
mlir-aie_bf16_M256_N1024_K256_m64_n64_k64_4col,xdna1,npu1,npu,0,mlir-aie,success,passed,False,bf16,256,1024,256,64,64,64,4,20,200,200,168,32,213.0,218.25,5.25,205.125,226.125,217.06,215.0,200.0,287.0,10.563446407304767,618.3439049110845,215.21428571428572,215.0,208.0,226.0,3.808109856644384,623.6469273149685,3.9194742762483656,,logs/mlir-aie/bf16/mlir-aie_bf16_M256_N1024_K256_m64_n64_k64_4col.log
mlir-aie_bf16_M256_N1024_K512_m64_n64_k64_4col,xdna1,npu1,npu,0,mlir-aie,success,passed,False,bf16,256,1024,512,64,64,64,4,20,200,200,194,6,281.0,290.0,9.0,267.5,303.5,286.4,287.0,268.0,390.0,10.51284928076114,937.2746368715084,285.22680412371136,286.0,268.0,302.0,6.328637505259144,941.1298381465283,4.486394192092121,,logs/mlir-aie/bf16/mlir-aie_bf16_M256_N1024_K512_m64_n64_k64_4col.log
mlir-aie_bf16_M256_N1024_K1024_m64_n64_k64_4col,xdna1,npu1,npu,0,mlir-aie,success,passed,False,bf16,256,1024,1024,64,64,64,4,20,200,200,160,40,416.0,421.0,5.0,408.5,428.5,430.46,418.0,401.0,1116.0,56.53042012934275,1247.2027877154671,417.225,417.0,409.0,426.0,2.989460653696583,1286.7659224638983,5.618813775945455,,logs/mlir-aie/bf16/mlir-aie_bf16_M256_N1024_K1024_m64_n64_k64_4col.log
mlir-aie_bf16_M256_N1024_K2048_m64_n64_k64_4col,xdna1,npu1,npu,0,mlir-aie,success,passed,False,bf16,256,1024,2048,64,64,64,4,20,200,200,171,29,679.0,684.0,5.0,671.5,691.5,689.06,682.0,665.0,1205.0,43.456488583409495,1558.270432182974,681.6374269005848,681.0,673.0,691.0,3.3188461214689977,1575.2389490734386,7.776024824008346,,logs/mlir-aie/bf16/mlir-aie_bf16_M256_N1024_K2048_m64_n64_k64_4col.log
mlir-aie_bf16_M256_N2048_K256_m64_n64_k64_4col,xdna1,npu1,npu,0,mlir-aie,success,passed,False,bf16,256,2048,256,64,64,64,4,20,200,200,195,5,277.0,290.0,13.0,257.5,309.5,284.935,282.5,265.0,386.0,12.017103436352706,942.0936564479618,283.7435897435897,282.0,265.0,309.0,8.432288215522426,946.0494111693475,4.467904987744987,,logs/mlir-aie/bf16/mlir-aie_bf16_M256_N2048_K256_m64_n64_k64_4col.log
mlir-aie_bf16_M256_N2048_K512_m64_n64_k64_4col,xdna1,npu1,npu,0,mlir-aie,success,passed,False,bf16,256,2048,512,64,64,64,4,20,200,200,200,0,412.0,426.0,14.0,391.0,447.0,419.405,419.0,398.0,443.0,8.771030441173945,1280.0775193428785,419.405,419.0,398.0,443.0,8.771030441173945,1280.0775193428785,5.53012713463977,,logs/mlir-aie/bf16/mlir-aie_bf16_M256_N2048_K512_m64_n64_k64_4col.log
mlir-aie_bf16_M256_N2048_K1024_m64_n64_k64_4col,xdna1,npu1,npu,0,mlir-aie,success,passed,False,bf16,256,2048,1024,64,64,64,4,20,200,200,198,2,738.0,766.0,28.0,696.0,808.0,752.22,756.5,689.0,815.0,21.007179725036867,1427.4305708436361,752.2222222222222,756.5,704.0,798.0,20.141196315043512,1427.426353914328,7.728402756154537,,logs/mlir-aie/bf16/mlir-aie_bf16_M256_N2048_K1024_m64_n64_k64_4col.log
mlir-aie_bf16_M256_N2048_K2048_m64_n64_k64_4col,xdna1,npu1,npu,0,mlir-aie,success,passed,False,bf16,256,2048,2048,64,64,64,4,20,200,200,190,10,1271.0,1295.0,24.0,1235.0,1331.0,1285.155,1282.0,1237.0,1400.0,24.349968685811486,1670.9919410499122,1281.1631578947367,1280.0,1237.0,1327.0,16.76116157657702,1676.1984098331698,12.402195807080716,,logs/mlir-aie/bf16/mlir-aie_bf16_M256_N2048_K2048_m64_n64_k64_4col.log
mlir-aie_bf16_M512_N256_K256_m64_n64_k64_4col,xdna1,npu1,npu,0,mlir-aie,success,passed,False,bf16,512,256,256,64,64,64,4,20,200,200,185,15,179.0,189.0,10.0,164.0,204.0,188.46,181.0,170.0,354.0,24.179090140036287,356.090756659238,182.43783783783783,181.0,170.0,202.0,6.319226404559486,367.8450961452994,4.391458194237202,,logs/mlir-aie/bf16/mlir-aie_bf16_M512_N256_K256_m64_n64_k64_4col.log
mlir-aie_bf16_M512_N256_K512_m64_n64_k64_4col,xdna1,npu1,npu,0,mlir-aie,success,passed,False,bf16,512,256,512,64,64,64,4,20,200,200,181,19,212.0,219.0,7.0,201.5,229.5,218.28,216.0,205.0,297.0,12.969641475383966,614.8878871174638,214.97790055248618,215.0,205.0,229.0,4.549246554222432,624.3326763126108,4.744678531773388,,logs/mlir-aie/bf16/mlir-aie_bf16_M512_N256_K512_m64_n64_k64_4col.log
mlir-aie_bf16_M512_N256_K1024_m64_n64_k64_4col,xdna1,npu1,npu,0,mlir-aie,success,passed,False,bf16,512,256,1024,64,64,64,4,20,200,200,191,9,281.0,291.0,10.0,266.0,306.0,289.235,286.0,271.0,452.0,18.675378844885582,928.0877348868567,285.9947643979058,286.0,271.0,306.0,7.235382362307112,938.6026928329518,5.383310374803841,,logs/mlir-aie/bf16/mlir-aie_bf16_M512_N256_K1024_m64_n64_k64_4col.log
mlir-aie_bf16_M512_N256_K2048_m64_n64_k64_4col,xdna1,npu1,npu,0,mlir-aie,success,passed,False,bf16,512,256,2048,64,64,64,4,20,200,200,195,5,424.0,433.0,9.0,410.5,446.5,429.64,429.0,412.0,566.0,13.606998199456044,1249.583167302858,428.0615384615385,429.0,412.0,446.0,6.305578132245611,1254.190960322024,6.381958049256355,,logs/mlir-aie/bf16/mlir-aie_bf16_M512_N256_K2048_m64_n64_k64_4col.log
mlir-aie_bf16_M512_N512_K256_m64_n64_k64_4col,xdna1,npu1,npu,0,mlir-aie,success,passed,False,bf16,512,512,256,64,64,64,4,20,200,200,193,7,213.0,224.0,11.0,196.5,240.5,220.13,217.0,205.0,291.0,11.262020245053726,609.7202925543996,218.60621761658032,217.0,205.0,240.0,7.293290457233667,613.970313668792,4.1080381902866066,,logs/mlir-aie/bf16/mlir-aie_bf16_M512_N512_K256_m64_n64_k64_4col.log
mlir-aie_bf16_M512_N512_K512_m64_n64_k64_4col,xdna1,npu1,npu,0,mlir-aie,success,passed,False,bf16,512,512,512,64,64,64,4,20,200,200,183,17,286.0,296.0,10.0,271.0,311.0,296.28,290.0,275.0,470.0,25.846113827807848,906.019495072229,290.1256830601093,290.0,275.0,311.0,6.506033051213584,925.2385144557663,4.658608274068683,,logs/mlir-aie/bf16/mlir-aie_bf16_M512_N512_K512_m64_n64_k64_4col.log
mlir-aie_bf16_M512_N512_K1024_m64_n64_k64_4col,xdna1,npu1,npu,0,mlir-aie,success,passed,False,bf16,512,512,1024,64,64,64,4,20,200,200,186,14,419.0,427.0,8.0,407.0,439.0,424.945,422.0,409.0,563.0,13.265442887442545,1263.3891727164691,422.4301075268817,421.0,409.0,439.0,5.520047236556433,1270.9106250572722,5.744023942854255,,logs/mlir-aie/bf16/mlir-aie_bf16_M512_N512_K1024_m64_n64_k64_4col.log
mlir-aie_bf16_M512_N512_K2048_m64_n64_k64_4col,xdna1,npu1,npu,0,mlir-aie,success,passed,False,bf16,512,512,2048,64,64,64,4,20,200,200,171,29,678.0,684.0,6.0,669.0,693.0,683.495,681.0,665.0,747.0,12.58530790247104,1570.9578329029473,680.140350877193,680.0,671.0,693.0,4.397388631616495,1578.706251754024,7.887737032957375,,logs/mlir-aie/bf16/mlir-aie_bf16_M512_N512_K2048_m64_n64_k64_4col.log
mlir-aie_bf16_M512_N1024_K256_m64_n64_k64_4col,xdna1,npu1,npu,0,mlir-aie,success,passed,False,bf16,512,1024,256,64,64,64,4,20,200,200,187,13,279.0,286.0,7.0,268.5,296.5,285.075,283.0,271.0,384.0,13.237045554050194,941.6309953521003,282.4812834224599,283.0,271.0,296.0,5.381034477000344,950.2769625927608,4.610725366976112,,logs/mlir-aie/bf16/mlir-aie_bf16_M512_N1024_K256_m64_n64_k64_4col.log
mlir-aie_bf16_M512_N1024_K512_m64_n64_k64_4col,xdna1,npu1,npu,0,mlir-aie,success,passed,False,bf16,512,1024,512,64,64,64,4,20,200,200,190,10,425.0,433.0,8.0,413.0,445.0,430.795,431.0,413.0,493.0,11.261570716378777,1246.2329228519366,428.67894736842106,430.0,413.0,444.0,5.618304571700239,1252.3845999337009,5.696049008052796,,logs/mlir-aie/bf16/mlir-aie_bf16_M512_N1024_K512_m64_n64_k64_4col.log
mlir-aie_bf16_M512_N1024_K1024_m64_n64_k64_4col,xdna1,npu1,npu,0,mlir-aie,success,passed,False,bf16,512,1024,1024,64,64,64,4,20,200,200,200,0,677.0,685.0,8.0,665.0,697.0,681.025,680.5,665.0,696.0,5.7012608254665915,1576.6555177856908,681.025,680.5,665.0,696.0,5.7012608254665915,1576.6555177856908,7.836621207650751,,logs/mlir-aie/bf16/mlir-aie_bf16_M512_N1024_K1024_m64_n64_k64_4col.log
mlir-aie_bf16_M512_N1024_K2048_m64_n64_k64_4col,xdna1,npu1,npu,0,mlir-aie,success,passed,False,bf16,512,1024,2048,64,64,64,4,20,200,200,176,24,1256.5,1270.0,13.5,1236.25,1290.25,1267.465,1266.0,1203.0,1863.0,56.60343430393601,1694.3139636991948,1263.596590909091,1266.0,1237.0,1289.0,11.10035778358309,1699.5009827107865,12.421086135786027,,logs/mlir-aie/bf16/mlir-aie_bf16_M512_N1024_K2048_m64_n64_k64_4col.log
mlir-aie_bf16_M512_N2048_K256_m64_n64_k64_4col,xdna1,npu1,npu,0,mlir-aie,success,passed,False,bf16,512,2048,256,64,64,64,4,20,200,200,186,14,420.75,434.0,13.25,400.875,453.875,436.045,426.0,407.0,1186.0,59.584167150342886,1231.2282264445184,426.40860215053766,425.5,407.0,450.0,8.92349389013671,1259.052723824894,5.745715579949319,,logs/mlir-aie/bf16/mlir-aie_bf16_M512_N2048_K256_m64_n64_k64_4col.log
mlir-aie_bf16_M512_N2048_K512_m64_n64_k64_4col,xdna1,npu1,npu,0,mlir-aie,success,passed,False,bf16,512,2048,512,64,64,64,4,20,200,200,197,3,680.0,692.0,12.0,662.0,710.0,686.84,687.0,672.0,716.0,8.05384380280621,1563.3070642362122,686.4467005076142,687.0,672.0,707.0,7.4468302647181766,1564.2027606891963,7.834123357664794,,logs/mlir-aie/bf16/mlir-aie_bf16_M512_N2048_K512_m64_n64_k64_4col.log
mlir-aie_bf16_M512_N2048_K1024_m64_n64_k64_4col,xdna1,npu1,npu,0,mlir-aie,success,passed,False,bf16,512,2048,1024,64,64,64,4,20,200,200,186,14,1219.0,1232.0,13.0,1199.5,1251.5,1232.08,1225.0,1195.0,1656.0,42.05298562527992,1742.974196480748,1224.6182795698924,1224.0,1202.0,1246.0,7.6284336000687505,1753.5943108363808,12.244248730130494,,logs/mlir-aie/bf16/mlir-aie_bf16_M512_N2048_K1024_m64_n64_k64_4col.log
mlir-aie_bf16_M512_N2048_K2048_m64_n64_k64_4col,xdna1,npu1,npu,0,mlir-aie,success,passed,False,bf16,512,2048,2048,64,64,64,4,20,200,200,196,4,2512.0,2581.25,69.25,2408.125,2685.125,2551.745,2550.5,2402.0,3222.0,74.79124263575248,1683.1490983621013,2547.530612244898,2549.5,2420.0,2676.0,55.18553198476465,1685.9335371107675,4.721530667040497,,logs/mlir-aie/bf16/mlir-aie_bf16_M512_N2048_K2048_m64_n64_k64_4col.log
mlir-aie_bf16_M1024_N256_K256_m64_n64_k64_4col,xdna1,npu1,npu,0,mlir-aie,success,passed,False,bf16,1024,256,256,64,64,64,4,20,200,200,192,8,213.0,223.0,10.0,198.0,238.0,219.035,217.0,201.0,309.0,11.613947434012262,612.7684068756134,217.29166666666666,217.0,201.0,236.0,6.426534620012735,617.6846542665388,4.517708935774863,,logs/mlir-aie/bf16/mlir-aie_bf16_M1024_N256_K256_m64_n64_k64_4col.log
mlir-aie_bf16_M1024_N256_K512_m64_n64_k64_4col,xdna1,npu1,npu,0,mlir-aie,success,passed,False,bf16,1024,256,512,64,64,64,4,20,200,200,183,17,287.0,297.0,10.0,272.0,312.0,299.405,291.0,277.0,858.0,45.788983118213054,896.563036689434,291.1366120218579,291.0,277.0,309.0,6.609144476208434,922.025760126131,5.1007171627134085,,logs/mlir-aie/bf16/mlir-aie_bf16_M1024_N256_K512_m64_n64_k64_4col.log
mlir-aie_bf16_M1024_N256_K1024_m64_n64_k64_4col,xdna1,npu1,npu,0,mlir-aie,success,passed,False,bf16,1024,256,1024,64,64,64,4,20,200,200,183,17,424.0,434.0,10.0,409.0,449.0,435.855,427.0,407.0,1048.0,49.78196435457323,1231.7649493524223,427.4863387978142,427.0,411.0,445.0,6.65698033210604,1255.8785235331713,6.219710217323154,,logs/mlir-aie/bf16/mlir-aie_bf16_M1024_N256_K1024_m64_n64_k64_4col.log
mlir-aie_bf16_M1024_N256_K2048_m64_n64_k64_4col,xdna1,npu1,npu,0,mlir-aie,success,passed,False,bf16,1024,256,2048,64,64,64,4,20,200,200,175,25,697.0,704.0,7.0,686.5,714.5,707.275,701.0,683.0,1245.0,42.647384151903154,1518.1390887561415,699.8228571428572,700.0,687.0,711.0,4.6151976100262315,1534.3051645722592,8.320729486178607,,logs/mlir-aie/bf16/mlir-aie_bf16_M1024_N256_K2048_m64_n64_k64_4col.log
mlir-aie_bf16_M1024_N512_K256_m64_n64_k64_4col,xdna1,npu1,npu,0,mlir-aie,success,passed,False,bf16,1024,512,256,64,64,64,4,20,200,200,193,7,284.0,296.0,12.0,266.0,314.0,292.06,290.0,269.0,519.0,20.185301583082676,919.1106484968842,289.46632124352334,289.0,269.0,313.0,8.207803404432768,927.3460720640091,5.093383311294019,,logs/mlir-aie/bf16/mlir-aie_bf16_M1024_N512_K256_m64_n64_k64_4col.log
mlir-aie_bf16_M1024_N512_K512_m64_n64_k64_4col,xdna1,npu1,npu,0,mlir-aie,success,passed,False,bf16,1024,512,512,64,64,64,4,20,200,200,194,6,420.0,427.0,7.0,409.5,437.5,423.945,425.0,404.0,447.0,5.948274960019922,1266.3692507282785,423.94329896907215,425.0,412.0,436.0,5.088077983916059,1266.3743319107543,6.147553977090865,,logs/mlir-aie/bf16/mlir-aie_bf16_M1024_N512_K512_m64_n64_k64_4col.log
mlir-aie_bf16_M1024_N512_K1024_m64_n64_k64_4col,xdna1,npu1,npu,0,mlir-aie,success,passed,False,bf16,1024,512,1024,64,64,64,4,20,200,200,185,15,695.0,705.0,10.0,680.0,720.0,709.685,701.0,674.0,1488.0,67.57363224660932,1512.9836814924931,700.0108108108108,700.0,681.0,720.0,7.313807149375864,1533.893201958271,8.311477608978748,,logs/mlir-aie/bf16/mlir-aie_bf16_M1024_N512_K1024_m64_n64_k64_4col.log
mlir-aie_bf16_M1024_N512_K2048_m64_n64_k64_4col,xdna1,npu1,npu,0,mlir-aie,success,passed,False,bf16,1024,512,2048,64,64,64,4,20,200,200,199,1,1199.0,1263.0,64.0,1103.0,1359.0,1224.52,1204.0,1181.0,1375.0,35.72001679730848,1753.7350537353411,1223.7638190954774,1204.0,1181.0,1347.0,34.175566479701246,1754.8187113321205,12.7550487681292,,logs/mlir-aie/bf16/mlir-aie_bf16_M1024_N512_K2048_m64_n64_k64_4col.log
mlir-aie_bf16_M1024_N1024_K256_m64_n64_k64_4col,xdna1,npu1,npu,0,mlir-aie,success,passed,False,bf16,1024,1024,256,64,64,64,4,20,200,200,178,22,422.0,433.25,11.25,405.125,450.125,435.655,427.0,403.0,1129.0,54.136364626746044,1232.3304265990291,426.13483146067415,426.0,406.0,446.0,7.481349111099969,1259.861603332806,6.154779898934066,,logs/mlir-aie/bf16/mlir-aie_bf16_M1024_N1024_K256_m64_n64_k64_4col.log
mlir-aie_bf16_M1024_N1024_K512_m64_n64_k64_4col,xdna1,npu1,npu,0,mlir-aie,success,passed,False,bf16,1024,1024,512,64,64,64,4,20,200,200,195,5,688.0,698.25,10.25,672.625,713.625,694.295,693.0,678.0,789.0,12.597141540841715,1546.5210378873533,692.8051282051282,692.0,678.0,711.0,7.250320902462984,1549.8468188042664,8.265607888810337,,logs/mlir-aie/bf16/mlir-aie_bf16_M1024_N1024_K512_m64_n64_k64_4col.log
mlir-aie_bf16_M1024_N1024_K1024_m64_n64_k64_4col,xdna1,npu1,npu,0,mlir-aie,success,passed,False,bf16,1024,1024,1024,64,64,64,4,20,200,200,180,20,1203.75,1214.0,10.25,1188.375,1229.375,1216.695,1208.0,1183.0,1607.0,40.56577344264497,1765.013950086094,1207.7944444444445,1207.5,1191.0,1228.0,7.611903851659818,1778.0208030247973,12.680147709324956,,logs/mlir-aie/bf16/mlir-aie_bf16_M1024_N1024_K1024_m64_n64_k64_4col.log
mlir-aie_bf16_M1024_N1024_K2048_m64_n64_k64_4col,xdna1,npu1,npu,0,mlir-aie,success,passed,False,bf16,1024,1024,2048,64,64,64,4,20,200,200,195,5,2250.0,2314.0,64.0,2154.0,2410.0,2284.94,2262.0,2231.0,2658.0,56.032636918139055,1879.6849352718234,2278.846153846154,2261.0,2231.0,2401.0,39.01474965106537,1884.7113872742616,7.805126286111772,,logs/mlir-aie/bf16/mlir-aie_bf16_M1024_N1024_K2048_m64_n64_k64_4col.log
mlir-aie_bf16_M1024_N2048_K256_m64_n64_k64_4col,xdna1,npu1,npu,0,mlir-aie,success,passed,False,bf16,1024,2048,256,64,64,64,4,20,200,200,172,28,717.0,734.25,17.25,691.125,760.125,732.885,725.0,699.0,853.0,27.296369264061475,1465.0890985625304,723.6279069767442,723.0,699.0,760.0,11.934946255885762,1483.831418948451,8.314327409025282,,logs/mlir-aie/bf16/mlir-aie_bf16_M1024_N2048_K256_m64_n64_k64_4col.log
mlir-aie_bf16_M1024_N2048_K512_m64_n64_k64_4col,xdna1,npu1,npu,0,mlir-aie,success,passed,False,bf16,1024,2048,512,64,64,64,4,20,200,200,161,39,1222.0,1230.0,8.0,1210.0,1242.0,1238.285,1225.0,1204.0,2156.0,70.17972481422252,1734.2402177204763,1224.27950310559,1224.0,1210.0,1241.0,5.279999976618934,1754.0795566311026,12.63687678007409,,logs/mlir-aie/bf16/mlir-aie_bf16_M1024_N2048_K512_m64_n64_k64_4col.log
mlir-aie_bf16_M1024_N2048_K1024_m64_n64_k64_4col,xdna1,npu1,npu,0,mlir-aie,success,passed,False,bf16,1024,2048,1024,64,64,64,4,20,200,200,194,6,2374.0,2416.0,42.0,2311.0,2479.0,2398.36,2395.5,2319.0,2543.0,35.903905080088435,1790.7934155005921,2394.8350515463917,2394.5,2319.0,2474.0,30.031317128998815,1793.429277405413,4.8185525462031364,,logs/mlir-aie/bf16/mlir-aie_bf16_M1024_N2048_K1024_m64_n64_k64_4col.log
mlir-aie_bf16_M1024_N2048_K2048_m64_n64_k64_4col,xdna1,npu1,npu,0,mlir-aie,success,passed,False,bf16,1024,2048,2048,64,64,64,4,20,200,200,200,0,4749.25,5261.5,512.25,3980.875,6029.875,5009.69,5091.0,4309.0,5932.0,364.5602472843138,1714.6638997622608,5009.69,5091.0,4309.0,5932.0,364.5602472843138,1714.6638997622608,5.86820790823549,,logs/mlir-aie/bf16/mlir-aie_bf16_M1024_N2048_K2048_m64_n64_k64_4col.log
mlir-aie_bf16_M2048_N256_K256_m64_n64_k64_4col,xdna1,npu1,npu,0,mlir-aie,success,passed,False,bf16,2048,256,256,64,64,64,4,20,200,200,197,3,283.75,298.25,14.5,262.0,320.0,292.59,291.5,272.0,391.0,14.052825338699687,917.4457636966404,291.39086294416245,291.0,272.0,320.0,9.869941949052304,921.2212534318165,6.063955155201256,,logs/mlir-aie/bf16/mlir-aie_bf16_M2048_N256_K256_m64_n64_k64_4col.log
mlir-aie_bf16_M2048_N256_K512_m64_n64_k64_4col,xdna1,npu1,npu,0,mlir-aie,success,passed,False,bf16,2048,256,512,64,64,64,4,20,200,200,192,8,419.0,428.0,9.0,405.5,441.5,423.4,423.0,403.0,470.0,8.705170877128145,1267.9993197921588,423.03125,423.0,406.0,441.0,6.337640736438653,1269.1046157937506,7.1346474420279264,,logs/mlir-aie/bf16/mlir-aie_bf16_M2048_N256_K512_m64_n64_k64_4col.log
mlir-aie_bf16_M2048_N256_K1024_m64_n64_k64_4col,xdna1,npu1,npu,0,mlir-aie,success,passed,False,bf16,2048,256,1024,64,64,64,4,20,200,200,184,16,676.0,682.0,6.0,667.0,691.0,686.61,680.0,665.0,1499.0,65.5947246354461,1563.830739429953,678.4728260869565,680.0,669.0,689.0,4.525209657907037,1582.586336128934,9.287605037912726,,logs/mlir-aie/bf16/mlir-aie_bf16_M2048_N256_K1024_m64_n64_k64_4col.log
mlir-aie_bf16_M2048_N256_K2048_m64_n64_k64_4col,xdna1,npu1,npu,0,mlir-aie,success,passed,False,bf16,2048,256,2048,64,64,64,4,20,200,200,187,13,1231.0,1239.0,8.0,1219.0,1251.0,1242.85,1234.0,1217.0,1722.0,52.02093328651458,1727.8703367260732,1234.3689839572191,1234.0,1220.0,1251.0,5.992660442704961,1739.7420673318113,13.773324545938522,,logs/mlir-aie/bf16/mlir-aie_bf16_M2048_N256_K2048_m64_n64_k64_4col.log
mlir-aie_bf16_M2048_N512_K256_m64_n64_k64_4col,xdna1,npu1,npu,0,mlir-aie,success,passed,False,bf16,2048,512,256,64,64,64,4,20,200,200,185,15,423.0,430.0,7.0,412.5,440.5,427.155,426.0,407.0,506.0,10.59532797982205,1256.852692816425,425.8162162162162,426.0,413.0,437.0,4.9241552170803065,1260.8042896313598,7.105856686830521,,logs/mlir-aie/bf16/mlir-aie_bf16_M2048_N512_K256_m64_n64_k64_4col.log
mlir-aie_bf16_M2048_N512_K512_m64_n64_k64_4col,xdna1,npu1,npu,0,mlir-aie,success,passed,False,bf16,2048,512,512,64,64,64,4,20,200,200,188,12,681.0,690.0,9.0,667.5,703.5,695.155,686.0,664.0,1750.0,91.64840956066831,1544.6077838755386,684.5744680851063,685.0,668.0,703.0,6.398951645689711,1568.4806753069154,9.219986621290445,,logs/mlir-aie/bf16/mlir-aie_bf16_M2048_N512_K512_m64_n64_k64_4col.log
mlir-aie_bf16_M2048_N512_K1024_m64_n64_k64_4col,xdna1,npu1,npu,0,mlir-aie,success,passed,False,bf16,2048,512,1024,64,64,64,4,20,200,200,178,22,1239.0,1251.0,12.0,1221.0,1269.0,1253.34,1243.5,1225.0,1681.0,43.66136049185825,1713.4086903793066,1243.3483146067415,1242.0,1225.0,1269.0,7.721415023714133,1727.1778332520016,13.619800933636725,,logs/mlir-aie/bf16/mlir-aie_bf16_M2048_N512_K1024_m64_n64_k64_4col.log
mlir-aie_bf16_M2048_N512_K2048_m64_n64_k64_4col,xdna1,npu1,npu,0,mlir-aie,success,passed,False,bf16,2048,512,2048,64,64,64,4,20,200,200,173,27,2245.0,2255.0,10.0,2230.0,2270.0,2259.175,2249.0,2229.0,2587.0,38.167582776487166,1901.122000730355,2248.4450867052024,2248.0,2233.0,2269.0,6.771552329136904,1910.1944367668345,5.968023324850947,,logs/mlir-aie/bf16/mlir-aie_bf16_M2048_N512_K2048_m64_n64_k64_4col.log
mlir-aie_bf16_M2048_N1024_K256_m64_n64_k64_4col,xdna1,npu1,npu,0,mlir-aie,success,passed,False,bf16,2048,1024,256,64,64,64,4,20,200,200,189,11,683.0,694.0,11.0,666.5,710.5,694.71,690.0,659.0,1246.0,45.71166043801078,1545.5971901944697,687.9206349206349,689.0,667.0,710.0,8.146739382098751,1560.8513097210366,9.277808378916234,,logs/mlir-aie/bf16/mlir-aie_bf16_M2048_N1024_K256_m64_n64_k64_4col.log
mlir-aie_bf16_M2048_N1024_K512_m64_n64_k64_4col,xdna1,npu1,npu,0,mlir-aie,success,passed,False,bf16,2048,1024,512,64,64,64,4,20,200,200,180,20,1225.0,1236.0,11.0,1208.5,1252.5,1239.05,1231.0,1203.0,1736.0,45.844710709088346,1733.169483071708,1229.6166666666666,1230.0,1210.0,1249.0,8.153577946725802,1746.4659565989402,13.593985798303038,,logs/mlir-aie/bf16/mlir-aie_bf16_M2048_N1024_K512_m64_n64_k64_4col.log
mlir-aie_bf16_M2048_N1024_K1024_m64_n64_k64_4col,xdna1,npu1,npu,0,mlir-aie,success,passed,False,bf16,2048,1024,1024,64,64,64,4,20,200,200,166,34,2294.75,2366.75,72.0,2186.75,2474.75,2394.935,2322.5,2241.0,3223.0,198.40892312343212,1793.3544317486696,2316.0662650602408,2309.5,2241.0,2472.0,47.58101974807909,1854.4233214710237,5.741860732901841,,logs/mlir-aie/bf16/mlir-aie_bf16_M2048_N1024_K1024_m64_n64_k64_4col.log
mlir-aie_bf16_M2048_N1024_K2048_m64_n64_k64_4col,xdna1,npu1,npu,0,mlir-aie,success,passed,False,bf16,2048,1024,2048,64,64,64,4,20,200,200,176,24,4361.0,4400.25,39.25,4302.125,4459.125,4388.405,4376.0,4287.0,4701.0,49.88898651005049,1957.4160981039809,4379.528409090909,4373.5,4305.0,4459.0,30.056183938144137,1961.3834617830635,6.618495973292738,,logs/mlir-aie/bf16/mlir-aie_bf16_M2048_N1024_K2048_m64_n64_k64_4col.log
mlir-aie_bf16_M2048_N2048_K256_m64_n64_k64_4col,xdna1,npu1,npu,0,mlir-aie,success,passed,False,bf16,2048,2048,256,64,64,64,4,20,200,200,172,28,1264.0,1276.0,12.0,1246.0,1294.0,1278.735,1270.0,1242.0,1750.0,42.411847106675275,1679.3813010514298,1268.156976744186,1269.0,1246.0,1293.0,9.341319072952972,1693.3894520797896,13.65131619013846,,logs/mlir-aie/bf16/mlir-aie_bf16_M2048_N2048_K256_m64_n64_k64_4col.log
mlir-aie_bf16_M2048_N2048_K512_m64_n64_k64_4col,xdna1,npu1,npu,0,mlir-aie,success,passed,False,bf16,2048,2048,512,64,64,64,4,20,200,200,174,26,2258.0,2269.25,11.25,2241.125,2286.125,2275.375,2262.5,2241.0,3006.0,63.18784990011925,1887.5865718837554,2262.051724137931,2261.0,2244.0,2285.0,7.827352014320298,1898.7042825631293,6.9277260499075055,,logs/mlir-aie/bf16/mlir-aie_bf16_M2048_N2048_K512_m64_n64_k64_4col.log
mlir-aie_bf16_M2048_N2048_K1024_m64_n64_k64_4col,xdna1,npu1,npu,0,mlir-aie,success,passed,False,bf16,2048,2048,1024,64,64,64,4,20,200,200,182,18,5018.75,5190.75,172.0,4760.75,5448.75,5123.585,5112.0,4689.0,5855.0,183.2439160654454,1676.5476891668627,5103.692307692308,5109.0,4761.0,5438.0,131.80519193926727,1683.0823792126364,9.330869465135038,,logs/mlir-aie/bf16/mlir-aie_bf16_M2048_N2048_K1024_m64_n64_k64_4col.log
mlir-aie_bf16_M2048_N2048_K2048_m64_n64_k64_4col,xdna1,npu1,npu,0,mlir-aie,success,passed,False,bf16,2048,2048,2048,64,64,64,4,20,200,200,199,1,9448.5,9754.25,305.75,8989.875,10212.875,9610.425,9598.0,9049.0,10241.0,221.2632919736123,1787.6284538925177,9607.256281407035,9596.0,9049.0,10194.0,217.24480702455674,1788.2180594316271,13.996730216778815,,logs/mlir-aie/bf16/mlir-aie_bf16_M2048_N2048_K2048_m64_n64_k64_4col.log
