case_id,device,target,backend_target,npu2,flow,status,validation,timed_validation_failure,dtype,M,N,K,m,n,k,npu_columns,warmup,iterations,raw_count,filtered_count,outlier_count,q1_us,q3_us,iqr_us,lower_bound_us,upper_bound_us,raw_mean_us,raw_median_us,raw_min_us,raw_max_us,raw_std_us,raw_gflops,filtered_mean_us,filtered_median_us,filtered_min_us,filtered_max_us,filtered_std_us,filtered_gflops,elapsed_seconds,error,log_path
allo_int16_M256_N256_K256_m64_n64_k64_4col,xdna2,npu2,npu2_4col,2,allo,success,passed,False,int16,256,256,256,64,64,64,4,20,200,200,184,16,92.0,96.0,4.0,86.0,102.0,95.485,94.0,85.0,291.0,15.07314748153152,351.410504267686,94.16847826086956,94.0,86.0,102.0,2.890931448656602,356.3233963178854,12.614764168858528,,logs/allo/int16/allo_int16_M256_N256_K256_m64_n64_k64_4col.log
allo_int16_M256_N256_K512_m64_n64_k64_4col,xdna2,npu2,npu2_4col,2,allo,success,passed,False,int16,256,256,512,64,64,64,4,20,200,200,193,7,111.0,117.0,6.0,102.0,126.0,115.575,114.0,101.0,300.0,15.211981297648245,580.652078736751,113.80829015544042,114.0,105.0,126.0,4.12367531611074,589.6658662417482,11.335677255876362,,logs/allo/int16/allo_int16_M256_N256_K512_m64_n64_k64_4col.log
allo_int16_M256_N256_K1024_m64_n64_k64_4col,xdna2,npu2,npu2_4col,2,allo,success,passed,False,int16,256,256,1024,64,64,64,4,20,200,200,189,11,144.0,148.0,4.0,138.0,154.0,145.955,147.0,135.0,182.0,5.274748809185135,919.582939947244,145.83597883597884,147.0,138.0,152.0,3.7245896360839597,920.3334394659507,12.377532314509153,,logs/allo/int16/allo_int16_M256_N256_K1024_m64_n64_k64_4col.log
allo_int16_M256_N256_K2048_m64_n64_k64_4col,xdna2,npu2,npu2_4col,2,allo,success,passed,False,int16,256,256,2048,64,64,64,4,20,200,200,171,29,208.0,210.0,2.0,205.0,213.0,208.44,209.0,195.0,224.0,3.8296736153359077,1287.8308194204567,209.16959064327486,209.0,206.0,213.0,1.20932505303126,1283.338821740103,14.615244474262,,logs/allo/int16/allo_int16_M256_N256_K2048_m64_n64_k64_4col.log
allo_int16_M256_N512_K256_m64_n64_k64_8col,xdna2,npu2,npu2,2,allo,success,passed,False,int16,256,512,256,64,64,64,8,20,200,200,172,28,105.0,108.0,3.0,100.5,112.5,108.83,107.0,98.0,295.0,19.76211274130375,616.6393825232013,106.93604651162791,107.0,101.0,112.0,2.1624390186695615,627.5607354972,14.03555916622281,,logs/allo/int16/allo_int16_M256_N512_K256_m64_n64_k64_8col.log
allo_int16_M256_N512_K512_m64_n64_k64_8col,xdna2,npu2,npu2,2,allo,success,passed,False,int16,256,512,512,64,64,64,8,20,200,200,192,8,115.0,124.0,9.0,101.5,137.5,121.65,118.0,108.0,303.0,16.07630243557268,1103.3105466502261,119.31770833333333,118.0,108.0,135.0,5.774233260638497,1124.8768508446462,16.57272345945239,,logs/allo/int16/allo_int16_M256_N512_K512_m64_n64_k64_8col.log
allo_int16_M256_N512_K1024_m64_n64_k64_8col,xdna2,npu2,npu2,2,allo,success,passed,False,int16,256,512,1024,64,64,64,8,20,200,200,198,2,149.0,153.0,4.0,143.0,159.0,151.1,152.0,142.0,161.0,3.1937438845342623,1776.541733951026,151.09595959595958,152.0,143.0,159.0,3.064275061891992,1776.5892398301971,21.705422018654644,,logs/allo/int16/allo_int16_M256_N512_K1024_m64_n64_k64_8col.log
allo_int16_M256_N512_K2048_m64_n64_k64_8col,xdna2,npu2,npu2,2,allo,success,passed,False,int16,256,512,2048,64,64,64,8,20,200,200,164,36,216.0,218.0,2.0,213.0,221.0,216.985,217.0,205.0,250.0,5.495887098549241,2474.2305320644286,217.0548780487805,217.0,213.0,221.0,1.2984655521060036,2473.433985111105,31.629469491541386,,logs/allo/int16/allo_int16_M256_N512_K2048_m64_n64_k64_8col.log
allo_int16_M256_N1024_K256_m64_n64_k64_8col,xdna2,npu2,npu2,2,allo,success,passed,False,int16,256,1024,256,64,64,64,8,20,200,200,170,30,164.0,166.25,2.25,160.625,169.625,164.645,165.0,155.0,175.0,3.2663396945204584,815.1946794618725,165.48823529411766,165.0,162.0,169.0,1.5689570732106901,811.040904276117,15.413888389244676,,logs/allo/int16/allo_int16_M256_N1024_K256_m64_n64_k64_8col.log
allo_int16_M256_N1024_K512_m64_n64_k64_8col,xdna2,npu2,npu2,2,allo,success,passed,False,int16,256,1024,512,64,64,64,8,20,200,200,163,37,192.0,194.0,2.0,189.0,197.0,194.85,193.0,182.0,381.0,19.692320838336958,1377.6518142160637,193.3926380368098,193.0,189.0,197.0,1.5084041980884533,1388.0334780319133,18.08564491942525,,logs/allo/int16/allo_int16_M256_N1024_K512_m64_n64_k64_8col.log
allo_int16_M256_N1024_K1024_m64_n64_k64_8col,xdna2,npu2,npu2,2,allo,success,passed,False,int16,256,1024,1024,64,64,64,8,20,200,200,169,31,255.75,258.0,2.25,252.375,261.375,258.81,257.0,244.0,447.0,19.546199119010325,2074.38241180789,256.7692307692308,257.0,253.0,261.0,1.4225570776082253,2090.8693397243856,24.258578712120652,,logs/allo/int16/allo_int16_M256_N1024_K1024_m64_n64_k64_8col.log
allo_int16_M256_N1024_K2048_m64_n64_k64_8col,xdna2,npu2,npu2,2,allo,success,passed,False,int16,256,1024,2048,64,64,64,8,20,200,200,164,36,380.0,382.0,2.0,377.0,385.0,380.495,381.0,370.0,396.0,3.984968632247938,2821.960404210305,381.2012195121951,381.0,378.0,385.0,1.4616223781143474,2816.7323949645697,36.45815486088395,,logs/allo/int16/allo_int16_M256_N1024_K2048_m64_n64_k64_8col.log
allo_int16_M256_N2048_K256_m64_n64_k64_8col,xdna2,npu2,npu2,2,allo,success,passed,False,int16,256,2048,256,64,64,64,8,20,200,200,171,29,272.0,281.0,9.0,258.5,294.5,292.085,279.0,264.0,474.0,46.17865064074523,919.0319804166595,276.280701754386,278.0,264.0,284.0,4.54125102929243,971.6040762001525,18.088522970676422,,logs/allo/int16/allo_int16_M256_N2048_K256_m64_n64_k64_8col.log
allo_int16_M256_N2048_K512_m64_n64_k64_8col,xdna2,npu2,npu2,2,allo,success,passed,False,int16,256,2048,512,64,64,64,8,20,200,200,181,19,324.0,326.0,2.0,321.0,329.0,324.68,325.0,314.0,332.0,2.5646832163056708,1653.5385980041888,325.1381215469613,325.0,321.0,329.0,1.6512960945439707,1651.2087522854715,22.331682480871677,,logs/allo/int16/allo_int16_M256_N2048_K512_m64_n64_k64_8col.log
allo_int16_M256_N2048_K1024_m64_n64_k64_8col,xdna2,npu2,npu2,2,allo,success,passed,False,int16,256,2048,1024,64,64,64,8,20,200,200,182,18,455.0,457.0,2.0,452.0,460.0,455.765,456.0,447.0,468.0,2.615296350320552,2355.9111033098197,456.2362637362637,456.0,452.0,460.0,1.5024534136250325,2353.4775934003733,31.24109006393701,,logs/allo/int16/allo_int16_M256_N2048_K1024_m64_n64_k64_8col.log
allo_int16_M256_N2048_K2048_m64_n64_k64_8col,xdna2,npu2,npu2,2,allo,success,passed,False,int16,256,2048,2048,64,64,64,8,20,200,200,164,36,696.0,700.0,4.0,690.0,706.0,700.69,698.0,688.0,738.0,8.766065251867568,3064.81275314333,697.3353658536586,697.0,690.0,705.0,2.2286314268812615,3079.556484807149,48.51607702393085,,logs/allo/int16/allo_int16_M256_N2048_K2048_m64_n64_k64_8col.log
allo_int16_M512_N256_K256_m64_n64_k64_4col,xdna2,npu2,npu2_4col,2,allo,success,passed,False,int16,512,256,256,64,64,64,4,20,200,200,187,13,145.0,148.0,3.0,140.5,152.5,148.88,147.0,138.0,348.0,20.796047701426346,450.75808704997314,146.58823529411765,147.0,141.0,152.0,2.2340272233068803,457.8052520064205,11.103530826978385,,logs/allo/int16/allo_int16_M512_N256_K256_m64_n64_k64_4col.log
allo_int16_M512_N256_K512_m64_n64_k64_4col,xdna2,npu2,npu2_4col,2,allo,success,passed,False,int16,512,256,512,64,64,64,4,20,200,200,163,37,183.75,186.0,2.25,180.375,189.375,188.435,185.0,173.0,370.0,20.668956795155385,712.2759996815878,185.03067484662577,185.0,181.0,189.0,1.9167435090672296,725.3809570291777,11.671642299741507,,logs/allo/int16/allo_int16_M512_N256_K512_m64_n64_k64_4col.log
allo_int16_M512_N256_K1024_m64_n64_k64_4col,xdna2,npu2,npu2_4col,2,allo,success,passed,False,int16,512,256,1024,64,64,64,4,20,200,200,194,6,244.0,251.0,7.0,233.5,261.5,248.38,249.0,233.0,271.0,5.419003598448704,1080.7450519365489,248.10824742268042,249.0,236.0,259.0,4.326093690524327,1081.9287903101822,13.073361438699067,,logs/allo/int16/allo_int16_M512_N256_K1024_m64_n64_k64_4col.log
allo_int16_M512_N256_K2048_m64_n64_k64_4col,xdna2,npu2,npu2_4col,2,allo,success,passed,False,int16,512,256,2048,64,64,64,4,20,200,200,164,36,369.0,370.0,1.0,367.5,371.5,371.185,369.0,355.0,562.0,18.605665131889264,1446.370171208427,369.4451219512195,369.0,368.0,371.0,0.8058706001290097,1453.1817585370281,15.82249813620001,,logs/allo/int16/allo_int16_M512_N256_K2048_m64_n64_k64_4col.log
allo_int16_M512_N512_K256_m64_n64_k64_8col,xdna2,npu2,npu2,2,allo,success,passed,False,int16,512,512,256,64,64,64,8,20,200,200,184,16,164.0,168.0,4.0,158.0,174.0,165.525,167.0,153.0,177.0,3.939463796000669,810.8607642350098,166.07065217391303,167.0,158.0,172.0,2.6703703555010403,808.1965491376773,15.065661814063787,,logs/allo/int16/allo_int16_M512_N512_K256_m64_n64_k64_8col.log
allo_int16_M512_N512_K512_m64_n64_k64_8col,xdna2,npu2,npu2,2,allo,success,passed,False,int16,512,512,512,64,64,64,8,20,200,200,171,29,193.75,198.0,4.25,187.375,204.375,201.82,196.0,183.0,383.0,32.55299678985024,1330.0736101476564,195.36257309941521,196.0,188.0,204.0,3.4195178243561215,1374.0372669201065,18.135171560570598,,logs/allo/int16/allo_int16_M512_N512_K512_m64_n64_k64_8col.log
allo_int16_M512_N512_K1024_m64_n64_k64_8col,xdna2,npu2,npu2,2,allo,success,passed,False,int16,512,512,1024,64,64,64,8,20,200,200,192,8,254.0,262.0,8.0,242.0,274.0,263.61,261.0,243.0,448.0,27.22550091366548,2036.6105686430712,258.8333333333333,261.0,243.0,273.0,5.285922078712684,2074.195410173857,24.03301170375198,,logs/allo/int16/allo_int16_M512_N512_K1024_m64_n64_k64_8col.log
allo_int16_M512_N512_K2048_m64_n64_k64_8col,xdna2,npu2,npu2,2,allo,success,passed,False,int16,512,512,2048,64,64,64,8,20,200,200,173,27,376.0,378.0,2.0,373.0,381.0,377.435,377.0,368.0,408.0,4.357266918608499,2844.8390424841364,377.1791907514451,377.0,373.0,381.0,1.6542904224362103,2846.768460001226,35.784657501615584,,logs/allo/int16/allo_int16_M512_N512_K2048_m64_n64_k64_8col.log
allo_int16_M512_N1024_K256_m64_n64_k64_8col,xdna2,npu2,npu2,2,allo,success,passed,False,int16,512,1024,256,64,64,64,8,20,200,200,174,26,271.0,274.0,3.0,266.5,278.5,276.265,272.0,262.0,459.0,25.588176468830287,971.6592981376576,272.36206896551727,272.0,267.0,278.0,2.131037272623997,985.5831137557763,17.559663775376976,,logs/allo/int16/allo_int16_M512_N1024_K256_m64_n64_k64_8col.log
allo_int16_M512_N1024_K512_m64_n64_k64_8col,xdna2,npu2,npu2,2,allo,success,passed,False,int16,512,1024,512,64,64,64,8,20,200,200,141,59,330.0,331.0,1.0,328.5,332.5,332.175,331.0,321.0,523.0,15.1843463804011,1616.229132234515,330.5531914893617,331.0,329.0,332.0,0.8373000505669053,1624.1589124613797,21.766301800496876,,logs/allo/int16/allo_int16_M512_N1024_K512_m64_n64_k64_8col.log
allo_int16_M512_N1024_K1024_m64_n64_k64_8col,xdna2,npu2,npu2,2,allo,success,passed,False,int16,512,1024,1024,64,64,64,8,20,200,200,193,7,444.0,448.0,4.0,438.0,454.0,446.62,447.0,438.0,473.0,4.684613111026352,2404.150785903005,446.00518134715026,447.0,438.0,454.0,3.2455587978217855,2407.4649105124363,29.90119521599263,,logs/allo/int16/allo_int16_M512_N1024_K1024_m64_n64_k64_8col.log
allo_int16_M512_N1024_K2048_m64_n64_k64_8col,xdna2,npu2,npu2,2,allo,success,passed,False,int16,512,1024,2048,64,64,64,8,20,200,200,199,1,689.0,693.0,4.0,683.0,699.0,691.035,690.0,683.0,700.0,2.786355146064478,3107.633691491748,690.9899497487437,690.0,683.0,699.0,2.7197212940065754,3107.8362988938748,46.15406616590917,,logs/allo/int16/allo_int16_M512_N1024_K2048_m64_n64_k64_8col.log
allo_int16_M512_N2048_K256_m64_n64_k64_8col,xdna2,npu2,npu2,2,allo,success,passed,False,int16,512,2048,256,64,64,64,8,20,200,200,154,46,483.0,488.0,5.0,475.5,495.5,498.015,485.0,475.0,664.0,30.426054213453313,1078.0215696314367,484.18831168831167,484.0,476.0,494.0,2.278554681221833,1108.8060141889625,23.53984801378101,,logs/allo/int16/allo_int16_M512_N2048_K256_m64_n64_k64_8col.log
allo_int16_M512_N2048_K512_m64_n64_k64_8col,xdna2,npu2,npu2,2,allo,success,passed,False,int16,512,2048,512,64,64,64,8,20,200,200,158,42,600.0,602.0,2.0,597.0,605.0,600.09,601.0,587.0,612.0,4.027641990048272,1789.301311469946,601.7594936708861,602.0,599.0,605.0,1.1162231739265116,1784.3371567765414,30.26568858139217,,logs/allo/int16/allo_int16_M512_N2048_K512_m64_n64_k64_8col.log
allo_int16_M512_N2048_K1024_m64_n64_k64_8col,xdna2,npu2,npu2,2,allo,success,passed,False,int16,512,2048,1024,64,64,64,8,20,200,200,159,41,844.0,847.0,3.0,839.5,851.5,846.58,845.0,834.0,869.0,5.5446911546090645,2536.6576673202767,844.6792452830189,844.0,842.0,851.0,1.5553549402469862,2542.3658270192996,43.5767862489447,,logs/allo/int16/allo_int16_M512_N2048_K1024_m64_n64_k64_8col.log
allo_int16_M512_N2048_K2048_m64_n64_k64_8col,xdna2,npu2,npu2,2,allo,success,passed,False,int16,512,2048,2048,64,64,64,8,20,200,200,197,3,1333.0,1350.25,17.25,1307.125,1376.125,1342.51,1335.0,1324.0,1653.0,26.5346923856298,3199.2069303021954,1340.0609137055837,1335.0,1324.0,1375.0,11.021729584008588,3205.0537793266467,70.92769098561257,,logs/allo/int16/allo_int16_M512_N2048_K2048_m64_n64_k64_8col.log
allo_int16_M1024_N256_K256_m64_n64_k64_4col,xdna2,npu2,npu2_4col,2,allo,success,passed,False,int16,1024,256,256,64,64,64,4,20,200,200,167,33,257.75,267.0,9.25,243.875,280.875,279.41,265.0,248.0,450.0,46.29332457277183,480.3612182813786,262.0419161676647,265.0,248.0,276.0,5.645573002972709,512.1994601585886,11.662728300318122,,logs/allo/int16/allo_int16_M1024_N256_K256_m64_n64_k64_4col.log
allo_int16_M1024_N256_K512_m64_n64_k64_4col,xdna2,npu2,npu2_4col,2,allo,success,passed,False,int16,1024,256,512,64,64,64,4,20,200,200,159,41,315.0,317.0,2.0,312.0,320.0,326.81,316.0,302.0,511.0,39.75743829775757,821.3807900615036,315.67295597484275,316.0,312.0,320.0,1.5192552600638238,850.3593700988205,12.724157303571701,,logs/allo/int16/allo_int16_M1024_N256_K512_m64_n64_k64_4col.log
allo_int16_M1024_N256_K1024_m64_n64_k64_4col,xdna2,npu2,npu2_4col,2,allo,success,passed,False,int16,1024,256,1024,64,64,64,4,20,200,200,178,22,437.0,442.0,5.0,429.5,449.5,441.035,439.0,426.0,636.0,18.983776626372318,1217.297747344315,439.1123595505618,439.0,430.0,449.0,3.3518004628309104,1222.6276494460224,14.598892940208316,,logs/allo/int16/allo_int16_M1024_N256_K1024_m64_n64_k64_4col.log
allo_int16_M1024_N256_K2048_m64_n64_k64_4col,xdna2,npu2,npu2_4col,2,allo,success,passed,False,int16,1024,256,2048,64,64,64,4,20,200,200,190,10,679.0,683.0,4.0,673.0,689.0,681.19,682.0,672.0,727.0,4.563321158980595,1576.273615290888,681.0894736842105,682.0,673.0,688.0,2.601091822746769,1576.5062675125769,18.362082812935114,,logs/allo/int16/allo_int16_M1024_N256_K2048_m64_n64_k64_4col.log
allo_int16_M1024_N512_K256_m64_n64_k64_8col,xdna2,npu2,npu2,2,allo,success,passed,False,int16,1024,512,256,64,64,64,8,20,200,200,144,56,276.0,278.0,2.0,273.0,281.0,292.08,277.0,268.0,464.0,45.53815543036411,919.0477129553547,276.65277777777777,277.0,273.0,281.0,1.3709255006728345,970.2973458506954,17.71253659389913,,logs/allo/int16/allo_int16_M1024_N512_K256_m64_n64_k64_8col.log
allo_int16_M1024_N512_K512_m64_n64_k64_8col,xdna2,npu2,npu2,2,allo,success,passed,False,int16,1024,512,512,64,64,64,8,20,200,200,182,18,330.0,332.0,2.0,327.0,335.0,332.145,331.0,322.0,504.0,12.988994379858665,1616.375113278839,331.04945054945057,331.0,328.0,335.0,1.4611356133233069,1621.7242200793346,21.51020789798349,,logs/allo/int16/allo_int16_M1024_N512_K512_m64_n64_k64_8col.log
allo_int16_M1024_N512_K1024_m64_n64_k64_8col,xdna2,npu2,npu2,2,allo,success,passed,False,int16,1024,512,1024,64,64,64,8,20,200,200,164,36,457.0,459.0,2.0,454.0,462.0,462.88,458.0,445.0,673.0,28.43511209754588,2319.698029726927,457.7987804878049,458.0,454.0,461.0,1.5585322913029132,2345.4449198311113,29.459697514772415,,logs/allo/int16/allo_int16_M1024_N512_K1024_m64_n64_k64_8col.log
allo_int16_M1024_N512_K2048_m64_n64_k64_8col,xdna2,npu2,npu2,2,allo,success,passed,False,int16,1024,512,2048,64,64,64,8,20,200,200,199,1,689.0,693.0,4.0,683.0,699.0,690.745,690.0,684.0,700.0,2.742257281875645,3108.9383897096614,690.6984924623116,690.0,684.0,699.0,2.6693020823292186,3109.1477271715326,45.310300887562335,,logs/allo/int16/allo_int16_M1024_N512_K2048_m64_n64_k64_8col.log
allo_int16_M1024_N1024_K256_m64_n64_k64_8col,xdna2,npu2,npu2,2,allo,success,passed,False,int16,1024,1024,256,64,64,64,8,20,200,200,164,36,476.0,482.0,6.0,467.0,491.0,490.275,477.0,467.0,676.0,35.41891267388088,1095.0403589822038,476.6707317073171,476.0,467.0,488.0,3.324171923471998,1126.2930074960984,23.012466532178223,,logs/allo/int16/allo_int16_M1024_N1024_K256_m64_n64_k64_8col.log
allo_int16_M1024_N1024_K512_m64_n64_k64_8col,xdna2,npu2,npu2,2,allo,success,passed,False,int16,1024,1024,512,64,64,64,8,20,200,200,160,40,598.0,601.0,3.0,593.5,605.5,602.455,600.0,588.0,790.0,23.487613224846836,1782.277222365156,599.7875,600.0,595.0,604.0,1.6255287601269932,1790.2037371569097,29.0126325590536,,logs/allo/int16/allo_int16_M1024_N1024_K512_m64_n64_k64_8col.log
allo_int16_M1024_N1024_K1024_m64_n64_k64_8col,xdna2,npu2,npu2,2,allo,success,passed,False,int16,1024,1024,1024,64,64,64,8,20,200,200,185,15,839.0,845.0,6.0,830.0,854.0,846.57,843.0,833.0,1088.0,26.56567522198523,2536.687631264987,841.7351351351351,842.0,833.0,854.0,3.610810810810811,2551.25817892256,41.43774614483118,,logs/allo/int16/allo_int16_M1024_N1024_K1024_m64_n64_k64_8col.log
allo_int16_M1024_N1024_K2048_m64_n64_k64_8col,xdna2,npu2,npu2,2,allo,success,passed,False,int16,1024,1024,2048,64,64,64,8,20,200,200,196,4,1332.0,1351.0,19.0,1303.5,1379.5,1340.06,1334.0,1321.0,1397.0,13.206301526165454,3205.0559646582988,1339.1275510204082,1334.0,1321.0,1376.0,11.558593239489326,3207.287679748846,65.77042381372303,,logs/allo/int16/allo_int16_M1024_N1024_K2048_m64_n64_k64_8col.log
allo_int16_M1024_N2048_K256_m64_n64_k64_8col,xdna2,npu2,npu2,2,allo,success,passed,False,int16,1024,2048,256,64,64,64,8,20,200,200,153,47,892.0,903.25,11.25,875.125,920.125,917.925,895.0,885.0,1131.0,53.74122602806899,1169.7489707764796,893.6732026143791,894.0,885.0,919.0,4.03065064787584,1201.4926942632303,36.295219474472106,,logs/allo/int16/allo_int16_M1024_N2048_K256_m64_n64_k64_8col.log
allo_int16_M1024_N2048_K512_m64_n64_k64_8col,xdna2,npu2,npu2,2,allo,success,passed,False,int16,1024,2048,512,64,64,64,8,20,200,200,185,15,1121.0,1125.0,4.0,1115.0,1131.0,1124.15,1123.0,1113.0,1163.0,7.0176563039236965,1910.3177049326157,1122.5945945945946,1123.0,1115.0,1130.0,3.2884684635322956,1912.9645362095532,47.81176118273288,,logs/allo/int16/allo_int16_M1024_N2048_K512_m64_n64_k64_8col.log
allo_int16_M1024_N2048_K1024_m64_n64_k64_8col,xdna2,npu2,npu2,2,allo,success,passed,False,int16,1024,2048,1024,64,64,64,8,20,200,200,171,29,1644.0,1646.0,2.0,1641.0,1649.0,1644.91,1645.0,1631.0,1673.0,4.602379819180507,2611.0652230213204,1644.877192982456,1645.0,1641.0,1649.0,1.6550844091327375,2611.1173006250133,71.51637641433626,,logs/allo/int16/allo_int16_M1024_N2048_K1024_m64_n64_k64_8col.log
allo_int16_M1024_N2048_K2048_m64_n64_k64_8col,xdna2,npu2,npu2,2,allo,success,passed,False,int16,1024,2048,2048,64,64,64,8,20,200,200,198,2,2594.0,2615.0,21.0,2562.5,2646.5,2603.12,2597.0,2580.0,2655.0,14.101616928565319,3299.861163526845,2602.6111111111113,2597.0,2580.0,2646.0,13.226667192760932,3300.506385809123,121.50316794030368,,logs/allo/int16/allo_int16_M1024_N2048_K2048_m64_n64_k64_8col.log
allo_int16_M2048_N256_K256_m64_n64_k64_4col,xdna2,npu2,npu2_4col,2,allo,success,passed,False,int16,2048,256,256,64,64,64,4,20,200,200,187,13,476.0,510.75,34.75,423.875,562.875,494.63,477.0,462.0,665.0,36.099627421900074,542.699504680266,487.16042780748666,476.0,462.0,562.0,21.899281746063075,551.0206508523694,13.291933936066926,,logs/allo/int16/allo_int16_M2048_N256_K256_m64_n64_k64_4col.log
allo_int16_M2048_N256_K512_m64_n64_k64_4col,xdna2,npu2,npu2_4col,2,allo,success,passed,False,int16,2048,256,512,64,64,64,4,20,200,200,159,41,587.0,589.0,2.0,584.0,592.0,588.55,588.0,577.0,648.0,9.312760063482791,912.1925273978421,587.9622641509434,588.0,584.0,592.0,1.373087199898887,913.1043686541301,14.667065375484526,,logs/allo/int16/allo_int16_M2048_N256_K512_m64_n64_k64_4col.log
allo_int16_M2048_N256_K1024_m64_n64_k64_4col,xdna2,npu2,npu2_4col,2,allo,success,passed,False,int16,2048,256,1024,64,64,64,4,20,200,200,151,49,836.0,838.25,2.25,832.625,841.625,844.75,837.0,822.0,1031.0,32.7276259450636,1271.0764415507547,837.1523178807947,837.0,833.0,841.0,1.468198627642077,1282.612257131556,17.730502950027585,,logs/allo/int16/allo_int16_M2048_N256_K1024_m64_n64_k64_4col.log
allo_int16_M2048_N256_K2048_m64_n64_k64_4col,xdna2,npu2,npu2_4col,2,allo,success,passed,False,int16,2048,256,2048,64,64,64,4,20,200,200,188,12,1321.0,1325.0,4.0,1315.0,1331.0,1323.24,1323.0,1310.0,1377.0,6.155680303589523,1622.898074423385,1323.0851063829787,1323.0,1316.0,1331.0,2.560583271602453,1623.0880671544587,23.884379942901433,,logs/allo/int16/allo_int16_M2048_N256_K2048_m64_n64_k64_4col.log
allo_int16_M2048_N512_K256_m64_n64_k64_8col,xdna2,npu2,npu2,2,allo,success,passed,False,int16,2048,512,256,64,64,64,8,20,200,200,197,3,477.0,485.0,8.0,465.0,497.0,481.79,479.0,467.0,675.0,15.32076695208174,1114.3255609290354,480.44162436548226,478.0,467.0,494.0,5.442164152332155,1117.4529532261984,22.740110949613154,,logs/allo/int16/allo_int16_M2048_N512_K256_m64_n64_k64_8col.log
allo_int16_M2048_N512_K512_m64_n64_k64_8col,xdna2,npu2,npu2,2,allo,success,passed,False,int16,2048,512,512,64,64,64,8,20,200,200,198,2,588.0,592.0,4.0,582.0,598.0,591.51,591.0,582.0,783.0,14.38714356639288,1815.25557302497,590.2676767676768,591.0,582.0,598.0,2.7106348089032646,1819.0761009985195,28.400947040878236,,logs/allo/int16/allo_int16_M2048_N512_K512_m64_n64_k64_8col.log
allo_int16_M2048_N512_K1024_m64_n64_k64_8col,xdna2,npu2,npu2,2,allo,success,passed,False,int16,2048,512,1024,64,64,64,8,20,200,200,193,7,845.0,851.0,6.0,836.0,860.0,850.69,850.0,834.0,1036.0,18.87495430458045,2524.402130035618,848.4455958549223,850.0,837.0,860.0,3.782752483946243,2531.0799637496184,40.036818533204496,,logs/allo/int16/allo_int16_M2048_N512_K1024_m64_n64_k64_8col.log
allo_int16_M2048_N512_K2048_m64_n64_k64_8col,xdna2,npu2,npu2,2,allo,success,passed,False,int16,2048,512,2048,64,64,64,8,20,200,200,180,20,1330.0,1332.0,2.0,1327.0,1335.0,1331.195,1331.0,1321.0,1344.0,3.1043477575812926,3226.3998106964045,1331.15,1331.0,1328.0,1335.0,1.4585952145814822,3226.5088802914775,64.74051930382848,,logs/allo/int16/allo_int16_M2048_N512_K2048_m64_n64_k64_8col.log
allo_int16_M2048_N1024_K256_m64_n64_k64_8col,xdna2,npu2,npu2,2,allo,success,passed,False,int16,2048,1024,256,64,64,64,8,20,200,200,189,11,898.0,922.0,24.0,862.0,958.0,916.285,918.0,884.0,1095.0,23.73823445414591,1171.8426297494775,912.0529100529101,916.0,884.0,955.0,13.687647638684977,1177.2801908364177,34.92421794589609,,logs/allo/int16/allo_int16_M2048_N1024_K256_m64_n64_k64_8col.log
allo_int16_M2048_N1024_K512_m64_n64_k64_8col,xdna2,npu2,npu2,2,allo,success,passed,False,int16,2048,1024,512,64,64,64,8,20,200,200,168,32,1132.0,1135.0,3.0,1127.5,1139.5,1136.31,1133.0,1122.0,1322.0,20.24114374238768,1889.874812331142,1133.6190476190477,1133.0,1128.0,1139.0,1.795528585819321,1894.3609429555572,45.164895568974316,,logs/allo/int16/allo_int16_M2048_N1024_K512_m64_n64_k64_8col.log
allo_int16_M2048_N1024_K1024_m64_n64_k64_8col,xdna2,npu2,npu2,2,allo,success,passed,False,int16,2048,1024,1024,64,64,64,8,20,200,200,192,8,1609.0,1618.0,9.0,1595.5,1631.5,1614.895,1611.0,1602.0,1792.0,16.053783821890715,2659.595389173909,1612.5104166666667,1610.0,1602.0,1631.0,5.697212022242887,2663.528403666643,66.35274579655379,,logs/allo/int16/allo_int16_M2048_N1024_K1024_m64_n64_k64_8col.log
allo_int16_M2048_N1024_K2048_m64_n64_k64_8col,xdna2,npu2,npu2,2,allo,success,passed,False,int16,2048,1024,2048,64,64,64,8,20,200,200,167,33,2587.0,2594.0,7.0,2576.5,2604.5,2592.065,2589.0,2572.0,2625.0,8.844250957542984,3313.93487123201,2588.88622754491,2589.0,2578.0,2604.0,4.558888352887311,3318.0038970449455,111.69238140434027,,logs/allo/int16/allo_int16_M2048_N1024_K2048_m64_n64_k64_8col.log
allo_int16_M2048_N2048_K256_m64_n64_k64_8col,xdna2,npu2,npu2,2,allo,success,passed,False,int16,2048,2048,256,64,64,64,8,20,200,200,161,39,1710.0,1712.0,2.0,1707.0,1715.0,1714.21,1711.0,1703.0,1792.0,13.05625903542052,1252.7541246405049,1710.6770186335405,1711.0,1707.0,1715.0,1.4036442563593365,1255.3413792367264,66.68436136469245,,logs/allo/int16/allo_int16_M2048_N2048_K256_m64_n64_k64_8col.log
allo_int16_M2048_N2048_K512_m64_n64_k64_8col,xdna2,npu2,npu2,2,allo,success,passed,False,int16,2048,2048,512,64,64,64,8,20,200,200,182,18,2197.0,2202.0,5.0,2189.5,2209.5,2200.215,2200.0,2187.0,2232.0,5.8735657823846665,1952.0670916251365,2199.8186813186812,2200.0,2190.0,2209.0,3.460147112667229,1952.4187754535214,89.81239211559296,,logs/allo/int16/allo_int16_M2048_N2048_K512_m64_n64_k64_8col.log
allo_int16_M2048_N2048_K1024_m64_n64_k64_8col,xdna2,npu2,npu2,2,allo,success,passed,False,int16,2048,2048,1024,64,64,64,8,20,200,200,188,12,3167.0,3200.0,33.0,3117.5,3249.5,3200.125,3170.0,3152.0,3663.0,90.09017357625636,2684.24970649584,3179.936170212766,3169.0,3152.0,3236.0,19.35986664201382,2701.291514107737,137.09116242732853,,logs/allo/int16/allo_int16_M2048_N2048_K1024_m64_n64_k64_8col.log
allo_int16_M2048_N2048_K2048_m64_n64_k64_8col,xdna2,npu2,npu2,2,allo,success,passed,False,int16,2048,2048,2048,64,64,64,8,20,200,200,157,43,5114.75,5122.0,7.25,5103.875,5132.875,5134.305,5117.0,5096.0,5591.0,68.60526200664202,3346.0943952492107,5116.732484076433,5116.0,5104.0,5132.0,4.22667019805452,3357.5859667208997,241.57218816224486,,logs/allo/int16/allo_int16_M2048_N2048_K2048_m64_n64_k64_8col.log
allo_int8_M256_N256_K256_m64_n128_k64_2col,xdna2,npu2,npu2_2col,2,allo,success,passed,False,int8,256,256,256,64,128,64,2,20,200,200,188,12,78.0,83.25,5.25,70.125,91.125,85.49,80.0,69.0,296.0,29.061140720900823,392.49540297110775,80.25531914893617,80.0,71.0,90.0,3.9931754820016176,418.0960509013786,10.123877136968076,,logs/allo/int8/allo_int8_M256_N256_K256_m64_n128_k64_2col.log
allo_int8_M256_N256_K512_m64_n128_k64_2col,xdna2,npu2,npu2_2col,2,allo,success,passed,False,int8,256,256,512,64,128,64,2,20,200,200,161,39,96.75,101.0,4.25,90.375,107.375,97.97,100.0,82.0,111.0,5.708686363779324,684.9940185771154,99.94409937888199,100.0,91.0,106.0,2.409217411672863,671.463992542415,10.128771757707,,logs/allo/int8/allo_int8_M256_N256_K512_m64_n128_k64_2col.log
allo_int8_M256_N256_K1024_m64_n128_k64_2col,xdna2,npu2,npu2_2col,2,allo,success,passed,False,int8,256,256,1024,64,128,64,2,20,200,200,171,29,110.0,113.0,3.0,105.5,117.5,111.96,111.0,97.0,302.0,14.472677706630519,1198.8007145409074,111.66666666666667,112.0,106.0,117.0,2.154825945129019,1201.9498029850745,10.453322333283722,,logs/allo/int8/allo_int8_M256_N256_K1024_m64_n128_k64_2col.log
allo_int8_M256_N256_K2048_m64_n128_k64_2col,xdna2,npu2,npu2_2col,2,allo,success,passed,False,int8,256,256,2048,64,128,64,2,20,200,200,200,0,132.0,140.0,8.0,120.0,152.0,136.385,137.0,128.0,147.0,4.382553479422699,1968.2183231293764,136.385,137.0,128.0,147.0,4.382553479422699,1968.2183231293764,11.109317902475595,,logs/allo/int8/allo_int8_M256_N256_K2048_m64_n128_k64_2col.log
allo_int8_M256_N512_K256_m64_n128_k64_4col,xdna2,npu2,npu2_4col,2,allo,success,passed,False,int8,256,512,256,64,128,64,4,20,200,200,178,22,77.0,80.0,3.0,72.5,84.5,79.4,78.0,71.0,97.0,4.782258880487337,845.199798488665,78.30337078651685,78.0,73.0,84.0,1.8777496355952337,857.036719184962,10.871804904192686,,logs/allo/int8/allo_int8_M256_N512_K256_m64_n128_k64_4col.log
allo_int8_M256_N512_K512_m64_n128_k64_4col,xdna2,npu2,npu2_4col,2,allo,success,passed,False,int8,256,512,512,64,128,64,4,20,200,200,164,36,100.0,102.0,2.0,97.0,105.0,99.89,101.0,89.0,119.0,3.94688484757283,1343.655300830914,101.35975609756098,101.0,97.0,105.0,1.4050744061625575,1324.1717735667448,11.407361305318773,,logs/allo/int8/allo_int8_M256_N512_K512_m64_n128_k64_4col.log
allo_int8_M256_N512_K1024_m64_n128_k64_4col,xdna2,npu2,npu2_4col,2,allo,success,passed,False,int8,256,512,1024,64,128,64,4,20,200,200,166,34,116.0,119.0,3.0,111.5,123.5,121.98,117.0,105.0,309.0,25.146761222869237,2200.6513854730283,117.644578313253,117.0,113.0,123.0,2.0476700254249125,2281.7494851758925,12.52755962871015,,logs/allo/int8/allo_int8_M256_N512_K1024_m64_n128_k64_4col.log
allo_int8_M256_N512_K2048_m64_n128_k64_4col,xdna2,npu2,npu2_4col,2,allo,success,passed,False,int8,256,512,2048,64,128,64,4,20,200,200,165,35,150.0,153.0,3.0,145.5,157.5,151.025,152.0,138.0,169.0,4.489362426893155,3554.847952325774,152.25454545454545,152.0,146.0,157.0,1.9026442380063417,3526.140453785527,14.620121260173619,,logs/allo/int8/allo_int8_M256_N512_K2048_m64_n128_k64_4col.log
allo_int8_M256_N1024_K256_m64_n128_k64_8col,xdna2,npu2,npu2,2,allo,success,passed,False,int8,256,1024,256,64,128,64,8,20,200,200,182,18,100.0,104.0,4.0,94.0,110.0,102.81,102.0,89.0,288.0,14.433429945789047,1305.4929287034336,101.93406593406593,103.0,94.0,110.0,3.40749722147121,1316.7112169038378,14.087784446775913,,logs/allo/int8/allo_int8_M256_N1024_K256_m64_n128_k64_8col.log
allo_int8_M256_N1024_K512_m64_n128_k64_8col,xdna2,npu2,npu2,2,allo,success,passed,False,int8,256,1024,512,64,128,64,8,20,200,200,175,25,113.0,117.0,4.0,107.0,123.0,113.985,114.0,103.0,125.0,4.520483934270755,2355.0068517787427,115.16,115.0,107.0,121.0,3.16003616615832,2330.9782563390067,16.59020355436951,,logs/allo/int8/allo_int8_M256_N1024_K512_m64_n128_k64_8col.log
allo_int8_M256_N1024_K1024_m64_n128_k64_8col,xdna2,npu2,npu2,2,allo,success,passed,False,int8,256,1024,1024,64,128,64,8,20,200,200,200,0,131.0,137.0,6.0,122.0,146.0,134.205,135.0,125.0,146.0,4.128313820435651,4000.3793599344285,134.205,135.0,125.0,146.0,4.128313820435651,4000.3793599344285,21.70324071869254,,logs/allo/int8/allo_int8_M256_N1024_K1024_m64_n128_k64_8col.log
allo_int8_M256_N1024_K2048_m64_n128_k64_8col,xdna2,npu2,npu2,2,allo,success,passed,False,int8,256,1024,2048,64,128,64,8,20,200,200,176,24,181.0,184.25,3.25,176.125,189.125,182.36,183.0,171.0,204.0,3.900051281714126,5888.033691599035,183.22727272727272,184.0,177.0,188.0,2.1252126777383564,5860.163762838006,31.799958638846874,,logs/allo/int8/allo_int8_M256_N1024_K2048_m64_n128_k64_8col.log
allo_int8_M256_N2048_K256_m64_n128_k64_8col,xdna2,npu2,npu2,2,allo,success,passed,False,int8,256,2048,256,64,128,64,8,20,200,200,161,39,150.0,153.0,3.0,145.5,157.5,155.56,152.0,140.0,341.0,27.589063050419092,1725.6071997942915,152.03726708074535,152.0,146.0,157.0,1.708176168630687,1765.589852765749,15.28207934834063,,logs/allo/int8/allo_int8_M256_N2048_K256_m64_n128_k64_8col.log
allo_int8_M256_N2048_K512_m64_n128_k64_8col,xdna2,npu2,npu2,2,allo,success,passed,False,int8,256,2048,512,64,128,64,8,20,200,200,169,31,171.0,173.0,2.0,168.0,176.0,173.715,172.0,160.0,364.0,20.01708707579602,3090.5270817143023,172.1301775147929,172.0,168.0,176.0,1.294357565338897,3118.9819225850806,18.458573868498206,,logs/allo/int8/allo_int8_M256_N2048_K512_m64_n128_k64_8col.log
allo_int8_M256_N2048_K1024_m64_n128_k64_8col,xdna2,npu2,npu2,2,allo,success,passed,False,int8,256,2048,1024,64,128,64,8,20,200,200,173,27,215.0,217.0,2.0,212.0,220.0,216.97,216.0,202.0,405.0,14.268114801893066,4948.803170945292,216.2543352601156,216.0,212.0,220.0,1.4797462064751286,4965.1805717951465,24.827159768901765,,logs/allo/int8/allo_int8_M256_N2048_K1024_m64_n128_k64_8col.log
allo_int8_M256_N2048_K2048_m64_n128_k64_8col,xdna2,npu2,npu2,2,allo,success,passed,False,int8,256,2048,2048,64,128,64,8,20,200,200,195,5,308.0,312.0,4.0,302.0,318.0,309.75,310.5,301.0,322.0,3.5238473292695303,6932.957701372075,309.56410256410254,310.0,302.0,317.0,3.113204893261817,6937.12103636213,37.08316386677325,,logs/allo/int8/allo_int8_M256_N2048_K2048_m64_n128_k64_8col.log
allo_int8_M512_N256_K256_m64_n128_k64_2col,xdna2,npu2,npu2_2col,2,allo,success,passed,False,int8,512,256,256,64,128,64,2,20,200,200,188,12,125.0,129.0,4.0,119.0,135.0,127.795,127.0,115.0,318.0,14.984424413370037,525.1290269572362,126.61170212765957,127.0,119.0,134.0,2.941498980400571,530.0368202327438,10.002471352927387,,logs/allo/int8/allo_int8_M512_N256_K256_m64_n128_k64_2col.log
allo_int8_M512_N256_K512_m64_n128_k64_2col,xdna2,npu2,npu2_2col,2,allo,success,passed,False,int8,512,256,512,64,128,64,2,20,200,200,172,28,143.0,146.0,3.0,138.5,150.5,144.455,145.0,134.0,161.0,3.6821155603810154,929.1317572946592,145.2906976744186,145.0,139.0,150.0,1.7142784709728764,923.7874836334535,10.229444738477468,,logs/allo/int8/allo_int8_M512_N256_K512_m64_n128_k64_2col.log
allo_int8_M512_N256_K1024_m64_n128_k64_2col,xdna2,npu2,npu2_2col,2,allo,success,passed,False,int8,512,256,1024,64,128,64,2,20,200,200,186,14,174.0,178.0,4.0,168.0,184.0,178.915,175.0,165.0,368.0,24.401798601742453,1500.3518765894419,175.4784946236559,175.0,168.0,184.0,2.694492569475808,1529.7342080333342,10.69355549197644,,logs/allo/int8/allo_int8_M512_N256_K1024_m64_n128_k64_2col.log
allo_int8_M512_N256_K2048_m64_n128_k64_2col,xdna2,npu2,npu2_2col,2,allo,success,passed,False,int8,512,256,2048,64,128,64,2,20,200,200,189,11,246.0,249.0,3.0,241.5,253.5,247.245,248.0,234.0,252.0,2.6485798081235914,2171.412615017493,247.74074074074073,248.0,242.0,252.0,1.6750523900774605,2167.0675174166545,11.476570116356015,,logs/allo/int8/allo_int8_M512_N256_K2048_m64_n128_k64_2col.log
allo_int8_M512_N512_K256_m64_n128_k64_4col,xdna2,npu2,npu2_4col,2,allo,success,passed,False,int8,512,512,256,64,128,64,4,20,200,200,169,31,132.0,135.0,3.0,127.5,139.5,137.78,133.0,125.0,325.0,24.93053549364714,974.1452170126288,133.19526627218934,133.0,128.0,139.0,2.198111363910477,1007.6764119058196,11.076879446394742,,logs/allo/int8/allo_int8_M512_N512_K256_m64_n128_k64_4col.log
allo_int8_M512_N512_K512_m64_n128_k64_4col,xdna2,npu2,npu2_4col,2,allo,success,passed,False,int8,512,512,512,64,128,64,4,20,200,200,193,7,147.0,153.0,6.0,138.0,162.0,152.875,150.0,138.0,338.0,23.465706360559444,1755.9146753883892,149.23316062176167,149.0,138.0,161.0,4.227045767105654,1798.7654679536142,11.739021059125662,,logs/allo/int8/allo_int8_M512_N512_K512_m64_n128_k64_4col.log
allo_int8_M512_N512_K1024_m64_n128_k64_4col,xdna2,npu2,npu2_4col,2,allo,success,passed,False,int8,512,512,1024,64,128,64,4,20,200,200,174,26,182.75,186.0,3.25,177.875,190.875,184.925,185.0,172.0,371.0,14.22636197346321,2903.181895362985,184.6206896551724,185.0,179.0,190.0,2.060807671765594,2907.9672110571537,13.077641498297453,,logs/allo/int8/allo_int8_M512_N512_K1024_m64_n128_k64_4col.log
allo_int8_M512_N512_K2048_m64_n128_k64_4col,xdna2,npu2,npu2_4col,2,allo,success,passed,False,int8,512,512,2048,64,128,64,4,20,200,200,176,24,253.0,256.0,3.0,248.5,260.5,253.77,255.0,240.0,260.0,4.34937926605625,4231.1613823541,255.16477272727272,256.0,249.0,260.0,2.1242934532733075,4208.033156471977,15.985669859685004,,logs/allo/int8/allo_int8_M512_N512_K2048_m64_n128_k64_4col.log
allo_int8_M512_N1024_K256_m64_n128_k64_8col,xdna2,npu2,npu2,2,allo,success,passed,False,int8,512,1024,256,64,128,64,8,20,200,200,189,11,140.0,145.0,5.0,132.5,152.5,146.285,142.0,135.0,336.0,20.776760454892866,1835.0169600437503,142.52380952380952,142.0,135.0,152.0,3.143097633896471,1883.4428920815235,15.16326975915581,,logs/allo/int8/allo_int8_M512_N1024_K256_m64_n128_k64_8col.log
allo_int8_M512_N1024_K512_m64_n128_k64_8col,xdna2,npu2,npu2,2,allo,success,passed,False,int8,512,1024,512,64,128,64,8,20,200,200,197,3,158.0,163.0,5.0,150.5,170.5,161.84,160.0,153.0,358.0,14.77106631221998,3317.294315373208,160.5228426395939,160.0,153.0,170.0,3.0950650158591277,3344.514108844828,18.158909409306943,,logs/allo/int8/allo_int8_M512_N1024_K512_m64_n128_k64_8col.log
allo_int8_M512_N1024_K1024_m64_n128_k64_8col,xdna2,npu2,npu2,2,allo,success,passed,False,int8,512,1024,1024,64,128,64,8,20,200,200,171,29,219.0,222.0,3.0,214.5,226.5,221.91,220.0,204.0,409.0,20.059708372755573,4838.636492271642,220.3859649122807,221.0,215.0,226.0,2.322690408903209,4872.097115745901,24.141923137940466,,logs/allo/int8/allo_int8_M512_N1024_K1024_m64_n128_k64_8col.log
allo_int8_M512_N1024_K2048_m64_n128_k64_8col,xdna2,npu2,npu2,2,allo,success,passed,False,int8,512,1024,2048,64,128,64,8,20,200,200,179,21,307.0,309.0,2.0,304.0,312.0,308.235,309.0,296.0,363.0,5.74628358158558,6967.033750223044,308.4022346368715,309.0,304.0,312.0,1.618743402126717,6963.255796536482,36.444836341775954,,logs/allo/int8/allo_int8_M512_N1024_K2048_m64_n128_k64_8col.log
allo_int8_M512_N2048_K256_m64_n128_k64_8col,xdna2,npu2,npu2,2,allo,success,passed,False,int8,512,2048,256,64,128,64,8,20,200,200,159,41,244.0,246.0,2.0,241.0,249.0,252.55,245.0,236.0,439.0,34.200109648947034,2125.800483072659,244.80503144654088,245.0,241.0,249.0,1.5640537051910357,2193.0550562121057,17.803632357157767,,logs/allo/int8/allo_int8_M512_N2048_K256_m64_n128_k64_8col.log
allo_int8_M512_N2048_K512_m64_n128_k64_8col,xdna2,npu2,npu2,2,allo,success,passed,False,int8,512,2048,512,64,128,64,8,20,200,200,179,21,283.0,285.0,2.0,280.0,288.0,284.165,284.0,273.0,309.0,3.8881583043903962,3778.5857653124067,284.10614525139664,284.0,280.0,288.0,1.3515628037281822,3779.368528089667,21.745152486488223,,logs/allo/int8/allo_int8_M512_N2048_K512_m64_n128_k64_8col.log
allo_int8_M512_N2048_K1024_m64_n128_k64_8col,xdna2,npu2,npu2,2,allo,success,passed,False,int8,512,2048,1024,64,128,64,8,20,200,200,193,7,367.0,374.0,7.0,356.5,384.5,373.92,369.0,361.0,565.0,24.697036259438093,5743.1633718442445,370.0984455958549,369.0,361.0,380.0,4.071338931191561,5802.466002099988,31.05612897966057,,logs/allo/int8/allo_int8_M512_N2048_K1024_m64_n128_k64_8col.log
allo_int8_M512_N2048_K2048_m64_n128_k64_8col,xdna2,npu2,npu2,2,allo,success,passed,False,int8,512,2048,2048,64,128,64,8,20,200,200,189,11,552.75,556.0,3.25,547.875,560.875,554.555,555.0,544.0,569.0,3.3995551179529357,7744.889679112081,554.4074074074074,555.0,548.0,560.0,2.6383713406898774,7746.951499231745,48.057736814022064,,logs/allo/int8/allo_int8_M512_N2048_K2048_m64_n128_k64_8col.log
allo_int8_M1024_N256_K256_m64_n128_k64_2col,xdna2,npu2,npu2_2col,2,allo,success,passed,False,int8,1024,256,256,64,128,64,2,20,200,200,165,35,222.0,225.0,3.0,217.5,229.5,225.99,224.0,206.0,413.0,16.14279715538791,593.9100314173194,223.8,224.0,220.0,229.0,1.806385978419425,599.7217515638963,10.370698912069201,,logs/allo/int8/allo_int8_M1024_N256_K256_m64_n128_k64_2col.log
allo_int8_M1024_N256_K512_m64_n128_k64_2col,xdna2,npu2,npu2_2col,2,allo,success,passed,False,int8,1024,256,512,64,128,64,2,20,200,200,166,34,251.0,255.0,4.0,245.0,261.0,266.0,253.0,242.0,444.0,43.17221328586247,1009.1558496240601,252.66867469879517,253.0,245.0,259.0,2.6872939634484267,1062.40101318456,10.57301316037774,,logs/allo/int8/allo_int8_M1024_N256_K512_m64_n128_k64_2col.log
allo_int8_M1024_N256_K1024_m64_n128_k64_2col,xdna2,npu2,npu2_2col,2,allo,success,passed,False,int8,1024,256,1024,64,128,64,2,20,200,200,163,37,322.0,325.0,3.0,317.5,329.5,330.315,323.0,312.0,509.0,28.322707762500393,1625.330100056007,323.23312883435585,323.0,318.0,328.0,1.9204119961444344,1660.9402443866607,11.124347263015807,,logs/allo/int8/allo_int8_M1024_N256_K1024_m64_n128_k64_2col.log
allo_int8_M1024_N256_K2048_m64_n128_k64_2col,xdna2,npu2,npu2_2col,2,allo,success,passed,False,int8,1024,256,2048,64,128,64,2,20,200,200,175,25,455.0,457.0,2.0,452.0,460.0,456.89,456.0,441.0,610.0,15.25574973575537,2350.1101446737725,455.9942857142857,456.0,452.0,460.0,1.37111901268226,2354.7264903068963,12.250554881058633,,logs/allo/int8/allo_int8_M1024_N256_K2048_m64_n128_k64_2col.log
allo_int8_M1024_N512_K256_m64_n128_k64_4col,xdna2,npu2,npu2_4col,2,allo,success,passed,False,int8,1024,512,256,64,128,64,4,20,200,200,153,47,237.0,240.0,3.0,232.5,244.5,254.075,238.0,222.0,425.0,45.5551245745196,1056.520539210863,238.3856209150327,238.0,236.0,244.0,1.5888672456402528,1126.0555689962437,11.73698204755783,,logs/allo/int8/allo_int8_M1024_N512_K256_m64_n128_k64_4col.log
allo_int8_M1024_N512_K512_m64_n128_k64_4col,xdna2,npu2,npu2_4col,2,allo,success,passed,False,int8,1024,512,512,64,128,64,4,20,200,200,151,49,267.0,269.0,2.0,264.0,272.0,281.05,268.0,257.0,454.0,40.334693503236146,1910.2327415050702,267.89403973509934,268.0,265.0,272.0,1.0367570291509818,2004.042017996638,12.659415209665895,,logs/allo/int8/allo_int8_M1024_N512_K512_m64_n128_k64_4col.log
allo_int8_M1024_N512_K1024_m64_n128_k64_4col,xdna2,npu2,npu2_4col,2,allo,success,passed,False,int8,1024,512,1024,64,128,64,4,20,200,200,189,11,329.0,333.0,4.0,323.0,339.0,333.655,332.0,322.0,525.0,20.224390596505003,3218.119986213304,330.97354497354496,332.0,323.0,337.0,2.495358362858628,3244.1922936343003,14.766076199710369,,logs/allo/int8/allo_int8_M1024_N512_K1024_m64_n128_k64_4col.log
allo_int8_M1024_N512_K2048_m64_n128_k64_4col,xdna2,npu2,npu2_4col,2,allo,success,passed,False,int8,1024,512,2048,64,128,64,4,20,200,200,183,17,461.75,465.0,3.25,456.875,469.875,464.24,464.0,448.0,661.0,14.93259521985378,4625.804859555403,463.6612021857924,464.0,458.0,469.0,2.2409435653193146,4631.579346894519,18.65054105129093,,logs/allo/int8/allo_int8_M1024_N512_K2048_m64_n128_k64_4col.log
allo_int8_M1024_N1024_K256_m64_n128_k64_8col,xdna2,npu2,npu2,2,allo,success,passed,False,int8,1024,1024,256,64,128,64,8,20,200,200,163,37,245.0,247.0,2.0,242.0,250.0,254.885,246.0,235.0,438.0,34.49770680784449,2106.3260372324776,245.69938650306747,246.0,242.0,250.0,1.4191286072761735,2185.0722528902097,17.759071324951947,,logs/allo/int8/allo_int8_M1024_N1024_K256_m64_n128_k64_8col.log
allo_int8_M1024_N1024_K512_m64_n128_k64_8col,xdna2,npu2,npu2,2,allo,success,passed,False,int8,1024,1024,512,64,128,64,8,20,200,200,162,38,274.0,275.0,1.0,272.5,276.5,274.215,275.0,266.0,280.0,2.422555468921197,3915.693247998833,274.58641975308643,275.0,273.0,276.0,0.9470230271386242,3910.396679360655,21.617527965456247,,logs/allo/int8/allo_int8_M1024_N1024_K512_m64_n128_k64_8col.log
allo_int8_M1024_N1024_K1024_m64_n128_k64_8col,xdna2,npu2,npu2,2,allo,success,passed,False,int8,1024,1024,1024,64,128,64,8,20,200,200,177,23,374.0,379.0,5.0,366.5,386.5,377.54,375.0,363.0,564.0,14.841105080148177,5688.095693171585,375.4858757062147,375.0,367.0,386.0,3.9303359420435573,5719.212857104167,29.61127295345068,,logs/allo/int8/allo_int8_M1024_N1024_K1024_m64_n128_k64_8col.log
allo_int8_M1024_N1024_K2048_m64_n128_k64_8col,xdna2,npu2,npu2,2,allo,success,passed,False,int8,1024,1024,2048,64,128,64,8,20,200,200,200,0,547.0,552.0,5.0,539.5,559.5,549.27,550.0,541.0,559.0,3.378919945781492,7819.409936825241,549.27,550.0,541.0,559.0,3.378919945781492,7819.409936825241,46.38838668167591,,logs/allo/int8/allo_int8_M1024_N1024_K2048_m64_n128_k64_8col.log
allo_int8_M1024_N2048_K256_m64_n128_k64_8col,xdna2,npu2,npu2,2,allo,success,passed,False,int8,1024,2048,256,64,128,64,8,20,200,200,189,11,430.0,483.0,53.0,350.5,562.5,458.105,431.0,420.0,618.0,48.8497080339279,2343.8771111426418,449.13227513227514,431.0,420.0,552.0,32.568990114002546,2390.702880757722,23.2148399874568,,logs/allo/int8/allo_int8_M1024_N2048_K256_m64_n128_k64_8col.log
allo_int8_M1024_N2048_K512_m64_n128_k64_8col,xdna2,npu2,npu2,2,allo,success,passed,False,int8,1024,2048,512,64,128,64,8,20,200,200,163,37,498.0,501.0,3.0,493.5,505.5,499.15,500.0,488.0,517.0,4.349425249386406,4302.281173995792,500.4233128834356,500.0,494.0,505.0,1.9086361864661388,4291.334141941179,29.48437264468521,,logs/allo/int8/allo_int8_M1024_N2048_K512_m64_n128_k64_8col.log
allo_int8_M1024_N2048_K1024_m64_n128_k64_8col,xdna2,npu2,npu2,2,allo,success,passed,False,int8,1024,2048,1024,64,128,64,8,20,200,200,193,7,690.0,698.0,8.0,678.0,710.0,696.91,693.0,675.0,888.0,22.134857126261284,6162.872244622691,693.8186528497409,693.0,678.0,707.0,5.235714761712597,6190.331260710792,43.48008360341191,,logs/allo/int8/allo_int8_M1024_N2048_K1024_m64_n128_k64_8col.log
allo_int8_M1024_N2048_K2048_m64_n128_k64_8col,xdna2,npu2,npu2,2,allo,success,passed,False,int8,1024,2048,2048,64,128,64,8,20,200,200,184,16,1053.0,1057.0,4.0,1047.0,1063.0,1055.995,1055.0,1044.0,1124.0,7.600985133520523,8134.4462729463685,1054.8315217391305,1055.0,1047.0,1062.0,2.6124463525935964,8143.418560186305,70.56531207449734,,logs/allo/int8/allo_int8_M1024_N2048_K2048_m64_n128_k64_8col.log
allo_int8_M2048_N256_K256_m64_n128_k64_2col,xdna2,npu2,npu2_2col,2,allo,success,passed,False,int8,2048,256,256,64,128,64,2,20,200,200,188,12,400.0,453.25,53.25,320.125,533.125,425.725,403.0,387.0,552.0,45.82520458219472,630.5372153385401,418.2074468085106,403.0,387.0,533.0,35.933960525012104,641.8715354031264,10.760048588737845,,logs/allo/int8/allo_int8_M2048_N256_K256_m64_n128_k64_2col.log
allo_int8_M2048_N256_K512_m64_n128_k64_2col,xdna2,npu2,npu2_2col,2,allo,success,passed,False,int8,2048,256,512,64,128,64,2,20,200,200,194,6,465.0,518.0,53.0,385.5,597.5,495.13,482.5,453.0,655.0,38.22751757569408,1084.3029345828368,491.16494845360825,480.5,453.0,590.0,31.110438600987234,1093.056240455051,11.1474898904562,,logs/allo/int8/allo_int8_M2048_N256_K512_m64_n128_k64_2col.log
allo_int8_M2048_N256_K1024_m64_n128_k64_2col,xdna2,npu2,npu2_2col,2,allo,success,passed,False,int8,2048,256,1024,64,128,64,2,20,200,200,165,35,597.5,603.0,5.5,589.25,611.25,599.1,601.0,583.0,661.0,8.2975900115636,1792.2580938073777,601.0727272727273,602.0,591.0,609.0,3.1729226300886895,1786.3758831180617,11.986559955403209,,logs/allo/int8/allo_int8_M2048_N256_K1024_m64_n128_k64_2col.log
allo_int8_M2048_N256_K2048_m64_n128_k64_2col,xdna2,npu2,npu2_2col,2,allo,success,passed,False,int8,2048,256,2048,64,128,64,2,20,200,200,158,42,874.0,878.0,4.0,868.0,884.0,887.58,876.0,862.0,1097.0,42.501571735642905,2419.481790937155,876.006329113924,876.0,869.0,883.0,2.3505906487547206,2451.4476398500096,13.88182594999671,,logs/allo/int8/allo_int8_M2048_N256_K2048_m64_n128_k64_2col.log
allo_int8_M2048_N512_K256_m64_n128_k64_4col,xdna2,npu2,npu2_4col,2,allo,success,passed,False,int8,2048,512,256,64,128,64,4,20,200,200,156,44,407.0,411.25,4.25,400.625,417.625,424.26,408.0,395.0,601.0,39.39470015116247,1265.4290105124217,407.7692307692308,408.0,401.0,415.0,2.608777476348747,1316.6047643840786,13.270596844144166,,logs/allo/int8/allo_int8_M2048_N512_K256_m64_n128_k64_4col.log
allo_int8_M2048_N512_K512_m64_n128_k64_4col,xdna2,npu2,npu2_4col,2,allo,success,passed,False,int8,2048,512,512,64,128,64,4,20,200,200,153,47,473.0,475.0,2.0,470.0,478.0,485.81,474.0,462.0,617.0,33.78333760894563,2210.20939050246,473.80392156862746,474.0,470.0,478.0,1.645190350070826,2266.2155696076807,14.909032758325338,,logs/allo/int8/allo_int8_M2048_N512_K512_m64_n128_k64_4col.log
allo_int8_M2048_N512_K1024_m64_n128_k64_4col,xdna2,npu2,npu2_4col,2,allo,success,passed,False,int8,2048,512,1024,64,128,64,4,20,200,200,172,28,612.75,616.0,3.25,607.875,620.875,613.645,615.0,599.0,639.0,5.32437555024061,3499.5537289475187,614.8313953488372,616.0,608.0,619.0,2.563281038222028,3492.8008950837348,17.845037441700697,,logs/allo/int8/allo_int8_M2048_N512_K1024_m64_n128_k64_4col.log
allo_int8_M2048_N512_K2048_m64_n128_k64_4col,xdna2,npu2,npu2_4col,2,allo,success,passed,False,int8,2048,512,2048,64,128,64,4,20,200,200,172,28,886.0,890.0,4.0,880.0,896.0,891.755,888.0,869.0,1081.0,24.61209001690023,4816.308622884088,887.8430232558139,888.0,880.0,896.0,2.9341232475847545,4837.530040220288,24.432888680137694,,logs/allo/int8/allo_int8_M2048_N512_K2048_m64_n128_k64_4col.log
allo_int8_M2048_N1024_K256_m64_n128_k64_8col,xdna2,npu2,npu2,2,allo,success,passed,False,int8,2048,1024,256,64,128,64,8,20,200,200,169,31,428.0,430.0,2.0,425.0,433.0,430.055,429.0,416.0,528.0,10.221642480540982,2496.7546569624815,429.23668639053255,429.0,427.0,433.0,1.197958184951255,2501.5145677065384,22.919971726834774,,logs/allo/int8/allo_int8_M2048_N1024_K256_m64_n128_k64_8col.log
allo_int8_M2048_N1024_K512_m64_n128_k64_8col,xdna2,npu2,npu2,2,allo,success,passed,False,int8,2048,1024,512,64,128,64,8,20,200,200,158,42,495.0,498.0,3.0,490.5,502.5,496.81,496.0,486.0,526.0,5.287144787122819,4322.545133954631,496.4493670886076,496.0,491.0,502.0,1.759413985992698,4325.685136016523,28.842208430171013,,logs/allo/int8/allo_int8_M2048_N1024_K512_m64_n128_k64_8col.log
allo_int8_M2048_N1024_K1024_m64_n128_k64_8col,xdna2,npu2,npu2,2,allo,success,passed,False,int8,2048,1024,1024,64,128,64,8,20,200,200,191,9,704.0,713.0,9.0,690.5,726.5,709.875,709.0,678.0,898.0,18.959150165553307,6050.314908962846,708.0785340314136,709.0,691.0,722.0,5.778558485043846,6065.665162233905,40.90515689924359,,logs/allo/int8/allo_int8_M2048_N1024_K1024_m64_n128_k64_8col.log
allo_int8_M2048_N1024_K2048_m64_n128_k64_8col,xdna2,npu2,npu2,2,allo,success,passed,False,int8,2048,1024,2048,64,128,64,8,20,200,200,184,16,1050.0,1054.0,4.0,1044.0,1060.0,1052.265,1053.0,1041.0,1080.0,5.128818089969657,8163.280724912451,1051.9021739130435,1053.0,1044.0,1058.0,2.893244690536815,8166.096434657711,66.47827462945133,,logs/allo/int8/allo_int8_M2048_N1024_K2048_m64_n128_k64_8col.log
allo_int8_M2048_N2048_K256_m64_n128_k64_8col,xdna2,npu2,npu2,2,allo,success,passed,False,int8,2048,2048,256,64,128,64,8,20,200,200,137,63,785.0,788.0,3.0,780.5,792.5,795.2,786.0,774.0,970.0,26.004614975038564,2700.557907444668,785.4087591240876,786.0,781.0,791.0,1.5404745904676926,2734.2242151652863,35.37112994864583,,logs/allo/int8/allo_int8_M2048_N2048_K256_m64_n128_k64_8col.log
allo_int8_M2048_N2048_K512_m64_n128_k64_8col,xdna2,npu2,npu2,2,allo,success,passed,False,int8,2048,2048,512,64,128,64,8,20,200,200,176,24,934.0,936.0,2.0,931.0,939.0,936.625,935.0,918.0,1125.0,18.370475633472314,4585.578322167356,934.9090909090909,935.0,931.0,939.0,1.5999741733452766,4593.994579541035,45.97530293278396,,logs/allo/int8/allo_int8_M2048_N2048_K512_m64_n128_k64_8col.log
allo_int8_M2048_N2048_K1024_m64_n128_k64_8col,xdna2,npu2,npu2,2,allo,success,passed,False,int8,2048,2048,1024,64,128,64,8,20,200,200,193,7,1308.0,1318.0,10.0,1293.0,1333.0,1315.455,1313.0,1296.0,1500.0,18.802605537531228,6530.010218517547,1312.8497409326426,1312.0,1296.0,1332.0,6.757318997687696,6542.968569958166,70.51455389242619,,logs/allo/int8/allo_int8_M2048_N2048_K1024_m64_n128_k64_8col.log
allo_int8_M2048_N2048_K2048_m64_n128_k64_8col,xdna2,npu2,npu2,2,allo,success,passed,False,int8,2048,2048,2048,64,128,64,8,20,200,200,191,9,2033.0,2040.0,7.0,2022.5,2050.5,2037.66,2036.0,2025.0,2084.0,7.8793654566849485,8431.175556275335,2036.4031413612565,2036.0,2025.0,2049.0,4.851705650951271,8436.379238992886,119.43221326824278,,logs/allo/int8/allo_int8_M2048_N2048_K2048_m64_n128_k64_8col.log
allo_bf16_M256_N256_K256_m64_n64_k64_4col,xdna2,npu2,npu2_4col,2,allo,success,passed,False,bf16,256,256,256,64,64,64,4,20,200,200,159,41,88.0,91.0,3.0,83.5,95.5,91.35,89.0,81.0,267.0,13.903506751895366,367.3172632731253,88.81132075471699,89.0,84.0,95.0,2.2934684708266997,377.81705884852346,10.831598027609289,,logs/allo/bf16/allo_bf16_M256_N256_K256_m64_n64_k64_4col.log
allo_bf16_M256_N256_K512_m64_n64_k64_4col,xdna2,npu2,npu2_4col,2,allo,success,passed,False,bf16,256,256,512,64,64,64,4,20,200,200,173,27,111.0,114.0,3.0,106.5,118.5,114.705,113.0,101.0,243.0,14.69312679452539,585.056135303605,112.97109826589596,113.0,109.0,118.0,1.8574261066833588,594.0356872697503,11.243646173737943,,logs/allo/bf16/allo_bf16_M256_N256_K512_m64_n64_k64_4col.log
allo_bf16_M256_N256_K1024_m64_n64_k64_4col,xdna2,npu2,npu2_4col,2,allo,failed,failed,True,bf16,256,256,1024,64,64,64,4,20,200,200,164,36,124.0,127.0,3.0,119.5,131.5,126.025,126.0,114.0,254.0,10.587935351143772,1065.0087522317,125.92073170731707,126.0,120.0,131.0,1.9380174559911356,1065.8906296063144,12.460765312425792,Output validation failed; timings were recorded because --benchmark-on-validation-failure was enabled,logs/allo/bf16/allo_bf16_M256_N256_K1024_m64_n64_k64_4col.log
allo_bf16_M256_N256_K2048_m64_n64_k64_4col,xdna2,npu2,npu2_4col,2,allo,failed,failed,True,bf16,256,256,2048,64,64,64,4,20,200,200,145,55,184.0,185.0,1.0,182.5,186.5,185.59,184.0,173.0,342.0,12.398866883711591,1446.3896546150115,184.27586206896552,184.0,183.0,186.0,0.8344542599864372,1456.7043832335328,14.512150084599853,Output validation failed; timings were recorded because --benchmark-on-validation-failure was enabled,logs/allo/bf16/allo_bf16_M256_N256_K2048_m64_n64_k64_4col.log
allo_bf16_M256_N512_K256_m64_n64_k64_8col,xdna2,npu2,npu2,2,allo,success,passed,False,bf16,256,512,256,64,64,64,8,20,200,200,171,29,125.0,126.0,1.0,123.5,127.5,126.735,126.0,114.0,305.0,14.074969804585727,529.5211583224839,125.6140350877193,126.0,124.0,127.0,0.7892787283650521,534.2465430167598,14.027661963365972,,logs/allo/bf16/allo_bf16_M256_N512_K256_m64_n64_k64_8col.log
allo_bf16_M256_N512_K512_m64_n64_k64_8col,xdna2,npu2,npu2,2,allo,success,passed,False,bf16,256,512,512,64,64,64,8,20,200,200,187,13,141.0,144.0,3.0,136.5,148.5,143.76,142.0,128.0,318.0,13.596411291219459,933.6235948803561,142.62566844919786,142.0,137.0,148.0,1.5951074787247697,941.0488971542125,16.6999437706545,,logs/allo/bf16/allo_bf16_M256_N512_K512_m64_n64_k64_8col.log
allo_bf16_M256_N512_K1024_m64_n64_k64_8col,xdna2,npu2,npu2,2,allo,failed,failed,True,bf16,256,512,1024,64,64,64,8,20,200,200,193,7,180.0,185.0,5.0,172.5,192.5,183.07,181.0,168.0,332.0,11.950527185024098,1466.299535696728,182.0259067357513,181.0,173.0,192.0,3.190717159401908,1474.7101707324014,21.58663816191256,Output validation failed; timings were recorded because --benchmark-on-validation-failure was enabled,logs/allo/bf16/allo_bf16_M256_N512_K1024_m64_n64_k64_8col.log
allo_bf16_M256_N512_K2048_m64_n64_k64_8col,xdna2,npu2,npu2,2,allo,failed,failed,True,bf16,256,512,2048,64,64,64,8,20,200,200,161,39,234.0,236.0,2.0,231.0,239.0,231.56,235.0,195.0,247.0,10.51077542334532,2318.495906028675,235.13664596273293,235.0,232.0,238.0,0.8597045166940053,2283.2294379375016,31.298316104337573,Output validation failed; timings were recorded because --benchmark-on-validation-failure was enabled,logs/allo/bf16/allo_bf16_M256_N512_K2048_m64_n64_k64_8col.log
allo_bf16_M256_N1024_K256_m64_n64_k64_8col,xdna2,npu2,npu2,2,allo,success,passed,False,bf16,256,1024,256,64,64,64,8,20,200,200,177,23,187.0,193.0,6.0,178.0,202.0,199.125,188.0,180.0,367.0,33.26919558690892,674.0375543000628,188.83050847457628,188.0,180.0,202.0,3.81264270214532,710.7841263800376,15.228090398944914,,logs/allo/bf16/allo_bf16_M256_N1024_K256_m64_n64_k64_8col.log
allo_bf16_M256_N1024_K512_m64_n64_k64_8col,xdna2,npu2,npu2,2,allo,success,passed,False,bf16,256,1024,512,64,64,64,8,20,200,200,190,10,214.0,219.0,5.0,206.5,226.5,220.59,218.0,212.0,415.0,24.755441825990502,1216.8976653520106,216.46315789473684,217.0,212.0,226.0,2.694284501508564,1240.097661933476,18.0919370315969,,logs/allo/bf16/allo_bf16_M256_N1024_K512_m64_n64_k64_8col.log
allo_bf16_M256_N1024_K1024_m64_n64_k64_8col,xdna2,npu2,npu2,2,allo,failed,failed,True,bf16,256,1024,1024,64,64,64,8,20,200,200,153,47,272.0,283.0,11.0,255.5,299.5,269.455,279.0,216.0,450.0,25.854941017144093,1992.4325471785642,279.6862745098039,280.0,261.0,297.0,5.186042842966958,1919.5468670779585,23.83062720578164,Output validation failed; timings were recorded because --benchmark-on-validation-failure was enabled,logs/allo/bf16/allo_bf16_M256_N1024_K1024_m64_n64_k64_8col.log
allo_bf16_M256_N1024_K2048_m64_n64_k64_8col,xdna2,npu2,npu2,2,allo,failed,failed,True,bf16,256,1024,2048,64,64,64,8,20,200,200,200,0,343.0,419.0,76.0,229.0,533.0,376.09,347.0,335.0,436.0,37.44144628616795,2855.0129596639104,376.09,347.0,335.0,436.0,37.44144628616795,2855.0129596639104,35.5398139283061,Output validation failed; timings were recorded because --benchmark-on-validation-failure was enabled,logs/allo/bf16/allo_bf16_M256_N1024_K2048_m64_n64_k64_8col.log
allo_bf16_M256_N2048_K256_m64_n64_k64_8col,xdna2,npu2,npu2,2,allo,success,passed,False,bf16,256,2048,256,64,64,64,8,20,200,200,190,10,257.25,332.0,74.75,145.125,444.125,319.975,324.0,241.0,498.0,58.57016625381902,838.9263411204,311.2157894736842,323.0,241.0,441.0,45.429074427332324,862.5380365628857,17.549190876074135,,logs/allo/bf16/allo_bf16_M256_N2048_K256_m64_n64_k64_8col.log
allo_bf16_M256_N2048_K512_m64_n64_k64_8col,xdna2,npu2,npu2,2,allo,success,passed,False,bf16,256,2048,512,64,64,64,8,20,200,200,199,1,288.0,358.25,70.25,182.625,463.625,327.1,350.5,279.0,542.0,38.3173589904106,1641.3051421583614,326.02010050251255,350.0,279.0,415.0,35.24714747344847,1646.741753568236,21.250165469013155,,logs/allo/bf16/allo_bf16_M256_N2048_K512_m64_n64_k64_8col.log
allo_bf16_M256_N2048_K1024_m64_n64_k64_8col,xdna2,npu2,npu2,2,allo,failed,failed,True,bf16,256,2048,1024,64,64,64,8,20,200,200,200,0,404.0,502.0,98.0,257.0,649.0,444.66,409.0,397.0,523.0,48.36945730520449,2414.7479512436466,444.66,409.0,397.0,523.0,48.36945730520449,2414.7479512436466,28.812257977202535,Output validation failed; timings were recorded because --benchmark-on-validation-failure was enabled,logs/allo/bf16/allo_bf16_M256_N2048_K1024_m64_n64_k64_8col.log
allo_bf16_M256_N2048_K2048_m64_n64_k64_8col,xdna2,npu2,npu2,2,allo,failed,failed,True,bf16,256,2048,2048,64,64,64,8,20,200,200,168,32,668.0,675.0,7.0,657.5,685.5,691.56,671.0,661.0,835.0,51.1649919378475,3105.2745213719704,670.3809523809524,671.0,661.0,685.0,4.023457296502604,3203.378079840886,44.11900250334293,Output validation failed; timings were recorded because --benchmark-on-validation-failure was enabled,logs/allo/bf16/allo_bf16_M256_N2048_K2048_m64_n64_k64_8col.log
allo_bf16_M512_N256_K256_m64_n64_k64_4col,xdna2,npu2,npu2_4col,2,allo,success,passed,False,bf16,512,256,256,64,64,64,4,20,200,200,194,6,164.0,171.0,7.0,153.5,181.5,168.87,165.0,163.0,314.0,14.891712460291462,397.3995617930953,166.65463917525773,165.0,163.0,181.0,3.547803752710069,402.6822435433485,11.041042185388505,,logs/allo/bf16/allo_bf16_M512_N256_K256_m64_n64_k64_4col.log
allo_bf16_M512_N256_K512_m64_n64_k64_4col,xdna2,npu2,npu2_4col,2,allo,success,passed,False,bf16,512,256,512,64,64,64,4,20,200,200,189,11,201.0,206.0,5.0,193.5,213.5,205.695,202.0,190.0,376.0,19.029765500394376,652.5084615571599,203.1216931216931,202.0,194.0,213.0,3.0098612689302904,660.7749568116697,11.711747325025499,,logs/allo/bf16/allo_bf16_M512_N256_K512_m64_n64_k64_4col.log
allo_bf16_M512_N256_K1024_m64_n64_k64_4col,xdna2,npu2,npu2_4col,2,allo,failed,failed,True,bf16,512,256,1024,64,64,64,4,20,200,200,190,10,257.0,266.0,9.0,243.5,279.5,264.755,261.0,243.0,436.0,21.737639591271172,1013.9013654133066,260.9157894736842,260.5,248.0,276.0,4.866995523869205,1028.8202815992256,13.086146888323128,Output validation failed; timings were recorded because --benchmark-on-validation-failure was enabled,logs/allo/bf16/allo_bf16_M512_N256_K1024_m64_n64_k64_4col.log
allo_bf16_M512_N256_K2048_m64_n64_k64_4col,xdna2,npu2,npu2_4col,2,allo,failed,failed,True,bf16,512,256,2048,64,64,64,4,20,200,200,199,1,294.75,341.0,46.25,225.375,410.375,325.35,340.0,269.0,514.0,30.987376462036924,1650.1334316889504,324.40201005025125,340.0,269.0,395.0,28.023306810633787,1654.9555655245058,15.600139738991857,Output validation failed; timings were recorded because --benchmark-on-validation-failure was enabled,logs/allo/bf16/allo_bf16_M512_N256_K2048_m64_n64_k64_4col.log
allo_bf16_M512_N512_K256_m64_n64_k64_8col,xdna2,npu2,npu2,2,allo,success,passed,False,bf16,512,512,256,64,64,64,8,20,200,200,170,30,176.0,177.0,1.0,174.5,178.5,181.46,177.0,170.0,355.0,24.791700224066926,739.6546236085088,176.58235294117648,177.0,175.0,178.0,0.7085488850399452,760.085737699457,15.159529482014477,,logs/allo/bf16/allo_bf16_M512_N512_K256_m64_n64_k64_8col.log
allo_bf16_M512_N512_K512_m64_n64_k64_8col,xdna2,npu2,npu2,2,allo,success,passed,False,bf16,512,512,512,64,64,64,8,20,200,200,170,30,204.0,205.0,1.0,202.5,206.5,209.29,205.0,199.0,402.0,25.923848093984812,1282.6004873620336,204.5705882352941,205.0,203.0,206.0,0.6022162069071137,1312.1898818184434,18.01427884027362,,logs/allo/bf16/allo_bf16_M512_N512_K512_m64_n64_k64_8col.log
allo_bf16_M512_N512_K1024_m64_n64_k64_8col,xdna2,npu2,npu2,2,allo,failed,failed,True,bf16,512,512,1024,64,64,64,8,20,200,200,148,52,278.0,286.0,8.0,266.0,298.0,278.625,284.0,217.0,461.0,32.321577545039474,1926.8583651861823,283.7364864864865,285.0,272.0,297.0,4.278104983496476,1892.1461904603148,23.820275934413075,Output validation failed; timings were recorded because --benchmark-on-validation-failure was enabled,logs/allo/bf16/allo_bf16_M512_N512_K1024_m64_n64_k64_8col.log
allo_bf16_M512_N512_K2048_m64_n64_k64_8col,xdna2,npu2,npu2,2,allo,failed,failed,True,bf16,512,512,2048,64,64,64,8,20,200,200,200,0,346.0,424.0,78.0,229.0,541.0,379.87,349.0,338.0,445.0,39.951384206307544,2826.603374838761,379.87,349.0,338.0,445.0,39.951384206307544,2826.603374838761,35.67267765570432,Output validation failed; timings were recorded because --benchmark-on-validation-failure was enabled,logs/allo/bf16/allo_bf16_M512_N512_K2048_m64_n64_k64_8col.log
allo_bf16_M512_N1024_K256_m64_n64_k64_8col,xdna2,npu2,npu2,2,allo,success,passed,False,bf16,512,1024,256,64,64,64,8,20,200,200,125,75,305.0,307.0,2.0,302.0,310.0,304.965,306.0,247.0,484.0,34.595285444696074,880.2172577180988,306.064,306.0,303.0,310.0,0.787339824980294,877.0566156098071,17.48304282873869,,logs/allo/bf16/allo_bf16_M512_N1024_K256_m64_n64_k64_8col.log
allo_bf16_M512_N1024_K512_m64_n64_k64_8col,xdna2,npu2,npu2,2,allo,success,passed,False,bf16,512,1024,512,64,64,64,8,20,200,200,198,2,292.0,366.0,74.0,181.0,477.0,338.0,361.0,278.0,498.0,41.892839483615816,1588.3754792899408,336.45959595959596,361.0,278.0,453.0,39.17760496954711,1595.647496600069,21.507683340460062,,logs/allo/bf16/allo_bf16_M512_N1024_K512_m64_n64_k64_8col.log
allo_bf16_M512_N1024_K1024_m64_n64_k64_8col,xdna2,npu2,npu2,2,allo,failed,failed,True,bf16,512,1024,1024,64,64,64,8,20,200,200,200,0,405.0,500.25,95.25,262.125,643.125,435.38,407.0,394.0,522.0,46.110146388837244,2466.217612200836,435.38,407.0,394.0,522.0,46.110146388837244,2466.217612200836,29.022685061208904,Output validation failed; timings were recorded because --benchmark-on-validation-failure was enabled,logs/allo/bf16/allo_bf16_M512_N1024_K1024_m64_n64_k64_8col.log
allo_bf16_M512_N1024_K2048_m64_n64_k64_8col,xdna2,npu2,npu2,2,allo,failed,failed,True,bf16,512,1024,2048,64,64,64,8,20,200,200,152,48,627.0,634.25,7.25,616.125,645.125,660.295,629.0,619.0,799.0,62.067044194161525,3252.309419274718,627.5657894736842,628.0,619.0,638.0,3.253886446744915,3421.9259303490935,44.52673921268433,Output validation failed; timings were recorded because --benchmark-on-validation-failure was enabled,logs/allo/bf16/allo_bf16_M512_N1024_K2048_m64_n64_k64_8col.log
allo_bf16_M512_N2048_K256_m64_n64_k64_8col,xdna2,npu2,npu2,2,allo,success,passed,False,bf16,512,2048,256,64,64,64,8,20,200,200,200,0,435.0,542.0,107.0,274.5,702.5,475.69,437.0,427.0,655.0,52.870539055318886,1128.615089659232,475.69,437.0,427.0,655.0,52.870539055318886,1128.615089659232,22.767285014502704,,logs/allo/bf16/allo_bf16_M512_N2048_K256_m64_n64_k64_8col.log
allo_bf16_M512_N2048_K512_m64_n64_k64_8col,xdna2,npu2,npu2,2,allo,success,passed,False,bf16,512,2048,512,64,64,64,8,20,200,200,200,0,512.0,641.0,129.0,318.5,834.5,551.995,514.0,505.0,678.0,59.60599781062305,1945.2020833522042,551.995,514.0,505.0,678.0,59.60599781062305,1945.2020833522042,28.25065973121673,,logs/allo/bf16/allo_bf16_M512_N2048_K512_m64_n64_k64_8col.log
allo_bf16_M512_N2048_K1024_m64_n64_k64_8col,xdna2,npu2,npu2,2,allo,failed,failed,True,bf16,512,2048,1024,64,64,64,8,20,200,200,164,36,766.0,769.0,3.0,761.5,773.5,784.605,768.0,757.0,973.0,54.34573557327199,2737.0251884706317,767.4024390243902,767.0,762.0,772.0,1.6517526249674475,2798.3800139208925,39.050065328367054,Output validation failed; timings were recorded because --benchmark-on-validation-failure was enabled,logs/allo/bf16/allo_bf16_M512_N2048_K1024_m64_n64_k64_8col.log
allo_bf16_M512_N2048_K2048_m64_n64_k64_8col,xdna2,npu2,npu2,2,allo,failed,failed,True,bf16,512,2048,2048,64,64,64,8,20,200,200,200,0,1258.0,1572.25,314.25,786.625,2043.625,1406.84,1288.5,1233.0,1883.0,179.9323884129814,3052.9180972960676,1406.84,1288.5,1233.0,1883.0,179.9323884129814,3052.9180972960676,62.45944894850254,Output validation failed; timings were recorded because --benchmark-on-validation-failure was enabled,logs/allo/bf16/allo_bf16_M512_N2048_K2048_m64_n64_k64_8col.log
allo_bf16_M1024_N256_K256_m64_n64_k64_4col,xdna2,npu2,npu2_4col,2,allo,success,passed,False,bf16,1024,256,256,64,64,64,4,20,200,200,144,56,287.0,291.0,4.0,281.0,297.0,300.435,288.0,225.0,482.0,45.27687903334328,446.74464692862017,288.3263888888889,288.0,282.0,297.0,2.178907285745895,465.5062220188347,11.753473576158285,,logs/allo/bf16/allo_bf16_M1024_N256_K256_m64_n64_k64_4col.log
allo_bf16_M1024_N256_K512_m64_n64_k64_4col,xdna2,npu2,npu2_4col,2,allo,success,passed,False,bf16,1024,256,512,64,64,64,4,20,200,200,118,82,332.0,333.0,1.0,330.5,334.5,330.955,333.0,266.0,532.0,42.51720798688456,811.0935202671058,332.7881355932203,333.0,331.0,334.0,0.5800598291066984,806.6256794927298,12.503168445080519,,logs/allo/bf16/allo_bf16_M1024_N256_K512_m64_n64_k64_4col.log
allo_bf16_M1024_N256_K1024_m64_n64_k64_4col,xdna2,npu2,npu2_4col,2,allo,failed,failed,True,bf16,1024,256,1024,64,64,64,4,20,200,200,200,0,354.0,440.0,86.0,225.0,569.0,402.82,438.0,341.0,548.0,47.01805610613863,1332.7811727322378,402.82,438.0,341.0,548.0,47.01805610613863,1332.7811727322378,14.347318219952285,Output validation failed; timings were recorded because --benchmark-on-validation-failure was enabled,logs/allo/bf16/allo_bf16_M1024_N256_K1024_m64_n64_k64_4col.log
allo_bf16_M1024_N256_K2048_m64_n64_k64_4col,xdna2,npu2,npu2_4col,2,allo,failed,failed,True,bf16,1024,256,2048,64,64,64,4,20,200,200,200,0,520.0,644.75,124.75,332.875,831.875,560.815,522.0,508.0,684.0,59.73257716690282,1914.6096734217167,560.815,522.0,508.0,684.0,59.73257716690282,1914.6096734217167,17.959557132795453,Output validation failed; timings were recorded because --benchmark-on-validation-failure was enabled,logs/allo/bf16/allo_bf16_M1024_N256_K2048_m64_n64_k64_4col.log
allo_bf16_M1024_N512_K256_m64_n64_k64_8col,xdna2,npu2,npu2,2,allo,success,passed,False,bf16,1024,512,256,64,64,64,8,20,200,200,190,10,276.75,313.0,36.25,222.375,367.375,301.42,306.0,244.0,505.0,40.02678603135655,890.5694910755756,294.96315789473687,306.0,244.0,361.0,27.001436814134554,910.0643548703673,17.68397692218423,,logs/allo/bf16/allo_bf16_M1024_N512_K256_m64_n64_k64_8col.log
allo_bf16_M1024_N512_K512_m64_n64_k64_8col,xdna2,npu2,npu2,2,allo,success,passed,False,bf16,1024,512,512,64,64,64,8,20,200,200,196,4,285.0,364.0,79.0,166.5,482.5,331.875,350.0,275.0,557.0,49.760520244466896,1617.6901303201507,327.75,350.0,275.0,448.0,40.874044331335746,1638.0500747520975,21.352134137414396,,logs/allo/bf16/allo_bf16_M1024_N512_K512_m64_n64_k64_8col.log
allo_bf16_M1024_N512_K1024_m64_n64_k64_8col,xdna2,npu2,npu2,2,allo,failed,failed,True,bf16,1024,512,1024,64,64,64,8,20,200,200,200,0,396.0,504.0,108.0,234.0,666.0,431.795,400.0,385.0,562.0,51.87140806841472,2486.693509651571,431.795,400.0,385.0,562.0,51.87140806841472,2486.693509651571,28.968915548175573,Output validation failed; timings were recorded because --benchmark-on-validation-failure was enabled,logs/allo/bf16/allo_bf16_M1024_N512_K1024_m64_n64_k64_8col.log
allo_bf16_M1024_N512_K2048_m64_n64_k64_8col,xdna2,npu2,npu2,2,allo,failed,failed,True,bf16,1024,512,2048,64,64,64,8,20,200,200,157,43,621.0,628.0,7.0,610.5,638.5,655.295,623.5,614.0,801.0,63.69700130304409,3277.1250322373894,622.656050955414,622.0,614.0,636.0,3.4154265539130315,3448.908341458924,44.318547347560525,Output validation failed; timings were recorded because --benchmark-on-validation-failure was enabled,logs/allo/bf16/allo_bf16_M1024_N512_K2048_m64_n64_k64_8col.log
allo_bf16_M1024_N1024_K256_m64_n64_k64_8col,xdna2,npu2,npu2,2,allo,success,passed,False,bf16,1024,1024,256,64,64,64,8,20,200,200,200,0,437.0,560.0,123.0,252.5,744.5,486.125,441.0,431.0,654.0,59.50562473413753,1104.3886078683465,486.125,441.0,431.0,654.0,59.50562473413753,1104.3886078683465,22.599807327613235,,logs/allo/bf16/allo_bf16_M1024_N1024_K256_m64_n64_k64_8col.log
allo_bf16_M1024_N1024_K512_m64_n64_k64_8col,xdna2,npu2,npu2,2,allo,success,passed,False,bf16,1024,1024,512,64,64,64,8,20,200,200,152,48,518.0,526.0,8.0,506.0,538.0,550.905,519.0,508.0,769.0,59.60558677674434,1949.05078734083,518.3815789473684,519.0,508.0,532.0,2.7695102420120095,2071.334838287179,28.29919860791415,,logs/allo/bf16/allo_bf16_M1024_N1024_K512_m64_n64_k64_8col.log
allo_bf16_M1024_N1024_K1024_m64_n64_k64_8col,xdna2,npu2,npu2,2,allo,failed,failed,True,bf16,1024,1024,1024,64,64,64,8,20,200,200,173,27,734.0,761.0,27.0,693.5,801.5,768.19,740.0,725.0,1086.0,67.28412814327017,2795.5110688761897,743.1618497109827,739.0,725.0,792.0,13.234974730468569,2889.6580856985074,39.38144986703992,Output validation failed; timings were recorded because --benchmark-on-validation-failure was enabled,logs/allo/bf16/allo_bf16_M1024_N1024_K1024_m64_n64_k64_8col.log
allo_bf16_M1024_N1024_K2048_m64_n64_k64_8col,xdna2,npu2,npu2,2,allo,failed,failed,True,bf16,1024,1024,2048,64,64,64,8,20,200,200,193,7,1181.0,1215.0,34.0,1130.0,1266.0,1207.5,1199.5,1172.0,1501.0,52.09616108697454,3556.908733747412,1198.3575129533679,1199.0,1172.0,1237.0,17.390714514577958,3584.045036288876,62.809453594498336,Output validation failed; timings were recorded because --benchmark-on-validation-failure was enabled,logs/allo/bf16/allo_bf16_M1024_N1024_K2048_m64_n64_k64_8col.log
allo_bf16_M1024_N2048_K256_m64_n64_k64_8col,xdna2,npu2,npu2,2,allo,success,passed,False,bf16,1024,2048,256,64,64,64,8,20,200,200,183,17,806.0,862.0,56.0,722.0,946.0,840.05,810.0,798.0,1053.0,63.30116507616586,1278.1879935718111,823.5737704918033,810.0,798.0,942.0,33.562009658850414,1303.7591318125722,34.56019873358309,,logs/allo/bf16/allo_bf16_M1024_N2048_K256_m64_n64_k64_8col.log
allo_bf16_M1024_N2048_K512_m64_n64_k64_8col,xdna2,npu2,npu2,2,allo,success,passed,False,bf16,1024,2048,512,64,64,64,8,20,200,200,162,38,968.75,974.0,5.25,960.875,981.875,989.815,973.0,960.0,1334.0,63.0129413295396,2169.5808287407244,970.7037037037037,972.0,961.0,981.0,3.49229997595926,2212.2957188751957,43.56140254344791,,logs/allo/bf16/allo_bf16_M1024_N2048_K512_m64_n64_k64_8col.log
allo_bf16_M1024_N2048_K1024_m64_n64_k64_8col,xdna2,npu2,npu2,2,allo,failed,failed,True,bf16,1024,2048,1024,64,64,64,8,20,200,200,195,5,1479.0,1495.0,16.0,1455.0,1519.0,1485.99,1491.0,1453.0,1540.0,14.25797671480775,2890.3069980282507,1486.0205128205127,1491.0,1459.0,1516.0,12.999786575904483,2890.2476506518874,62.762619961984456,Output validation failed; timings were recorded because --benchmark-on-validation-failure was enabled,logs/allo/bf16/allo_bf16_M1024_N2048_K1024_m64_n64_k64_8col.log
allo_bf16_M1024_N2048_K2048_m64_n64_k64_8col,xdna2,npu2,npu2,2,allo,failed,failed,True,bf16,1024,2048,2048,64,64,64,8,20,200,200,178,22,2460.0,2466.0,6.0,2451.0,2475.0,2465.55,2462.0,2438.0,2823.0,27.401596668807457,3483.9831242521955,2462.741573033708,2462.0,2451.0,2474.0,4.113633375501135,3487.9561404482074,104.57695330865681,Output validation failed; timings were recorded because --benchmark-on-validation-failure was enabled,logs/allo/bf16/allo_bf16_M1024_N2048_K2048_m64_n64_k64_8col.log
allo_bf16_M2048_N256_K256_m64_n64_k64_4col,xdna2,npu2,npu2_4col,2,allo,success,passed,False,bf16,2048,256,256,64,64,64,4,20,200,200,196,4,423.0,527.0,104.0,267.0,683.0,468.495,424.0,412.0,706.0,64.23488129513434,572.9740039915047,463.71938775510205,424.0,412.0,619.0,55.40571907075663,578.8747744611559,13.21705802064389,,logs/allo/bf16/allo_bf16_M2048_N256_K256_m64_n64_k64_4col.log
allo_bf16_M2048_N256_K512_m64_n64_k64_4col,xdna2,npu2,npu2_4col,2,allo,success,passed,False,bf16,2048,256,512,64,64,64,4,20,200,200,200,0,502.0,630.0,128.0,310.0,822.0,540.885,503.0,492.0,714.0,61.96290644409766,992.578666444808,540.885,503.0,492.0,714.0,61.96290644409766,992.578666444808,14.443318760022521,,logs/allo/bf16/allo_bf16_M2048_N256_K512_m64_n64_k64_4col.log
allo_bf16_M2048_N256_K1024_m64_n64_k64_4col,xdna2,npu2,npu2_4col,2,allo,failed,failed,True,bf16,2048,256,1024,64,64,64,4,20,200,200,137,63,667.0,670.0,3.0,662.5,674.5,703.4,668.0,653.0,906.0,72.21717247303442,1526.5024509525163,667.7518248175182,668.0,663.0,673.0,1.5128694729895897,1607.9953421219475,17.34165067318827,Output validation failed; timings were recorded because --benchmark-on-validation-failure was enabled,logs/allo/bf16/allo_bf16_M2048_N256_K1024_m64_n64_k64_4col.log
allo_bf16_M2048_N256_K2048_m64_n64_k64_4col,xdna2,npu2,npu2_4col,2,allo,failed,failed,True,bf16,2048,256,2048,64,64,64,4,20,200,200,183,17,972.0,977.0,5.0,964.5,984.5,985.665,975.0,963.0,1279.0,53.15094331241921,2178.7155351970496,974.7486338797814,975.0,967.0,984.0,3.5176659226753775,2203.1153195387346,23.1897925529629,Output validation failed; timings were recorded because --benchmark-on-validation-failure was enabled,logs/allo/bf16/allo_bf16_M2048_N256_K2048_m64_n64_k64_4col.log
allo_bf16_M2048_N512_K256_m64_n64_k64_8col,xdna2,npu2,npu2,2,allo,success,passed,False,bf16,2048,512,256,64,64,64,8,20,200,200,200,0,442.0,550.25,108.25,279.625,712.625,475.04,443.0,432.0,576.0,49.31265963218776,1130.1593802627146,475.04,443.0,432.0,576.0,49.31265963218776,1130.1593802627146,22.504707482643425,,logs/allo/bf16/allo_bf16_M2048_N512_K256_m64_n64_k64_8col.log
allo_bf16_M2048_N512_K512_m64_n64_k64_8col,xdna2,npu2,npu2,2,allo,success,passed,False,bf16,2048,512,512,64,64,64,8,20,200,200,153,47,511.0,533.5,22.5,477.25,567.25,543.695,513.0,502.0,722.0,57.329503530032426,1974.8973670900045,512.7908496732026,512.0,502.0,541.0,5.987627324525287,2093.9176755675085,28.16087704990059,,logs/allo/bf16/allo_bf16_M2048_N512_K512_m64_n64_k64_8col.log
allo_bf16_M2048_N512_K1024_m64_n64_k64_8col,xdna2,npu2,npu2,2,allo,failed,failed,True,bf16,2048,512,1024,64,64,64,8,20,200,200,176,24,745.0,751.0,6.0,736.0,760.0,764.55,748.0,730.0,1121.0,58.39492700569117,2808.820414622981,747.4772727272727,747.0,736.0,758.0,4.315609281558559,2872.9751744352216,39.38863788545132,Output validation failed; timings were recorded because --benchmark-on-validation-failure was enabled,logs/allo/bf16/allo_bf16_M2048_N512_K1024_m64_n64_k64_8col.log
allo_bf16_M2048_N512_K2048_m64_n64_k64_8col,xdna2,npu2,npu2,2,allo,failed,failed,True,bf16,2048,512,2048,64,64,64,8,20,200,200,195,5,1195.0,1205.0,10.0,1180.0,1220.0,1200.51,1200.0,1175.0,1228.0,9.856972151730977,3577.618925290085,1200.3641025641025,1200.0,1180.0,1219.0,9.144747327389002,3578.0537645415284,61.990140593610704,Output validation failed; timings were recorded because --benchmark-on-validation-failure was enabled,logs/allo/bf16/allo_bf16_M2048_N512_K2048_m64_n64_k64_8col.log
allo_bf16_M2048_N1024_K256_m64_n64_k64_8col,xdna2,npu2,npu2,2,allo,success,passed,False,bf16,2048,1024,256,64,64,64,8,20,200,200,156,44,807.0,814.0,7.0,796.5,824.5,834.02,811.0,799.0,1037.0,57.541286047498104,1287.4293470180571,809.2948717948718,811.0,799.0,819.0,3.521396045855759,1326.7621746059406,34.253629420883954,,logs/allo/bf16/allo_bf16_M2048_N1024_K256_m64_n64_k64_8col.log
allo_bf16_M2048_N1024_K512_m64_n64_k64_8col,xdna2,npu2,npu2,2,allo,success,passed,False,bf16,2048,1024,512,64,64,64,8,20,200,200,171,29,966.0,969.0,3.0,961.5,973.5,976.715,967.0,958.0,1244.0,46.45270471135131,2198.679909697302,967.4093567251462,967.0,962.0,973.0,1.6353997476872357,2219.829313280178,43.41920043621212,,logs/allo/bf16/allo_bf16_M2048_N1024_K512_m64_n64_k64_8col.log
allo_bf16_M2048_N1024_K1024_m64_n64_k64_8col,xdna2,npu2,npu2,2,allo,failed,failed,True,bf16,2048,1024,1024,64,64,64,8,20,200,200,161,39,1416.0,1469.0,53.0,1336.5,1548.5,1513.515,1421.0,1401.0,2064.0,186.32793610996714,2837.7434620733857,1426.27950310559,1419.0,1401.0,1547.0,23.03635020590277,3011.3082931137346,63.580871113575995,Output validation failed; timings were recorded because --benchmark-on-validation-failure was enabled,logs/allo/bf16/allo_bf16_M2048_N1024_K1024_m64_n64_k64_8col.log
allo_bf16_M2048_N1024_K2048_m64_n64_k64_8col,xdna2,npu2,npu2,2,allo,failed,failed,True,bf16,2048,1024,2048,64,64,64,8,20,200,200,194,6,2319.75,2367.0,47.25,2248.875,2437.875,2352.925,2337.0,2296.0,2938.0,75.91336756461276,3650.747300487691,2341.3092783505153,2336.5,2296.0,2437.0,26.87863552959544,3668.859416151858,104.21405490674078,Output validation failed; timings were recorded because --benchmark-on-validation-failure was enabled,logs/allo/bf16/allo_bf16_M2048_N1024_K2048_m64_n64_k64_8col.log
allo_bf16_M2048_N2048_K256_m64_n64_k64_8col,xdna2,npu2,npu2,2,allo,success,passed,False,bf16,2048,2048,256,64,64,64,8,20,200,200,170,30,1540.0,1549.0,9.0,1526.5,1562.5,1557.585,1546.0,1530.0,1733.0,41.03197259455119,1378.7264566620763,1543.4529411764706,1545.0,1530.0,1561.0,5.574164949020861,1391.3502580539432,65.14020887669176,,logs/allo/bf16/allo_bf16_M2048_N2048_K256_m64_n64_k64_8col.log
allo_bf16_M2048_N2048_K512_m64_n64_k64_8col,xdna2,npu2,npu2,2,allo,success,passed,False,bf16,2048,2048,512,64,64,64,8,20,200,200,152,48,1863.0,1884.25,21.25,1831.125,1916.125,1952.225,1870.0,1854.0,2809.0,176.50040899386042,2200.03703261663,1867.3881578947369,1866.0,1854.0,1887.0,7.370861320541053,2299.9863621509076,81.73607100732625,,logs/allo/bf16/allo_bf16_M2048_N2048_K512_m64_n64_k64_8col.log
allo_bf16_M2048_N2048_K1024_m64_n64_k64_8col,xdna2,npu2,npu2,2,allo,failed,failed,True,bf16,2048,2048,1024,64,64,64,8,20,200,200,191,9,2744.0,2766.25,22.25,2710.625,2799.625,2760.195,2748.0,2737.0,3449.0,53.73655157339369,3112.0752671459804,2753.4293193717276,2748.0,2737.0,2798.0,13.863733964269262,3119.722206619066,118.39754831884056,Output validation failed; timings were recorded because --benchmark-on-validation-failure was enabled,logs/allo/bf16/allo_bf16_M2048_N2048_K1024_m64_n64_k64_8col.log
allo_bf16_M2048_N2048_K2048_m64_n64_k64_8col,xdna2,npu2,npu2,2,allo,failed,failed,True,bf16,2048,2048,2048,64,64,64,8,20,200,200,174,26,4562.0,4681.5,119.5,4382.75,4860.75,4653.955,4575.5,4528.0,5261.0,163.22911191022268,3691.455801356051,4597.293103448276,4570.0,4528.0,4835.0,68.0632756533761,3736.9532021166874,210.02984573692083,Output validation failed; timings were recorded because --benchmark-on-validation-failure was enabled,logs/allo/bf16/allo_bf16_M2048_N2048_K2048_m64_n64_k64_8col.log
mlir-aie_int16_M256_N256_K256_m64_n64_k64_4col,xdna2,npu2,npu2,2,mlir-aie,success,passed,False,int16,256,256,256,64,64,64,4,20,200,200,176,24,96.0,99.0,3.0,91.5,103.5,98.835,98.0,88.0,279.0,13.895602721724597,339.4994890474022,97.6534090909091,98.0,92.0,103.0,1.8213661745337035,343.6073795310409,10.286418210715055,,logs/mlir-aie/int16/mlir-aie_int16_M256_N256_K256_m64_n64_k64_4col.log
mlir-aie_int16_M256_N256_K512_m64_n64_k64_4col,xdna2,npu2,npu2,2,mlir-aie,success,passed,False,int16,256,256,512,64,64,64,4,20,200,200,192,8,108.0,112.0,4.0,102.0,118.0,111.14,109.0,98.0,303.0,14.545116018787887,603.82278207666,109.69791666666667,109.0,102.0,118.0,3.048632861856096,611.7606062102365,3.462557445280254,,logs/mlir-aie/int16/mlir-aie_int16_M256_N256_K512_m64_n64_k64_4col.log
mlir-aie_int16_M256_N256_K1024_m64_n64_k64_4col,xdna2,npu2,npu2,2,mlir-aie,success,passed,False,int16,256,256,1024,64,64,64,4,20,200,200,164,36,143.0,146.0,3.0,138.5,150.5,145.515,145.0,132.0,353.0,15.812962246208015,922.3635226608941,145.1829268292683,145.0,139.0,150.0,1.8520130694139796,924.4732209995801,3.558771265670657,,logs/mlir-aie/int16/mlir-aie_int16_M256_N256_K1024_m64_n64_k64_4col.log
mlir-aie_int16_M256_N256_K2048_m64_n64_k64_4col,xdna2,npu2,npu2,2,mlir-aie,success,passed,False,int16,256,256,2048,64,64,64,4,20,200,200,166,34,206.0,208.0,2.0,203.0,211.0,206.755,207.0,195.0,228.0,4.316824643183923,1298.3263089163502,207.53614457831324,208.0,203.0,211.0,1.3382310130008765,1293.4395430031059,3.792496901936829,,logs/mlir-aie/int16/mlir-aie_int16_M256_N256_K2048_m64_n64_k64_4col.log
mlir-aie_int16_M256_N512_K256_m64_n64_k64_8col,xdna2,npu2,npu2,2,mlir-aie,success,passed,False,int16,256,512,256,64,64,64,8,20,200,200,187,13,102.0,107.0,5.0,94.5,114.5,105.56,104.0,94.0,148.0,7.62013123246575,635.7414172034862,104.02139037433155,104.0,95.0,114.0,3.5794380392018086,645.1448472136542,5.934827936813235,,logs/mlir-aie/int16/mlir-aie_int16_M256_N512_K256_m64_n64_k64_8col.log
mlir-aie_int16_M256_N512_K512_m64_n64_k64_8col,xdna2,npu2,npu2,2,mlir-aie,success,passed,False,int16,256,512,512,64,64,64,8,20,200,200,190,10,115.0,118.0,3.0,110.5,122.5,116.315,117.0,109.0,125.0,2.485110661519925,1153.915900786657,116.58421052631579,117.0,111.0,122.0,1.9816960194675184,1151.2513349284457,5.868301721289754,,logs/mlir-aie/int16/mlir-aie_int16_M256_N512_K512_m64_n64_k64_8col.log
mlir-aie_int16_M256_N512_K1024_m64_n64_k64_8col,xdna2,npu2,npu2,2,mlir-aie,success,passed,False,int16,256,512,1024,64,64,64,8,20,200,200,180,20,148.0,151.0,3.0,143.5,155.5,150.505,149.0,143.0,286.0,11.026330985418495,1783.5650377063885,149.13333333333333,149.0,144.0,155.0,2.85073090043004,1799.9695306213682,6.093227306380868,,logs/mlir-aie/int16/mlir-aie_int16_M256_N512_K1024_m64_n64_k64_8col.log
mlir-aie_int16_M256_N512_K2048_m64_n64_k64_8col,xdna2,npu2,npu2,2,mlir-aie,success,passed,False,int16,256,512,2048,64,64,64,8,20,200,200,199,1,210.0,216.0,6.0,201.0,225.0,212.71,212.0,201.0,241.0,4.466083295237562,2523.957087113911,212.5678391959799,212.0,201.0,222.0,4.000523942352808,2525.6450553887616,6.690249167382717,,logs/mlir-aie/int16/mlir-aie_int16_M256_N512_K2048_m64_n64_k64_8col.log
mlir-aie_int16_M256_N1024_K256_m64_n64_k64_8col,xdna2,npu2,npu2,2,mlir-aie,success,passed,False,int16,256,1024,256,64,64,64,8,20,200,200,193,7,152.0,156.0,4.0,146.0,162.0,154.855,154.0,145.0,278.0,10.508281258131607,866.7316392754512,153.60621761658032,154.0,146.0,162.0,3.1492021679485642,873.7779634352021,7.89564420003444,,logs/mlir-aie/int16/mlir-aie_int16_M256_N1024_K256_m64_n64_k64_8col.log
mlir-aie_int16_M256_N1024_K512_m64_n64_k64_8col,xdna2,npu2,npu2,2,mlir-aie,success,passed,False,int16,256,1024,512,64,64,64,8,20,200,200,196,4,181.75,187.0,5.25,173.875,194.875,186.65,185.0,176.0,372.0,19.768092978332533,1438.175494240557,184.21428571428572,185.0,176.0,194.0,3.812573184309291,1457.1913082590152,7.939162469469011,,logs/mlir-aie/int16/mlir-aie_int16_M256_N1024_K512_m64_n64_k64_8col.log
mlir-aie_int16_M256_N1024_K1024_m64_n64_k64_8col,xdna2,npu2,npu2,2,mlir-aie,success,passed,False,int16,256,1024,1024,64,64,64,8,20,200,200,193,7,247.0,252.0,5.0,239.5,259.5,251.825,249.0,241.0,446.0,19.9821013659725,2131.920627419835,249.16062176165804,249.0,241.0,257.0,2.941590917576033,2154.7181420728666,8.560297123156488,,logs/mlir-aie/int16/mlir-aie_int16_M256_N1024_K1024_m64_n64_k64_8col.log
mlir-aie_int16_M256_N1024_K2048_m64_n64_k64_8col,xdna2,npu2,npu2,2,mlir-aie,success,passed,False,int16,256,1024,2048,64,64,64,8,20,200,200,199,1,372.0,376.0,4.0,366.0,382.0,374.22,374.0,366.0,383.0,2.98187860249206,2869.2796323018547,374.1758793969849,374.0,366.0,381.0,2.923517724412219,2869.617960757981,9.570978909730911,,logs/mlir-aie/int16/mlir-aie_int16_M256_N1024_K2048_m64_n64_k64_8col.log
mlir-aie_int16_M256_N2048_K256_m64_n64_k64_8col,xdna2,npu2,npu2,2,mlir-aie,success,passed,False,int16,256,2048,256,64,64,64,8,20,200,200,148,52,258.0,260.0,2.0,255.0,263.0,273.12,259.0,250.0,448.0,43.18455279379422,982.8480374926772,258.77027027027026,259.0,255.0,263.0,1.551348997078918,1037.3504487962819,5.679164073430002,,logs/mlir-aie/int16/mlir-aie_int16_M256_N2048_K256_m64_n64_k64_8col.log
mlir-aie_int16_M256_N2048_K512_m64_n64_k64_8col,xdna2,npu2,npu2,2,mlir-aie,success,passed,False,int16,256,2048,512,64,64,64,8,20,200,200,173,27,317.0,320.0,3.0,312.5,324.5,319.825,319.0,310.0,380.0,7.987138098217659,1678.63960603455,318.4393063583815,319.0,313.0,324.0,1.9541163264061843,1685.9442326375024,6.6742765149101615,,logs/mlir-aie/int16/mlir-aie_int16_M256_N2048_K512_m64_n64_k64_8col.log
mlir-aie_int16_M256_N2048_K1024_m64_n64_k64_8col,xdna2,npu2,npu2,2,mlir-aie,success,passed,False,int16,256,2048,1024,64,64,64,8,20,200,200,161,39,452.0,453.0,1.0,450.5,454.5,452.44,452.0,440.0,496.0,4.355043053748148,2373.224790027407,452.3664596273292,452.0,451.0,454.0,0.9304339533452921,2373.610600760665,8.159755907021463,,logs/mlir-aie/int16/mlir-aie_int16_M256_N2048_K1024_m64_n64_k64_8col.log
mlir-aie_int16_M256_N2048_K2048_m64_n64_k64_8col,xdna2,npu2,npu2,2,mlir-aie,success,passed,False,int16,256,2048,2048,64,64,64,8,20,200,200,197,3,700.0,706.0,6.0,691.0,715.0,702.96,704.0,689.0,730.0,4.783137045914533,3054.915852964607,702.9593908629441,704.0,692.0,715.0,4.203983563424205,3054.9185001480323,10.501382276415825,,logs/mlir-aie/int16/mlir-aie_int16_M256_N2048_K2048_m64_n64_k64_8col.log
mlir-aie_int16_M512_N256_K256_m64_n64_k64_4col,xdna2,npu2,npu2,2,mlir-aie,success,passed,False,int16,512,256,256,64,64,64,4,20,200,200,191,9,145.0,154.0,9.0,131.5,167.5,152.995,152.0,135.0,275.0,18.07553526178409,438.6343606000196,149.6282722513089,152.0,135.0,163.0,5.3878899160867,448.50390230588886,4.051722314208746,,logs/mlir-aie/int16/mlir-aie_int16_M512_N256_K256_m64_n64_k64_4col.log
mlir-aie_int16_M512_N256_K512_m64_n64_k64_4col,xdna2,npu2,npu2,2,mlir-aie,success,passed,False,int16,512,256,512,64,64,64,4,20,200,200,164,36,172.0,174.0,2.0,169.0,177.0,176.64,173.0,166.0,365.0,23.911930076846577,759.8376811594203,173.02439024390245,173.0,170.0,177.0,1.541899444351085,775.7156537919368,4.163040277548134,,logs/mlir-aie/int16/mlir-aie_int16_M512_N256_K512_m64_n64_k64_4col.log
mlir-aie_int16_M512_N256_K1024_m64_n64_k64_4col,xdna2,npu2,npu2,2,mlir-aie,success,passed,False,int16,512,256,1024,64,64,64,4,20,200,200,172,28,232.0,234.0,2.0,229.0,237.0,237.39,233.0,227.0,426.0,23.894097597523952,1130.7782804667424,233.19767441860466,233.0,229.0,237.0,1.5044103182392303,1151.106916778858,4.38875349983573,,logs/mlir-aie/int16/mlir-aie_int16_M512_N256_K1024_m64_n64_k64_4col.log
mlir-aie_int16_M512_N256_K2048_m64_n64_k64_4col,xdna2,npu2,npu2,2,mlir-aie,success,passed,False,int16,512,256,2048,64,64,64,4,20,200,200,196,4,358.0,363.0,5.0,350.5,370.5,361.05,361.0,351.0,408.0,5.302593704971182,1486.9710898767485,360.55102040816325,361.0,351.0,370.0,3.4423012265456063,1489.028962925228,4.69492129702121,,logs/mlir-aie/int16/mlir-aie_int16_M512_N256_K2048_m64_n64_k64_4col.log
mlir-aie_int16_M512_N512_K256_m64_n64_k64_8col,xdna2,npu2,npu2,2,mlir-aie,success,passed,False,int16,512,512,256,64,64,64,8,20,200,200,192,8,153.0,157.0,4.0,147.0,163.0,158.56,155.0,146.0,337.0,23.282319472080097,846.4791120080727,154.90104166666666,155.0,147.0,162.0,2.7998509927489397,866.4740182240006,8.505419523455203,,logs/mlir-aie/int16/mlir-aie_int16_M512_N512_K256_m64_n64_k64_8col.log
mlir-aie_int16_M512_N512_K512_m64_n64_k64_8col,xdna2,npu2,npu2,2,mlir-aie,success,passed,False,int16,512,512,512,64,64,64,8,20,200,200,191,9,182.0,187.0,5.0,174.5,194.5,188.84,183.0,176.0,374.0,27.390772168743254,1421.4968015251006,183.91623036649216,183.0,176.0,193.0,3.210470179608652,1459.5528380778865,8.589772435836494,,logs/mlir-aie/int16/mlir-aie_int16_M512_N512_K512_m64_n64_k64_8col.log
mlir-aie_int16_M512_N512_K1024_m64_n64_k64_8col,xdna2,npu2,npu2,2,mlir-aie,success,passed,False,int16,512,512,1024,64,64,64,8,20,200,200,147,53,253.0,256.0,3.0,248.5,260.5,258.55,255.0,241.0,446.0,24.856739528747532,2076.468427770257,254.22448979591837,254.0,249.0,259.0,1.9300555783733697,2111.798562093602,8.926039886660874,,logs/mlir-aie/int16/mlir-aie_int16_M512_N512_K1024_m64_n64_k64_8col.log
mlir-aie_int16_M512_N512_K2048_m64_n64_k64_8col,xdna2,npu2,npu2,2,mlir-aie,success,passed,False,int16,512,512,2048,64,64,64,8,20,200,200,168,32,370.0,372.0,2.0,367.0,375.0,371.0,372.0,361.0,383.0,3.0215889859476257,2894.1828140161724,371.5357142857143,372.0,367.0,375.0,1.2996925329754376,2890.0097156589445,9.943219725042582,,logs/mlir-aie/int16/mlir-aie_int16_M512_N512_K2048_m64_n64_k64_8col.log
mlir-aie_int16_M512_N1024_K256_m64_n64_k64_8col,xdna2,npu2,npu2,2,mlir-aie,success,passed,False,int16,512,1024,256,64,64,64,8,20,200,200,154,46,263.0,265.0,2.0,260.0,268.0,277.96,264.0,254.0,453.0,44.648722266152255,965.7341200172687,263.487012987013,264.0,260.0,268.0,1.5214356386087253,1018.7805955097716,6.064117395319045,,logs/mlir-aie/int16/mlir-aie_int16_M512_N1024_K256_m64_n64_k64_8col.log
mlir-aie_int16_M512_N1024_K512_m64_n64_k64_8col,xdna2,npu2,npu2,2,mlir-aie,success,passed,False,int16,512,1024,512,64,64,64,8,20,200,200,194,6,321.0,326.0,5.0,313.5,333.5,324.9,324.5,314.0,448.0,10.971781988355401,1652.4189350569407,323.5412371134021,324.0,314.0,333.0,3.7486561874648454,1659.3585312027021,6.342600696720183,,logs/mlir-aie/int16/mlir-aie_int16_M512_N1024_K512_m64_n64_k64_8col.log
mlir-aie_int16_M512_N1024_K1024_m64_n64_k64_8col,xdna2,npu2,npu2,2,mlir-aie,success,passed,False,int16,512,1024,1024,64,64,64,8,20,200,200,160,40,450.0,453.0,3.0,445.5,457.5,452.8,451.0,440.0,494.0,9.1498633869583,2371.3379505300354,451.1875,451.0,446.0,457.0,1.8979841279631398,2379.8128804543567,7.346563418395817,,logs/mlir-aie/int16/mlir-aie_int16_M512_N1024_K1024_m64_n64_k64_8col.log
mlir-aie_int16_M512_N1024_K2048_m64_n64_k64_8col,xdna2,npu2,npu2,2,mlir-aie,success,passed,False,int16,512,1024,2048,64,64,64,8,20,200,200,180,20,689.0,691.0,2.0,686.0,694.0,690.075,690.0,681.0,710.0,3.5608110031283604,3111.9568858457415,689.8277777777778,690.0,686.0,694.0,1.4407966760540487,3113.0721568185295,8.701693596318364,,logs/mlir-aie/int16/mlir-aie_int16_M512_N1024_K2048_m64_n64_k64_8col.log
mlir-aie_int16_M512_N2048_K256_m64_n64_k64_8col,xdna2,npu2,npu2,2,mlir-aie,success,passed,False,int16,512,2048,256,64,64,64,8,20,200,200,156,44,467.0,469.0,2.0,464.0,472.0,481.495,468.0,459.0,652.0,39.61060432510466,1115.0082804598178,467.21153846153845,467.0,464.0,471.0,1.1983408154857997,1149.0960042807162,6.909388571977615,,logs/mlir-aie/int16/mlir-aie_int16_M512_N2048_K256_m64_n64_k64_8col.log
mlir-aie_int16_M512_N2048_K512_m64_n64_k64_8col,xdna2,npu2,npu2,2,mlir-aie,success,passed,False,int16,512,2048,512,64,64,64,8,20,200,200,190,10,599.0,603.0,4.0,593.0,609.0,600.78,601.0,591.0,615.0,3.8172765160517255,1787.2462864942243,600.9526315789474,601.0,593.0,609.0,3.1810075234532107,1786.7328763979995,8.38012464903295,,logs/mlir-aie/int16/mlir-aie_int16_M512_N2048_K512_m64_n64_k64_8col.log
mlir-aie_int16_M512_N2048_K1024_m64_n64_k64_8col,xdna2,npu2,npu2,2,mlir-aie,success,passed,False,int16,512,2048,1024,64,64,64,8,20,200,200,173,27,835.0,850.25,15.25,812.125,873.125,844.53,836.0,826.0,884.0,16.280942847390627,2542.8151137318982,839.4971098265896,836.0,826.0,873.0,10.85512812802315,2558.0596083810156,10.879234908148646,,logs/mlir-aie/int16/mlir-aie_int16_M512_N2048_K1024_m64_n64_k64_8col.log
mlir-aie_int16_M512_N2048_K2048_m64_n64_k64_8col,xdna2,npu2,npu2,2,mlir-aie,success,passed,False,int16,512,2048,2048,64,64,64,8,20,200,200,182,18,1324.0,1331.0,7.0,1313.5,1341.5,1330.37,1327.0,1317.0,1368.0,10.546710387604278,3228.400592316423,1327.4615384615386,1327.0,1317.0,1341.0,4.861392402869218,3235.4740017384247,6.736880133859813,,logs/mlir-aie/int16/mlir-aie_int16_M512_N2048_K2048_m64_n64_k64_8col.log
mlir-aie_int16_M1024_N256_K256_m64_n64_k64_4col,xdna2,npu2,npu2,2,mlir-aie,success,passed,False,int16,1024,256,256,64,64,64,4,20,200,200,177,23,244.0,298.75,54.75,161.875,380.875,275.775,247.5,240.0,436.0,59.7015441592594,486.6928764391261,255.78531073446328,246.0,240.0,373.0,23.375568129040662,524.7280526571542,4.014543638564646,,logs/mlir-aie/int16/mlir-aie_int16_M1024_N256_K256_m64_n64_k64_4col.log
mlir-aie_int16_M1024_N256_K512_m64_n64_k64_4col,xdna2,npu2,npu2,2,mlir-aie,success,passed,False,int16,1024,256,512,64,64,64,4,20,200,200,171,29,309.0,316.0,7.0,298.5,326.5,324.505,314.0,301.0,497.0,36.319002946116235,827.215161553751,312.03508771929825,312.0,301.0,326.0,4.126500771602536,860.2733043967165,4.080218954011798,,logs/mlir-aie/int16/mlir-aie_int16_M1024_N256_K512_m64_n64_k64_4col.log
mlir-aie_int16_M1024_N256_K1024_m64_n64_k64_4col,xdna2,npu2,npu2,2,mlir-aie,success,passed,False,int16,1024,256,1024,64,64,64,4,20,200,200,180,20,438.0,442.0,4.0,432.0,448.0,442.27,440.0,423.0,637.0,20.824435166409675,1213.8985506590996,440.09444444444443,440.5,433.0,448.0,2.5423025919696896,1219.8993165608392,4.334073077887297,,logs/mlir-aie/int16/mlir-aie_int16_M1024_N256_K1024_m64_n64_k64_4col.log
mlir-aie_int16_M1024_N256_K2048_m64_n64_k64_4col,xdna2,npu2,npu2,2,mlir-aie,success,passed,False,int16,1024,256,2048,64,64,64,4,20,200,200,162,38,676.0,677.0,1.0,674.5,678.5,676.25,677.0,667.0,685.0,2.4489793792516914,1587.78827948244,676.5246913580247,677.0,675.0,678.0,0.9375606468215942,1587.1435850251376,4.76460887491703,,logs/mlir-aie/int16/mlir-aie_int16_M1024_N256_K2048_m64_n64_k64_4col.log
mlir-aie_int16_M1024_N512_K256_m64_n64_k64_8col,xdna2,npu2,npu2,2,mlir-aie,success,passed,False,int16,1024,512,256,64,64,64,8,20,200,200,155,45,258.0,260.0,2.0,255.0,263.0,270.19,259.0,250.0,441.0,36.22463112303561,993.506258558792,258.8258064516129,259.0,255.0,263.0,1.6466912556916309,1037.1278647988436,7.6698527140542865,,logs/mlir-aie/int16/mlir-aie_int16_M1024_N512_K256_m64_n64_k64_8col.log
mlir-aie_int16_M1024_N512_K512_m64_n64_k64_8col,xdna2,npu2,npu2,2,mlir-aie,success,passed,False,int16,1024,512,512,64,64,64,8,20,200,200,195,5,318.0,322.0,4.0,312.0,328.0,322.225,321.0,312.0,509.0,19.678271646666534,1666.1367429591123,319.75384615384615,320.0,312.0,327.0,2.8231502820064147,1679.0131485758277,7.827487421222031,,logs/mlir-aie/int16/mlir-aie_int16_M1024_N512_K512_m64_n64_k64_8col.log
mlir-aie_int16_M1024_N512_K1024_m64_n64_k64_8col,xdna2,npu2,npu2,2,mlir-aie,success,passed,False,int16,1024,512,1024,64,64,64,8,20,200,200,189,11,444.0,449.0,5.0,436.5,456.5,448.675,447.0,434.0,644.0,19.89923051276104,2393.1394082576476,446.6296296296296,447.0,437.0,455.0,3.0481793282750185,2404.09895082511,8.289927938953042,,logs/mlir-aie/int16/mlir-aie_int16_M1024_N512_K1024_m64_n64_k64_8col.log
mlir-aie_int16_M1024_N512_K2048_m64_n64_k64_8col,xdna2,npu2,npu2,2,mlir-aie,success,passed,False,int16,1024,512,2048,64,64,64,8,20,200,200,180,20,686.0,689.0,3.0,681.5,693.5,688.695,687.0,679.0,775.0,10.373137182164323,3118.1925932379354,687.6111111111111,687.0,682.0,693.0,1.6034299655179791,3123.1078342086125,9.286543431691825,,logs/mlir-aie/int16/mlir-aie_int16_M1024_N512_K2048_m64_n64_k64_8col.log
mlir-aie_int16_M1024_N1024_K256_m64_n64_k64_8col,xdna2,npu2,npu2,2,mlir-aie,success,passed,False,int16,1024,1024,256,64,64,64,8,20,200,200,155,45,465.0,470.25,5.25,457.125,478.125,481.13,466.0,456.0,638.0,35.48821071849073,1115.8541599983373,465.26451612903224,465.0,458.0,478.0,2.8872968033066875,1153.904700205225,7.935431648045778,,logs/mlir-aie/int16/mlir-aie_int16_M1024_N1024_K256_m64_n64_k64_8col.log
mlir-aie_int16_M1024_N1024_K512_m64_n64_k64_8col,xdna2,npu2,npu2,2,mlir-aie,success,passed,False,int16,1024,1024,512,64,64,64,8,20,200,200,186,14,587.0,597.0,10.0,572.0,612.0,596.905,589.0,578.0,775.0,27.807660365446065,1798.8487682294503,590.5698924731183,588.0,578.0,609.0,5.5608033949277615,1818.145214791617,8.38553415145725,,logs/mlir-aie/int16/mlir-aie_int16_M1024_N1024_K512_m64_n64_k64_8col.log
mlir-aie_int16_M1024_N1024_K1024_m64_n64_k64_8col,xdna2,npu2,npu2,2,mlir-aie,success,passed,False,int16,1024,1024,1024,64,64,64,8,20,200,200,178,22,829.0,832.0,3.0,824.5,836.5,834.135,831.0,821.0,1017.0,23.399503734053848,2574.5037050357555,830.5730337078652,831.0,825.0,835.0,1.6985627794455265,2585.5446310520692,9.636905218474567,,logs/mlir-aie/int16/mlir-aie_int16_M1024_N1024_K1024_m64_n64_k64_8col.log
mlir-aie_int16_M1024_N1024_K2048_m64_n64_k64_8col,xdna2,npu2,npu2,2,mlir-aie,success,passed,False,int16,1024,1024,2048,64,64,64,8,20,200,200,186,14,1327.0,1333.25,6.25,1317.625,1342.625,1330.84,1329.0,1316.0,1367.0,7.331057222529367,3227.2604490397043,1329.6182795698924,1328.0,1318.0,1342.0,4.643122934890626,3230.22581893906,9.148566310293972,,logs/mlir-aie/int16/mlir-aie_int16_M1024_N1024_K2048_m64_n64_k64_8col.log
mlir-aie_int16_M1024_N2048_K256_m64_n64_k64_8col,xdna2,npu2,npu2,2,mlir-aie,success,passed,False,int16,1024,2048,256,64,64,64,8,20,200,200,191,9,896.0,918.0,22.0,863.0,951.0,912.445,916.0,880.0,1099.0,26.084228472393043,1176.7742976288982,907.9842931937172,915.0,880.0,948.0,12.784757137949125,1182.5555045927636,9.477642223238945,,logs/mlir-aie/int16/mlir-aie_int16_M1024_N2048_K256_m64_n64_k64_8col.log
mlir-aie_int16_M1024_N2048_K512_m64_n64_k64_8col,xdna2,npu2,npu2,2,mlir-aie,success,passed,False,int16,1024,2048,512,64,64,64,8,20,200,200,196,4,1123.0,1133.0,10.0,1108.0,1148.0,1129.57,1128.0,1114.0,1163.0,8.242881777630927,1901.1514540931505,1129.0510204081634,1128.0,1114.0,1146.0,7.433202469916125,1902.0253373701953,12.049997000023723,,logs/mlir-aie/int16/mlir-aie_int16_M1024_N2048_K512_m64_n64_k64_8col.log
mlir-aie_int16_M1024_N2048_K1024_m64_n64_k64_8col,xdna2,npu2,npu2,2,mlir-aie,success,passed,False,int16,1024,2048,1024,64,64,64,8,20,200,200,176,24,1611.0,1615.0,4.0,1605.0,1621.0,1613.48,1613.0,1600.0,1637.0,5.654166605256694,2661.927818132236,1612.4602272727273,1613.0,1605.0,1621.0,3.259358545813162,2663.61130858055,8.186376742087305,,logs/mlir-aie/int16/mlir-aie_int16_M1024_N2048_K1024_m64_n64_k64_8col.log
mlir-aie_int16_M1024_N2048_K2048_m64_n64_k64_8col,xdna2,npu2,npu2,2,mlir-aie,success,passed,False,int16,1024,2048,2048,64,64,64,8,20,200,200,185,15,2593.0,2601.0,8.0,2581.0,2613.0,2598.135,2595.0,2584.0,2633.0,8.763947455342256,3306.1925542745084,2596.308108108108,2595.0,2584.0,2612.0,6.006949955850841,3308.5189562726277,8.715463465079665,,logs/mlir-aie/int16/mlir-aie_int16_M1024_N2048_K2048_m64_n64_k64_8col.log
mlir-aie_int16_M2048_N256_K256_m64_n64_k64_4col,xdna2,npu2,npu2,2,mlir-aie,success,passed,False,int16,2048,256,256,64,64,64,4,20,200,200,158,42,454.0,472.25,18.25,426.625,499.625,472.845,455.0,441.0,641.0,41.32990412522149,567.7028540007825,455.6518987341772,454.0,441.0,499.0,7.133383112006296,589.1239710527412,5.020716420374811,,logs/mlir-aie/int16/mlir-aie_int16_M2048_N256_K256_m64_n64_k64_4col.log
mlir-aie_int16_M2048_N256_K512_m64_n64_k64_4col,xdna2,npu2,npu2,2,mlir-aie,success,passed,False,int16,2048,256,512,64,64,64,4,20,200,200,159,41,576.0,578.0,2.0,573.0,581.0,583.235,577.0,567.0,764.0,30.29405510987263,920.505305751541,576.8050314465409,577.0,574.0,581.0,1.3894389955235729,930.766693649686,5.079557632096112,,logs/mlir-aie/int16/mlir-aie_int16_M2048_N256_K512_m64_n64_k64_4col.log
mlir-aie_int16_M2048_N256_K1024_m64_n64_k64_4col,xdna2,npu2,npu2,2,mlir-aie,success,passed,False,int16,2048,256,1024,64,64,64,4,20,200,200,167,33,827.0,832.0,5.0,819.5,839.5,834.255,829.0,816.0,1020.0,23.629853469710724,1287.0666930375005,828.6826347305389,828.0,820.0,839.0,3.1850884238551096,1295.7214004480093,5.381659252569079,,logs/mlir-aie/int16/mlir-aie_int16_M2048_N256_K1024_m64_n64_k64_4col.log
mlir-aie_int16_M2048_N256_K2048_m64_n64_k64_4col,xdna2,npu2,npu2,2,mlir-aie,success,passed,False,int16,2048,256,2048,64,64,64,4,20,200,200,199,1,1304.0,1310.0,6.0,1295.0,1319.0,1307.1,1307.0,1297.0,1330.0,4.360045871318328,1642.937531940938,1306.9849246231156,1307.0,1297.0,1319.0,4.056730107509322,1643.08218675074,6.0131555162370205,,logs/mlir-aie/int16/mlir-aie_int16_M2048_N256_K2048_m64_n64_k64_4col.log
mlir-aie_int16_M2048_N512_K256_m64_n64_k64_8col,xdna2,npu2,npu2,2,mlir-aie,success,passed,False,int16,2048,512,256,64,64,64,8,20,200,200,174,26,478.0,480.0,2.0,475.0,483.0,480.005,479.0,468.0,652.0,13.397573474327357,1118.469415943584,478.8103448275862,479.0,475.0,482.0,1.4908559974832805,1121.2600517086169,11.042447295039892,,logs/mlir-aie/int16/mlir-aie_int16_M2048_N512_K256_m64_n64_k64_8col.log
mlir-aie_int16_M2048_N512_K512_m64_n64_k64_8col,xdna2,npu2,npu2,2,mlir-aie,success,passed,False,int16,2048,512,512,64,64,64,8,20,200,200,165,35,599.0,603.0,4.0,593.0,609.0,607.05,601.0,589.0,781.0,22.90081876265563,1768.7864656947534,600.1939393939394,601.0,593.0,609.0,2.7521825382048393,1788.9914468050729,11.259472206234932,,logs/mlir-aie/int16/mlir-aie_int16_M2048_N512_K512_m64_n64_k64_8col.log
mlir-aie_int16_M2048_N512_K1024_m64_n64_k64_8col,xdna2,npu2,npu2,2,mlir-aie,success,passed,False,int16,2048,512,1024,64,64,64,8,20,200,200,172,28,835.0,838.0,3.0,830.5,842.5,842.14,837.0,825.0,1023.0,30.294065425426147,2550.031643194718,836.6686046511628,837.0,831.0,842.0,2.096661888874178,2566.707578199809,11.874505202285945,,logs/mlir-aie/int16/mlir-aie_int16_M2048_N512_K1024_m64_n64_k64_8col.log
mlir-aie_int16_M2048_N512_K2048_m64_n64_k64_8col,xdna2,npu2,npu2,2,mlir-aie,success,passed,False,int16,2048,512,2048,64,64,64,8,20,200,200,176,24,1313.75,1318.0,4.25,1307.375,1324.375,1317.735,1316.0,1307.0,1368.0,8.805951112741882,3259.3558613833584,1315.3238636363637,1315.0,1308.0,1324.0,3.42495833810699,3265.330626729504,11.488069701008499,,logs/mlir-aie/int16/mlir-aie_int16_M2048_N512_K2048_m64_n64_k64_8col.log
mlir-aie_int16_M2048_N1024_K256_m64_n64_k64_8col,xdna2,npu2,npu2,2,mlir-aie,success,passed,False,int16,2048,1024,256,64,64,64,8,20,200,200,167,33,879.0,885.0,6.0,870.0,894.0,890.08,882.0,870.0,1014.0,24.935589024524766,1206.3430523099048,880.622754491018,880.0,870.0,894.0,3.843677079389415,1219.2982960343795,11.41930513177067,,logs/mlir-aie/int16/mlir-aie_int16_M2048_N1024_K256_m64_n64_k64_8col.log
mlir-aie_int16_M2048_N1024_K512_m64_n64_k64_8col,xdna2,npu2,npu2,2,mlir-aie,success,passed,False,int16,2048,1024,512,64,64,64,8,20,200,200,157,43,1125.0,1129.0,4.0,1119.0,1135.0,1135.65,1128.0,1114.0,1526.0,40.937727098606736,1890.973141372782,1127.5159235668789,1128.0,1119.0,1134.0,2.6628013014921037,1904.614917726811,12.406714771874249,,logs/mlir-aie/int16/mlir-aie_int16_M2048_N1024_K512_m64_n64_k64_8col.log
mlir-aie_int16_M2048_N1024_K1024_m64_n64_k64_8col,xdna2,npu2,npu2,2,mlir-aie,success,passed,False,int16,2048,1024,1024,64,64,64,8,20,200,200,155,45,1608.0,1610.0,2.0,1605.0,1613.0,1613.215,1609.0,1599.0,1789.0,20.33565280486466,2662.3650883484224,1608.9935483870968,1609.0,1605.0,1613.0,1.4345810861781148,2669.3502284738206,11.384148837067187,,logs/mlir-aie/int16/mlir-aie_int16_M2048_N1024_K1024_m64_n64_k64_8col.log
mlir-aie_int16_M2048_N1024_K2048_m64_n64_k64_8col,xdna2,npu2,npu2,2,mlir-aie,success,passed,False,int16,2048,1024,2048,64,64,64,8,20,200,200,199,1,2582.0,2598.0,16.0,2558.0,2622.0,2591.105,2588.0,2572.0,2629.0,11.59025344847989,3315.1626784711543,2590.9145728643216,2588.0,2572.0,2618.0,11.30294303710176,3315.406336421046,11.864320679567754,,logs/mlir-aie/int16/mlir-aie_int16_M2048_N1024_K2048_m64_n64_k64_8col.log
mlir-aie_int16_M2048_N2048_K256_m64_n64_k64_8col,xdna2,npu2,npu2,2,mlir-aie,success,passed,False,int16,2048,2048,256,64,64,64,8,20,200,200,169,31,1720.0,1725.0,5.0,1712.5,1732.5,1723.63,1722.0,1704.0,1777.0,10.072889357081214,1245.907560207237,1722.0710059171597,1722.0,1713.0,1732.0,3.2171396838693713,1247.035482637529,14.19623109512031,,logs/mlir-aie/int16/mlir-aie_int16_M2048_N2048_K256_m64_n64_k64_8col.log
mlir-aie_int16_M2048_N2048_K512_m64_n64_k64_8col,xdna2,npu2,npu2,2,mlir-aie,success,passed,False,int16,2048,2048,512,64,64,64,8,20,200,200,200,0,2204.75,2226.0,21.25,2172.875,2257.875,2217.4,2221.0,2189.0,2252.0,13.616901262769,1936.9384396139624,2217.4,2221.0,2189.0,2252.0,13.616901262769,1936.9384396139624,11.85868554469198,,logs/mlir-aie/int16/mlir-aie_int16_M2048_N2048_K512_m64_n64_k64_8col.log
mlir-aie_int16_M2048_N2048_K1024_m64_n64_k64_8col,xdna2,npu2,npu2,2,mlir-aie,success,passed,False,int16,2048,2048,1024,64,64,64,8,20,200,200,197,3,3176.0,3190.0,14.0,3155.0,3211.0,3184.015,3184.0,3162.0,3227.0,10.872201938889841,2697.8310692631785,3183.4010152284263,3184.0,3162.0,3208.0,9.729154416999396,2698.351401820994,12.577504470013082,,logs/mlir-aie/int16/mlir-aie_int16_M2048_N2048_K1024_m64_n64_k64_8col.log
mlir-aie_int16_M2048_N2048_K2048_m64_n64_k64_8col,xdna2,npu2,npu2,2,mlir-aie,success,passed,False,int16,2048,2048,2048,64,64,64,8,20,200,200,185,15,5134.0,5144.0,10.0,5119.0,5159.0,5142.665,5138.0,5120.0,5538.0,30.43768675507388,3340.654929691123,5138.421621621622,5137.0,5120.0,5159.0,7.776997792698711,3343.4136879134194,14.475788187235594,,logs/mlir-aie/int16/mlir-aie_int16_M2048_N2048_K2048_m64_n64_k64_8col.log
mlir-aie_int8_M256_N256_K256_m64_n128_k64_2col,xdna2,npu2,npu2,2,mlir-aie,success,passed,False,int8,256,256,256,64,128,64,2,20,200,200,184,16,73.0,75.0,2.0,70.0,78.0,75.36,74.0,67.0,302.0,16.704801704899104,445.2552016985138,74.2336956521739,74.0,70.0,78.0,1.5089427031154776,452.01079786221544,9.378268155269325,,logs/mlir-aie/int8/mlir-aie_int8_M256_N256_K256_m64_n128_k64_2col.log
mlir-aie_int8_M256_N256_K512_m64_n128_k64_2col,xdna2,npu2,npu2,2,mlir-aie,success,passed,False,int8,256,256,512,64,128,64,2,20,200,200,163,37,94.0,97.0,3.0,89.5,101.5,94.53,95.0,77.0,107.0,4.473153250225169,709.9213371416481,95.58895705521472,95.0,91.0,101.0,2.041682397050453,702.0566608048264,2.849046705290675,,logs/mlir-aie/int8/mlir-aie_int8_M256_N256_K512_m64_n128_k64_2col.log
mlir-aie_int8_M256_N256_K1024_m64_n128_k64_2col,xdna2,npu2,npu2,2,mlir-aie,success,passed,False,int8,256,256,1024,64,128,64,2,20,200,200,197,3,102.0,107.0,5.0,94.5,114.5,105.8,103.0,97.0,295.0,14.416310207539237,1268.598563327032,104.50253807106598,103.0,97.0,113.0,3.322931195613911,1284.3489782872687,2.941524808295071,,logs/mlir-aie/int8/mlir-aie_int8_M256_N256_K1024_m64_n128_k64_2col.log
mlir-aie_int8_M256_N256_K2048_m64_n128_k64_2col,xdna2,npu2,npu2,2,mlir-aie,success,passed,False,int8,256,256,2048,64,128,64,2,20,200,200,185,15,139.0,141.0,2.0,136.0,144.0,140.3,140.0,131.0,149.0,2.211334438749598,1913.2961938702779,140.25405405405405,140.0,136.0,144.0,1.4613201352266039,1913.9229722125872,3.013071857392788,,logs/mlir-aie/int8/mlir-aie_int8_M256_N256_K2048_m64_n128_k64_2col.log
mlir-aie_int8_M256_N512_K256_m64_n128_k64_4col,xdna2,npu2,npu2,2,mlir-aie,success,passed,False,int8,256,512,256,64,128,64,4,20,200,200,182,18,83.0,86.0,3.0,78.5,90.5,85.915,84.0,77.0,289.0,15.62714865226539,781.1076529127627,84.06043956043956,84.0,79.0,90.0,2.2241619792819325,798.3406267076278,3.4526271568611264,,logs/mlir-aie/int8/mlir-aie_int8_M256_N512_K256_m64_n128_k64_4col.log
mlir-aie_int8_M256_N512_K512_m64_n128_k64_4col,xdna2,npu2,npu2,2,mlir-aie,success,passed,False,int8,256,512,512,64,128,64,4,20,200,200,181,19,90.0,92.0,2.0,87.0,95.0,91.995,91.0,82.0,233.0,11.181903907653652,1458.9676395456274,90.84530386740332,91.0,87.0,95.0,1.7331166769585635,1477.4316589430152,3.533000834286213,,logs/mlir-aie/int8/mlir-aie_int8_M256_N512_K512_m64_n128_k64_4col.log
mlir-aie_int8_M256_N512_K1024_m64_n128_k64_4col,xdna2,npu2,npu2,2,mlir-aie,success,passed,False,int8,256,512,1024,64,128,64,4,20,200,200,183,17,113.0,117.0,4.0,107.0,123.0,117.19,115.0,108.0,301.0,14.724262290519006,2290.6003583923543,114.65573770491804,114.0,108.0,123.0,3.123427670376826,2341.2300280240206,3.59093308635056,,logs/mlir-aie/int8/mlir-aie_int8_M256_N512_K1024_m64_n128_k64_4col.log
mlir-aie_int8_M256_N512_K2048_m64_n128_k64_4col,xdna2,npu2,npu2,2,mlir-aie,success,passed,False,int8,256,512,2048,64,128,64,4,20,200,200,197,3,138.0,142.25,4.25,131.625,148.625,140.415,140.0,133.0,153.0,3.0745365504413833,3823.4584054410143,140.24365482233503,140.0,133.0,148.0,2.7541427665090836,3828.129783697698,3.804688594304025,,logs/mlir-aie/int8/mlir-aie_int8_M256_N512_K2048_m64_n128_k64_4col.log
mlir-aie_int8_M256_N1024_K256_m64_n128_k64_8col,xdna2,npu2,npu2,2,mlir-aie,success,passed,False,int8,256,1024,256,64,128,64,8,20,200,200,195,5,92.0,96.0,4.0,86.0,102.0,95.105,93.0,87.0,290.0,14.833542226993524,1411.2583775826718,93.6,93.0,87.0,101.0,3.062427393173843,1433.9500854700855,5.844659133814275,,logs/mlir-aie/int8/mlir-aie_int8_M256_N1024_K256_m64_n128_k64_8col.log
mlir-aie_int8_M256_N1024_K512_m64_n128_k64_8col,xdna2,npu2,npu2,2,mlir-aie,success,passed,False,int8,256,1024,512,64,128,64,8,20,200,200,199,1,109.0,114.0,5.0,101.5,121.5,112.105,112.0,103.0,124.0,3.684287583780615,2394.5002988269925,112.04522613065326,112.0,103.0,121.0,3.595497578682562,2395.7777164640984,5.962023239582777,,logs/mlir-aie/int8/mlir-aie_int8_M256_N1024_K512_m64_n128_k64_8col.log
mlir-aie_int8_M256_N1024_K1024_m64_n128_k64_8col,xdna2,npu2,npu2,2,mlir-aie,success,passed,False,int8,256,1024,1024,64,128,64,8,20,200,200,191,9,131.75,135.0,3.25,126.875,139.875,132.905,133.0,124.0,142.0,3.284200816028155,4039.508761897596,132.9371727748691,133.0,127.0,139.0,2.915247938139992,4038.5311406403844,6.248983233235776,,logs/mlir-aie/int8/mlir-aie_int8_M256_N1024_K1024_m64_n128_k64_8col.log
mlir-aie_int8_M256_N1024_K2048_m64_n128_k64_8col,xdna2,npu2,npu2,2,mlir-aie,success,passed,False,int8,256,1024,2048,64,128,64,8,20,200,200,193,7,175.0,179.0,4.0,169.0,185.0,177.09,178.0,167.0,190.0,3.558356362142499,6063.254977694957,177.00518134715026,178.0,169.0,185.0,3.0137807996013666,6066.160413090568,6.962004344910383,,logs/mlir-aie/int8/mlir-aie_int8_M256_N1024_K2048_m64_n128_k64_8col.log
mlir-aie_int8_M256_N2048_K256_m64_n128_k64_8col,xdna2,npu2,npu2,2,mlir-aie,success,passed,False,int8,256,2048,256,64,128,64,8,20,200,200,195,5,142.0,147.0,5.0,134.5,154.5,146.745,146.0,138.0,332.0,14.151324142991001,1829.264751780299,145.3897435897436,146.0,138.0,153.0,3.378954084252189,1846.3163175902084,7.734163140878081,,logs/mlir-aie/int8/mlir-aie_int8_M256_N2048_K256_m64_n128_k64_8col.log
mlir-aie_int8_M256_N2048_K512_m64_n128_k64_8col,xdna2,npu2,npu2,2,mlir-aie,success,passed,False,int8,256,2048,512,64,128,64,8,20,200,200,175,25,160.0,162.0,2.0,157.0,165.0,163.535,161.0,152.0,350.0,19.781020575288828,3282.911376769499,161.2,161.0,157.0,165.0,1.3480144128097655,3330.4647146401985,8.141399146988988,,logs/mlir-aie/int8/mlir-aie_int8_M256_N2048_K512_m64_n128_k64_8col.log
mlir-aie_int8_M256_N2048_K1024_m64_n128_k64_8col,xdna2,npu2,npu2,2,mlir-aie,success,passed,False,int8,256,2048,1024,64,128,64,8,20,200,200,194,6,205.0,209.0,4.0,199.0,215.0,207.85,206.0,198.0,407.0,14.970554431950742,5165.945749338465,206.43298969072166,206.0,199.0,214.0,2.849876888261006,5201.406159009189,9.00995474960655,,logs/mlir-aie/int8/mlir-aie_int8_M256_N2048_K1024_m64_n128_k64_8col.log
mlir-aie_int8_M256_N2048_K2048_m64_n128_k64_8col,xdna2,npu2,npu2,2,mlir-aie,success,passed,False,int8,256,2048,2048,64,128,64,8,20,200,200,198,2,300.75,305.0,4.25,294.375,311.375,302.985,304.0,295.0,314.0,3.206988462717008,7087.755657870852,302.8787878787879,304.0,295.0,311.0,3.0427019069239316,7090.241158979489,10.63338110409677,,logs/mlir-aie/int8/mlir-aie_int8_M256_N2048_K2048_m64_n128_k64_8col.log
mlir-aie_int8_M512_N256_K256_m64_n128_k64_2col,xdna2,npu2,npu2,2,mlir-aie,success,passed,False,int8,512,256,256,64,128,64,2,20,200,200,185,15,122.0,127.0,5.0,114.5,134.5,131.29,123.0,117.0,319.0,34.13247573792443,511.1498514738365,123.41621621621621,123.0,117.0,132.0,3.0711837240328137,543.7605045550105,3.006075656041503,,logs/mlir-aie/int8/mlir-aie_int8_M512_N256_K256_m64_n128_k64_2col.log
mlir-aie_int8_M512_N256_K512_m64_n128_k64_2col,xdna2,npu2,npu2,2,mlir-aie,success,passed,False,int8,512,256,512,64,128,64,2,20,200,200,198,2,142.75,148.0,5.25,134.875,155.875,145.615,145.0,135.0,158.0,3.949275249966758,921.7300964873124,145.5,145.0,135.0,155.0,3.7975936027591435,922.4586116838487,3.0590927684679627,,logs/mlir-aie/int8/mlir-aie_int8_M512_N256_K512_m64_n128_k64_2col.log
mlir-aie_int8_M512_N256_K1024_m64_n128_k64_2col,xdna2,npu2,npu2,2,mlir-aie,success,passed,False,int8,512,256,1024,64,128,64,2,20,200,200,196,4,174.0,178.0,4.0,168.0,184.0,175.61,176.0,165.0,186.0,3.3834745454931383,1528.5886680712943,175.69897959183675,176.0,168.0,184.0,3.129223509929214,1527.81454180097,3.218763713724911,,logs/mlir-aie/int8/mlir-aie_int8_M512_N256_K1024_m64_n128_k64_2col.log
mlir-aie_int8_M512_N256_K2048_m64_n128_k64_2col,xdna2,npu2,npu2,2,mlir-aie,success,passed,False,int8,512,256,2048,64,128,64,2,20,200,200,161,39,243.0,244.0,1.0,241.5,245.5,246.45,243.0,232.0,420.0,22.280877451303393,2178.41717184013,243.2360248447205,243.0,242.0,245.0,0.8525848745590313,2207.2014716682415,3.3716379860416055,,logs/mlir-aie/int8/mlir-aie_int8_M512_N256_K2048_m64_n128_k64_2col.log
mlir-aie_int8_M512_N512_K256_m64_n128_k64_4col,xdna2,npu2,npu2,2,mlir-aie,success,passed,False,int8,512,512,256,64,128,64,4,20,200,200,184,16,131.0,136.0,5.0,123.5,143.5,137.36,134.0,120.0,322.0,21.505822467415655,977.1238206173558,133.1576086956522,134.0,124.0,143.0,3.7186584097789943,1007.9613873719438,4.131564791314304,,logs/mlir-aie/int8/mlir-aie_int8_M512_N512_K256_m64_n128_k64_4col.log
mlir-aie_int8_M512_N512_K512_m64_n128_k64_4col,xdna2,npu2,npu2,2,mlir-aie,success,passed,False,int8,512,512,512,64,128,64,4,20,200,200,152,48,148.0,150.0,2.0,145.0,153.0,153.215,149.0,141.0,340.0,27.557553864594006,1752.0181183304508,149.31578947368422,149.0,145.0,153.0,1.5703714471405992,1797.7700613323934,4.215655895881355,,logs/mlir-aie/int8/mlir-aie_int8_M512_N512_K512_m64_n128_k64_4col.log
mlir-aie_int8_M512_N512_K1024_m64_n128_k64_4col,xdna2,npu2,npu2,2,mlir-aie,success,passed,False,int8,512,512,1024,64,128,64,4,20,200,200,179,21,182.0,184.0,2.0,179.0,187.0,182.605,183.0,173.0,194.0,2.7384256425910127,2940.06687659155,182.92737430167597,183.0,180.0,187.0,1.2053323469492412,2934.885574395309,4.406496711075306,,logs/mlir-aie/int8/mlir-aie_int8_M512_N512_K1024_m64_n128_k64_4col.log
mlir-aie_int8_M512_N512_K2048_m64_n128_k64_4col,xdna2,npu2,npu2,2,mlir-aie,success,passed,False,int8,512,512,2048,64,128,64,4,20,200,200,180,20,252.0,257.0,5.0,244.5,264.5,256.225,254.0,241.0,445.0,20.353731230415715,4190.620837154844,254.21666666666667,254.0,245.0,263.0,3.5422450508117023,4223.727098931358,4.872129051014781,,logs/mlir-aie/int8/mlir-aie_int8_M512_N512_K2048_m64_n128_k64_4col.log
mlir-aie_int8_M512_N1024_K256_m64_n128_k64_8col,xdna2,npu2,npu2,2,mlir-aie,success,passed,False,int8,512,1024,256,64,128,64,8,20,200,200,196,4,141.0,145.0,4.0,135.0,151.0,144.145,143.0,133.0,331.0,14.1606488198811,1862.259918831732,142.91326530612244,143.0,135.0,151.0,3.038465568546946,1878.3102843882764,8.516844237223268,,logs/mlir-aie/int8/mlir-aie_int8_M512_N1024_K256_m64_n128_k64_8col.log
mlir-aie_int8_M512_N1024_K512_m64_n128_k64_8col,xdna2,npu2,npu2,2,mlir-aie,success,passed,False,int8,512,1024,512,64,128,64,8,20,200,200,169,31,172.0,174.0,2.0,169.0,177.0,173.08,173.0,159.0,215.0,5.62526443822866,3101.8656806101226,173.23076923076923,173.0,169.0,177.0,1.4955555457864294,3099.166010657194,8.73573175445199,,logs/mlir-aie/int8/mlir-aie_int8_M512_N1024_K512_m64_n128_k64_8col.log
mlir-aie_int8_M512_N1024_K1024_m64_n128_k64_8col,xdna2,npu2,npu2,2,mlir-aie,success,passed,False,int8,512,1024,1024,64,128,64,8,20,200,200,170,30,216.0,217.25,1.25,214.125,219.125,218.835,217.0,206.0,400.0,19.05223805750915,4906.627477323097,216.9470588235294,217.0,215.0,219.0,0.8419987753650613,4949.326484639788,9.157951680012047,,logs/mlir-aie/int8/mlir-aie_int8_M512_N1024_K1024_m64_n128_k64_8col.log
mlir-aie_int8_M512_N1024_K2048_m64_n128_k64_8col,xdna2,npu2,npu2,2,mlir-aie,success,passed,False,int8,512,1024,2048,64,128,64,8,20,200,200,197,3,302.0,311.0,9.0,288.5,324.5,307.82,310.0,289.0,342.0,6.538164880147946,6976.426638944838,307.4060913705584,310.0,289.0,320.0,5.621528907751605,6985.82008712165,10.404486590065062,,logs/mlir-aie/int8/mlir-aie_int8_M512_N1024_K2048_m64_n128_k64_8col.log
mlir-aie_int8_M512_N2048_K256_m64_n128_k64_8col,xdna2,npu2,npu2,2,mlir-aie,success,passed,False,int8,512,2048,256,64,128,64,8,20,200,200,159,41,241.0,243.0,2.0,238.0,246.0,254.2,242.0,228.0,422.0,37.16275016733826,2112.002014162077,241.93710691823898,242.0,239.0,245.0,1.0381741022371496,2219.051549547676,6.326955683529377,,logs/mlir-aie/int8/mlir-aie_int8_M512_N2048_K256_m64_n128_k64_8col.log
mlir-aie_int8_M512_N2048_K512_m64_n128_k64_8col,xdna2,npu2,npu2,2,mlir-aie,success,passed,False,int8,512,2048,512,64,128,64,8,20,200,200,169,31,281.0,283.0,2.0,278.0,286.0,282.325,282.0,269.0,306.0,5.087177508206294,3803.211986186133,282.4260355029586,282.0,279.0,286.0,1.3263944181825005,3801.8514195684056,6.985498389229178,,logs/mlir-aie/int8/mlir-aie_int8_M512_N2048_K512_m64_n128_k64_8col.log
mlir-aie_int8_M512_N2048_K1024_m64_n128_k64_8col,xdna2,npu2,npu2,2,mlir-aie,success,passed,False,int8,512,2048,1024,64,128,64,8,20,200,200,161,39,370.0,371.0,1.0,368.5,372.5,374.42,370.0,360.0,547.0,25.636372598322097,5735.493958656055,370.30434782608694,370.0,369.0,372.0,0.8193580145672872,5799.239627098745,8.42215755674988,,logs/mlir-aie/int8/mlir-aie_int8_M512_N2048_K1024_m64_n128_k64_8col.log
mlir-aie_int8_M512_N2048_K2048_m64_n128_k64_8col,xdna2,npu2,npu2,2,mlir-aie,success,passed,False,int8,512,2048,2048,64,128,64,8,20,200,200,181,19,562.0,565.0,3.0,557.5,569.5,563.515,564.0,552.0,575.0,3.3331329106412784,7621.744400770166,563.756906077348,564.0,558.0,569.0,1.7951805760342887,7618.4739374363,6.7716951770707965,,logs/mlir-aie/int8/mlir-aie_int8_M512_N2048_K2048_m64_n128_k64_8col.log
mlir-aie_int8_M1024_N256_K256_m64_n128_k64_2col,xdna2,npu2,npu2,2,mlir-aie,success,passed,False,int8,1024,256,256,64,128,64,2,20,200,200,173,27,212.0,218.0,6.0,203.0,227.0,229.38,216.0,205.0,406.0,44.087930321120766,585.1326532391664,214.50867052023122,215.0,205.0,226.0,3.2517109717876584,625.698381676098,3.014830037020147,,logs/mlir-aie/int8/mlir-aie_int8_M1024_N256_K256_m64_n128_k64_2col.log
mlir-aie_int8_M1024_N256_K512_m64_n128_k64_2col,xdna2,npu2,npu2,2,mlir-aie,success,passed,False,int8,1024,256,512,64,128,64,2,20,200,200,156,44,255.0,259.0,4.0,249.0,265.0,273.695,257.0,247.0,441.0,48.751020245734345,980.7831929702771,255.93589743589743,257.0,249.0,262.0,2.9323122214115567,1048.8386298652506,3.122352491132915,,logs/mlir-aie/int8/mlir-aie_int8_M1024_N256_K512_m64_n128_k64_2col.log
mlir-aie_int8_M1024_N256_K1024_m64_n128_k64_2col,xdna2,npu2,npu2,2,mlir-aie,success,passed,False,int8,1024,256,1024,64,128,64,2,20,200,200,160,40,319.0,322.0,3.0,314.5,326.5,326.945,320.0,310.0,467.0,26.00292243191138,1642.0832617106853,319.9625,320.0,315.0,326.0,2.1962681416439116,1677.9182310427004,3.181327880360186,,logs/mlir-aie/int8/mlir-aie_int8_M1024_N256_K1024_m64_n128_k64_2col.log
mlir-aie_int8_M1024_N256_K2048_m64_n128_k64_2col,xdna2,npu2,npu2,2,mlir-aie,success,passed,False,int8,1024,256,2048,64,128,64,2,20,200,200,192,8,449.0,454.0,5.0,441.5,461.5,453.73,452.0,439.0,636.0,19.389097451918694,2366.477473387257,451.4375,452.0,442.0,459.0,3.6552259962050684,2378.494972172228,3.380489492788911,,logs/mlir-aie/int8/mlir-aie_int8_M1024_N256_K2048_m64_n128_k64_2col.log
mlir-aie_int8_M1024_N512_K256_m64_n128_k64_4col,xdna2,npu2,npu2,2,mlir-aie,success,passed,False,int8,1024,512,256,64,128,64,4,20,200,200,171,29,220.0,224.0,4.0,214.0,230.0,234.98,223.0,214.0,408.0,38.365474061974005,1142.3757596391183,221.82456140350877,223.0,214.0,228.0,2.791734712032997,1210.1250389117367,4.082200492732227,,logs/mlir-aie/int8/mlir-aie_int8_M1024_N512_K256_m64_n128_k64_4col.log
mlir-aie_int8_M1024_N512_K512_m64_n128_k64_4col,xdna2,npu2,npu2,2,mlir-aie,success,passed,False,int8,1024,512,512,64,128,64,4,20,200,200,163,37,255.0,257.0,2.0,252.0,260.0,264.325,256.0,245.0,442.0,35.615998862870605,2031.1015303130616,255.70552147239263,256.0,252.0,260.0,1.4981891537240823,2099.5671462571977,4.194510177709162,,logs/mlir-aie/int8/mlir-aie_int8_M1024_N512_K512_m64_n128_k64_4col.log
mlir-aie_int8_M1024_N512_K1024_m64_n128_k64_4col,xdna2,npu2,npu2,2,mlir-aie,success,passed,False,int8,1024,512,1024,64,128,64,4,20,200,200,178,22,326.0,328.0,2.0,323.0,331.0,329.04,327.0,319.0,515.0,17.966591218147087,3263.2562120106977,326.85955056179773,327.0,323.0,331.0,1.705063121249036,3285.0250884653065,4.46829535998404,,logs/mlir-aie/int8/mlir-aie_int8_M1024_N512_K1024_m64_n128_k64_4col.log
mlir-aie_int8_M1024_N512_K2048_m64_n128_k64_4col,xdna2,npu2,npu2,2,mlir-aie,success,passed,False,int8,1024,512,2048,64,128,64,4,20,200,200,174,26,457.0,460.0,3.0,452.5,464.5,458.885,458.5,446.0,638.0,13.858635394583407,4679.786107630452,458.41954022988506,459.0,453.0,464.0,2.026226835995983,4684.537764081991,5.067077801562846,,logs/mlir-aie/int8/mlir-aie_int8_M1024_N512_K2048_m64_n128_k64_4col.log
mlir-aie_int8_M1024_N1024_K256_m64_n128_k64_8col,xdna2,npu2,npu2,2,mlir-aie,success,passed,False,int8,1024,1024,256,64,128,64,8,20,200,200,154,46,233.0,235.0,2.0,230.0,238.0,247.89,234.0,226.0,417.0,43.49698725199252,2165.7626850619226,234.11688311688312,234.0,230.0,238.0,1.173008408579443,2293.174694846619,7.79241085331887,,logs/mlir-aie/int8/mlir-aie_int8_M1024_N1024_K256_m64_n128_k64_8col.log
mlir-aie_int8_M1024_N1024_K512_m64_n128_k64_8col,xdna2,npu2,npu2,2,mlir-aie,success,passed,False,int8,1024,1024,512,64,128,64,8,20,200,200,161,39,280.0,283.0,3.0,275.5,287.5,290.22,282.0,269.0,390.0,24.60998984152574,3699.7513059058647,281.37888198757764,282.0,276.0,286.0,1.9653650092574257,3816.00003673127,8.062199391424656,,logs/mlir-aie/int8/mlir-aie_int8_M1024_N1024_K512_m64_n128_k64_8col.log
mlir-aie_int8_M1024_N1024_K1024_m64_n128_k64_8col,xdna2,npu2,npu2,2,mlir-aie,success,passed,False,int8,1024,1024,1024,64,128,64,8,20,200,200,198,2,378.0,386.0,8.0,366.0,398.0,381.535,382.0,360.0,411.0,6.353642655988767,5628.536433092639,381.4949494949495,382.0,366.0,397.0,5.835062492414159,5629.127334039398,8.698683246970177,,logs/mlir-aie/int8/mlir-aie_int8_M1024_N1024_K1024_m64_n128_k64_8col.log
mlir-aie_int8_M1024_N1024_K2048_m64_n128_k64_8col,xdna2,npu2,npu2,2,mlir-aie,success,passed,False,int8,1024,1024,2048,64,128,64,8,20,200,200,179,21,555.0,557.0,2.0,552.0,560.0,555.925,556.0,548.0,579.0,3.3270670266767994,7725.803473490129,556.1340782122905,556.0,552.0,560.0,1.6422870735263262,7722.898963153453,8.721022197045386,,logs/mlir-aie/int8/mlir-aie_int8_M1024_N1024_K2048_m64_n128_k64_8col.log
mlir-aie_int8_M1024_N2048_K256_m64_n128_k64_8col,xdna2,npu2,npu2,2,mlir-aie,success,passed,False,int8,1024,2048,256,64,128,64,8,20,200,200,180,20,421.0,480.0,59.0,332.5,568.5,456.725,424.0,414.0,601.0,52.44615691354325,2350.959163610488,441.9277777777778,423.0,414.0,510.0,29.388401067154888,2429.677150866783,8.17015680205077,,logs/mlir-aie/int8/mlir-aie_int8_M1024_N2048_K256_m64_n128_k64_8col.log
mlir-aie_int8_M1024_N2048_K512_m64_n128_k64_8col,xdna2,npu2,npu2,2,mlir-aie,success,passed,False,int8,1024,2048,512,64,128,64,8,20,200,200,194,6,486.0,492.0,6.0,477.0,501.0,491.585,487.0,478.0,681.0,24.229171983375743,4368.488965285759,487.80927835051546,487.0,478.0,498.0,4.263210698359098,4402.3017669149895,9.01787300221622,,logs/mlir-aie/int8/mlir-aie_int8_M1024_N2048_K512_m64_n128_k64_8col.log
mlir-aie_int8_M1024_N2048_K1024_m64_n128_k64_8col,xdna2,npu2,npu2,2,mlir-aie,success,passed,False,int8,1024,2048,1024,64,128,64,8,20,200,200,158,42,676.0,678.0,2.0,673.0,681.0,676.83,676.0,663.0,707.0,5.502826546421393,6345.710586114682,676.6075949367089,676.0,673.0,680.0,1.2869129141406415,6347.79646007633,7.867190751247108,,logs/mlir-aie/int8/mlir-aie_int8_M1024_N2048_K1024_m64_n128_k64_8col.log
mlir-aie_int8_M1024_N2048_K2048_m64_n128_k64_8col,xdna2,npu2,npu2,2,mlir-aie,success,passed,False,int8,1024,2048,2048,64,128,64,8,20,200,200,162,38,1055.0,1058.0,3.0,1050.5,1062.5,1057.48,1056.0,1044.0,1091.0,6.6805389004181395,8123.023217460377,1056.2222222222222,1056.0,1051.0,1062.0,1.9594657876164887,8132.696331580055,8.196911976672709,,logs/mlir-aie/int8/mlir-aie_int8_M1024_N2048_K2048_m64_n128_k64_8col.log
mlir-aie_int8_M2048_N256_K256_m64_n128_k64_2col,xdna2,npu2,npu2,2,mlir-aie,success,passed,False,int8,2048,256,256,64,128,64,2,20,200,200,200,0,452.0,529.0,77.0,336.5,644.5,477.9,454.0,392.0,544.0,48.81721008005271,561.697961916719,477.9,454.0,392.0,544.0,48.81721008005271,561.697961916719,3.3810213981196284,,logs/mlir-aie/int8/mlir-aie_int8_M2048_N256_K256_m64_n128_k64_2col.log
mlir-aie_int8_M2048_N256_K512_m64_n128_k64_2col,xdna2,npu2,npu2,2,mlir-aie,success,passed,False,int8,2048,256,512,64,128,64,2,20,200,200,161,39,459.0,477.0,18.0,432.0,504.0,474.945,461.0,450.0,645.0,30.33334757325673,1130.38543831391,462.0,460.0,450.0,495.0,7.9015683638563585,1162.058251082251,3.397239594720304,,logs/mlir-aie/int8/mlir-aie_int8_M2048_N256_K512_m64_n128_k64_2col.log
mlir-aie_int8_M2048_N256_K1024_m64_n128_k64_2col,xdna2,npu2,npu2,2,mlir-aie,success,passed,False,int8,2048,256,1024,64,128,64,2,20,200,200,186,14,594.0,598.0,4.0,588.0,604.0,596.455,596.0,582.0,787.0,14.591709118537143,1800.2059233303435,595.994623655914,597.0,588.0,602.0,2.6058191947196625,1801.5964932930406,3.51241385191679,,logs/mlir-aie/int8/mlir-aie_int8_M2048_N256_K1024_m64_n128_k64_2col.log
mlir-aie_int8_M2048_N256_K2048_m64_n128_k64_2col,xdna2,npu2,npu2,2,mlir-aie,success,passed,False,int8,2048,256,2048,64,128,64,2,20,200,200,178,22,865.75,869.0,3.25,860.875,873.875,868.815,868.0,853.0,1053.0,16.143133989408625,2471.738687752859,867.6123595505618,868.0,861.0,873.0,2.5706345224966314,2475.1648871305083,3.955992911942303,,logs/mlir-aie/int8/mlir-aie_int8_M2048_N256_K2048_m64_n128_k64_2col.log
mlir-aie_int8_M2048_N512_K256_m64_n128_k64_4col,xdna2,npu2,npu2,2,mlir-aie,success,passed,False,int8,2048,512,256,64,128,64,4,20,200,200,194,6,400.0,455.0,55.0,317.5,537.5,431.4,401.0,391.0,582.0,47.697589037602306,1244.4851923968474,427.30927835051546,401.0,391.0,537.0,42.159579221071205,1256.3989110473112,5.099517156369984,,logs/mlir-aie/int8/mlir-aie_int8_M2048_N512_K256_m64_n128_k64_4col.log
mlir-aie_int8_M2048_N512_K512_m64_n128_k64_4col,xdna2,npu2,npu2,2,mlir-aie,success,passed,False,int8,2048,512,512,64,128,64,4,20,200,200,170,30,462.0,467.0,5.0,454.5,474.5,473.35,466.0,457.0,653.0,24.46850015836688,2268.388769409528,464.25882352941176,465.0,457.0,473.0,2.7595947749260774,2312.8086523744364,5.225360353477299,,logs/mlir-aie/int8/mlir-aie_int8_M2048_N512_K512_m64_n128_k64_4col.log
mlir-aie_int8_M2048_N512_K1024_m64_n128_k64_4col,xdna2,npu2,npu2,2,mlir-aie,success,passed,False,int8,2048,512,1024,64,128,64,4,20,200,200,164,36,603.0,610.25,7.25,592.125,621.125,610.255,606.0,589.0,790.0,18.57632835088786,3518.9939418767563,604.7865853658536,606.0,593.0,616.0,4.805694340714067,3550.8123029893636,5.635143747553229,,logs/mlir-aie/int8/mlir-aie_int8_M2048_N512_K1024_m64_n128_k64_4col.log
mlir-aie_int8_M2048_N512_K2048_m64_n128_k64_4col,xdna2,npu2,npu2,2,mlir-aie,success,passed,False,int8,2048,512,2048,64,128,64,4,20,200,200,200,0,882.75,917.0,34.25,831.375,968.375,903.365,910.0,866.0,927.0,17.39430294665469,4754.409674937594,903.365,910.0,866.0,927.0,17.39430294665469,4754.409674937594,5.276594794355333,,logs/mlir-aie/int8/mlir-aie_int8_M2048_N512_K2048_m64_n128_k64_4col.log
mlir-aie_int8_M2048_N1024_K256_m64_n128_k64_8col,xdna2,npu2,npu2,2,mlir-aie,success,passed,False,int8,2048,1024,256,64,128,64,8,20,200,200,171,29,412.0,414.0,2.0,409.0,417.0,412.46,413.0,401.0,422.0,2.8945465966192354,2603.2629200407314,412.82456140350877,413.0,409.0,416.0,1.5154889240697693,2600.964003569759,11.328581421636045,,logs/mlir-aie/int8/mlir-aie_int8_M2048_N1024_K256_m64_n128_k64_8col.log
mlir-aie_int8_M2048_N1024_K512_m64_n128_k64_8col,xdna2,npu2,npu2,2,mlir-aie,success,passed,False,int8,2048,1024,512,64,128,64,8,20,200,200,166,34,496.0,501.0,5.0,488.5,508.5,501.15,497.0,486.0,580.0,12.622895864261892,4285.111539459243,497.9578313253012,497.0,489.0,508.0,3.5994517816155494,4312.58133301073,11.508539003320038,,logs/mlir-aie/int8/mlir-aie_int8_M2048_N1024_K512_m64_n128_k64_8col.log
mlir-aie_int8_M2048_N1024_K1024_m64_n128_k64_8col,xdna2,npu2,npu2,2,mlir-aie,success,passed,False,int8,2048,1024,1024,64,128,64,8,20,200,200,198,2,669.0,679.0,10.0,654.0,694.0,674.25,671.0,661.0,853.0,14.470919113864191,6369.992281794586,673.0353535353536,671.0,661.0,690.0,5.423830938251111,6381.488392012667,11.066115527413785,,logs/mlir-aie/int8/mlir-aie_int8_M2048_N1024_K1024_m64_n128_k64_8col.log
mlir-aie_int8_M2048_N1024_K2048_m64_n128_k64_8col,xdna2,npu2,npu2,2,mlir-aie,success,passed,False,int8,2048,1024,2048,64,128,64,8,20,200,200,173,27,1038.0,1041.0,3.0,1033.5,1045.5,1039.185,1039.0,1028.0,1059.0,4.101313813889398,8266.0301986653,1039.2947976878613,1039.0,1034.0,1045.0,2.002838041176921,8265.156922857874,11.361842828802764,,logs/mlir-aie/int8/mlir-aie_int8_M2048_N1024_K2048_m64_n128_k64_8col.log
mlir-aie_int8_M2048_N2048_K256_m64_n128_k64_8col,xdna2,npu2,npu2,2,mlir-aie,success,passed,False,int8,2048,2048,256,64,128,64,8,20,200,200,145,55,774.0,775.25,1.25,772.125,777.125,776.59,775.0,764.0,884.0,12.37666756441329,2765.2733720496017,774.7241379310345,775.0,773.0,777.0,0.9576030321495052,2771.933315173365,11.787162804976106,,logs/mlir-aie/int8/mlir-aie_int8_M2048_N2048_K256_m64_n128_k64_8col.log
mlir-aie_int8_M2048_N2048_K512_m64_n128_k64_8col,xdna2,npu2,npu2,2,mlir-aie,success,passed,False,int8,2048,2048,512,64,128,64,8,20,200,200,169,31,921.0,923.0,2.0,918.0,926.0,925.865,922.0,913.0,1101.0,23.59463445362102,4638.86991732056,921.5917159763313,922.0,918.0,926.0,1.4325638091406434,4660.379668723394,11.308438041247427,,logs/mlir-aie/int8/mlir-aie_int8_M2048_N2048_K512_m64_n128_k64_8col.log
mlir-aie_int8_M2048_N2048_K1024_m64_n128_k64_8col,xdna2,npu2,npu2,2,mlir-aie,success,passed,False,int8,2048,2048,1024,64,128,64,8,20,200,200,178,22,1283.0,1289.0,6.0,1274.0,1298.0,1289.155,1284.0,1274.0,1464.0,20.35585849331833,6663.228697867983,1284.8033707865168,1284.0,1274.0,1298.0,4.690486413486519,6685.797054487419,11.851212953217328,,logs/mlir-aie/int8/mlir-aie_int8_M2048_N2048_K1024_m64_n128_k64_8col.log
mlir-aie_int8_M2048_N2048_K2048_m64_n128_k64_8col,xdna2,npu2,npu2,2,mlir-aie,success,passed,False,int8,2048,2048,2048,64,128,64,8,20,200,200,198,2,2018.0,2041.0,23.0,1983.5,2075.5,2031.33,2030.5,2006.0,2101.0,15.861938721354335,8457.448658760517,2030.6818181818182,2029.5,2006.0,2065.0,14.55414039903494,8460.14822715165,12.464947290718555,,logs/mlir-aie/int8/mlir-aie_int8_M2048_N2048_K2048_m64_n128_k64_8col.log
mlir-aie_bf16_M256_N256_K256_m64_n64_k64_4col,xdna2,npu2,npu2,2,mlir-aie,success,passed,False,bf16,256,256,256,64,64,64,4,20,200,200,175,25,83.75,88.0,4.25,77.375,94.375,87.54,86.0,76.0,135.0,7.835074983687138,383.30399817226413,85.49142857142857,86.0,78.0,94.0,3.556673520385621,392.4888443285877,10.240420553833246,,logs/mlir-aie/bf16/mlir-aie_bf16_M256_N256_K256_m64_n64_k64_4col.log
mlir-aie_bf16_M256_N256_K512_m64_n64_k64_4col,xdna2,npu2,npu2,2,mlir-aie,success,passed,False,bf16,256,256,512,64,64,64,4,20,200,200,165,35,103.0,106.25,3.25,98.125,111.125,106.095,105.0,94.0,298.0,15.109797318296497,632.5355954569019,104.93939393939394,105.0,99.0,110.0,2.167800084982035,639.5011585330639,3.7493113493546844,,logs/mlir-aie/bf16/mlir-aie_bf16_M256_N256_K512_m64_n64_k64_4col.log
mlir-aie_bf16_M256_N256_K1024_m64_n64_k64_4col,xdna2,npu2,npu2,2,mlir-aie,success,passed,False,bf16,256,256,1024,64,64,64,4,20,200,200,171,29,116.0,119.0,3.0,111.5,123.5,117.905,118.0,109.0,142.0,4.503995448487931,1138.3548450023325,117.70760233918129,118.0,112.0,123.0,2.2547936161038327,1140.2638855325913,4.074289482086897,,logs/mlir-aie/bf16/mlir-aie_bf16_M256_N256_K1024_m64_n64_k64_4col.log
mlir-aie_bf16_M256_N256_K2048_m64_n64_k64_4col,xdna2,npu2,npu2,2,mlir-aie,success,passed,False,bf16,256,256,2048,64,64,64,4,20,200,200,169,31,156.0,158.0,2.0,153.0,161.0,157.55,157.0,149.0,208.0,4.690149251356507,1703.8112091399555,157.49112426035504,157.0,153.0,161.0,1.3548874631547088,1704.4481538923953,4.677700944244862,,logs/mlir-aie/bf16/mlir-aie_bf16_M256_N256_K2048_m64_n64_k64_4col.log
mlir-aie_bf16_M256_N512_K256_m64_n64_k64_8col,xdna2,npu2,npu2,2,mlir-aie,success,passed,False,bf16,256,512,256,64,64,64,8,20,200,200,200,0,94.0,99.0,5.0,86.5,106.5,96.14,95.0,87.0,106.0,3.819738210924932,698.0327023091326,96.14,95.0,87.0,106.0,3.819738210924932,698.0327023091326,6.118729308247566,,logs/mlir-aie/bf16/mlir-aie_bf16_M256_N512_K256_m64_n64_k64_8col.log
mlir-aie_bf16_M256_N512_K512_m64_n64_k64_8col,xdna2,npu2,npu2,2,mlir-aie,success,passed,False,bf16,256,512,512,64,64,64,8,20,200,200,177,23,111.0,114.0,3.0,106.5,118.5,113.715,112.5,104.0,299.0,13.967597323806267,1180.2992393263862,112.5819209039548,113.0,107.0,118.0,1.9558143749983101,1192.1783437547047,6.336636554449797,,logs/mlir-aie/bf16/mlir-aie_bf16_M256_N512_K512_m64_n64_k64_8col.log
mlir-aie_bf16_M256_N512_K1024_m64_n64_k64_8col,xdna2,npu2,npu2,2,mlir-aie,success,passed,False,bf16,256,512,1024,64,64,64,8,20,200,200,183,17,138.0,141.0,3.0,133.5,145.5,139.18,140.0,129.0,148.0,2.8438706018382764,1928.6927432102314,139.5846994535519,140.0,134.0,145.0,2.0005971218858787,1923.1008631381148,7.13920465297997,,logs/mlir-aie/bf16/mlir-aie_bf16_M256_N512_K1024_m64_n64_k64_8col.log
mlir-aie_bf16_M256_N512_K2048_m64_n64_k64_8col,xdna2,npu2,npu2,2,mlir-aie,success,passed,False,bf16,256,512,2048,64,64,64,8,20,200,200,171,29,205.0,207.0,2.0,202.0,210.0,205.14,206.0,190.0,219.0,3.8497272630668267,2617.0952130252513,206.21052631578948,206.0,202.0,210.0,1.2851401103026272,2603.508761613068,8.452622277662158,,logs/mlir-aie/bf16/mlir-aie_bf16_M256_N512_K2048_m64_n64_k64_8col.log
mlir-aie_bf16_M256_N1024_K256_m64_n64_k64_8col,xdna2,npu2,npu2,2,mlir-aie,success,passed,False,bf16,256,1024,256,64,64,64,8,20,200,200,172,28,156.0,159.0,3.0,151.5,163.5,162.73,158.0,144.0,338.0,29.302339497043576,824.787857186751,157.47093023255815,158.0,152.0,162.0,1.5716504640596827,852.3333659220971,8.111359680071473,,logs/mlir-aie/bf16/mlir-aie_bf16_M256_N1024_K256_m64_n64_k64_8col.log
mlir-aie_bf16_M256_N1024_K512_m64_n64_k64_8col,xdna2,npu2,npu2,2,mlir-aie,success,passed,False,bf16,256,1024,512,64,64,64,8,20,200,200,165,35,180.0,182.0,2.0,177.0,185.0,183.28,181.0,170.0,363.0,19.28812069642867,1464.6194674814492,181.3272727272727,181.0,178.0,185.0,1.4063218148176313,1480.3920665797655,8.822775202803314,,logs/mlir-aie/bf16/mlir-aie_bf16_M256_N1024_K512_m64_n64_k64_8col.log
mlir-aie_bf16_M256_N1024_K1024_m64_n64_k64_8col,xdna2,npu2,npu2,2,mlir-aie,success,passed,False,bf16,256,1024,1024,64,64,64,8,20,200,200,175,25,232.0,234.0,2.0,229.0,237.0,235.83,233.0,220.0,412.0,22.76095560384054,2276.5166094220413,233.17714285714285,233.0,230.0,237.0,1.376348318514449,2302.4165465862866,10.166975504718721,,logs/mlir-aie/bf16/mlir-aie_bf16_M256_N1024_K1024_m64_n64_k64_8col.log
mlir-aie_bf16_M256_N1024_K2048_m64_n64_k64_8col,xdna2,npu2,npu2,2,mlir-aie,failed,failed,False,bf16,256,1024,2048,64,64,64,8,20,200,0,0,,,,,,,,,,,,,,,,,,,14.845601161941886,mlir-aie xclbin build failed; see the case log,logs/mlir-aie/bf16/mlir-aie_bf16_M256_N1024_K2048_m64_n64_k64_8col.log
mlir-aie_bf16_M256_N2048_K256_m64_n64_k64_8col,xdna2,npu2,npu2,2,mlir-aie,success,passed,False,bf16,256,2048,256,64,64,64,8,20,200,200,157,43,249.0,252.0,3.0,244.5,256.5,264.665,250.0,238.0,438.0,44.86048121676806,1014.2461451268584,250.22292993630575,250.0,245.0,256.0,1.5704221758424397,1072.78520025455,6.585227839648724,,logs/mlir-aie/bf16/mlir-aie_bf16_M256_N2048_K256_m64_n64_k64_8col.log
mlir-aie_bf16_M256_N2048_K512_m64_n64_k64_8col,xdna2,npu2,npu2,2,mlir-aie,success,passed,False,bf16,256,2048,512,64,64,64,8,20,200,200,170,30,285.0,288.0,3.0,280.5,292.5,287.165,287.0,278.0,347.0,6.264006305871666,1869.5555238277645,287.00588235294117,287.0,281.0,292.0,2.0933987530091693,1870.592015740608,7.745538868010044,,logs/mlir-aie/bf16/mlir-aie_bf16_M256_N2048_K512_m64_n64_k64_8col.log
mlir-aie_bf16_M256_N2048_K1024_m64_n64_k64_8col,xdna2,npu2,npu2,2,mlir-aie,success,passed,False,bf16,256,2048,1024,64,64,64,8,20,200,200,187,13,406.0,409.0,3.0,401.5,413.5,407.8,408.0,399.0,417.0,2.7892651361962706,2633.010848455125,408.0748663101604,408.0,402.0,413.0,2.123149551859261,2631.2373357096053,9.776500126346946,,logs/mlir-aie/bf16/mlir-aie_bf16_M256_N2048_K1024_m64_n64_k64_8col.log
mlir-aie_bf16_M256_N2048_K2048_m64_n64_k64_8col,xdna2,npu2,npu2,2,mlir-aie,success,passed,False,bf16,256,2048,2048,64,64,64,8,20,200,200,181,19,658.0,661.0,3.0,653.5,665.5,659.09,659.0,650.0,677.0,3.2560558963261057,3258.255546283512,659.3756906077348,659.0,654.0,665.0,2.1264618483937623,3256.8438275616477,14.298093601129949,,logs/mlir-aie/bf16/mlir-aie_bf16_M256_N2048_K2048_m64_n64_k64_8col.log
mlir-aie_bf16_M512_N256_K256_m64_n64_k64_4col,xdna2,npu2,npu2,2,mlir-aie,success,passed,False,bf16,512,256,256,64,64,64,4,20,200,200,196,4,134.0,138.0,4.0,128.0,144.0,135.665,136.0,127.0,163.0,3.6280538860386295,494.6660081819187,135.65816326530611,136.0,128.0,144.0,2.910306227992405,494.69093775621496,4.273625613190234,,logs/mlir-aie/bf16/mlir-aie_bf16_M512_N256_K256_m64_n64_k64_4col.log
mlir-aie_bf16_M512_N256_K512_m64_n64_k64_4col,xdna2,npu2,npu2,2,mlir-aie,success,passed,False,bf16,512,256,512,64,64,64,4,20,200,200,180,20,152.75,157.0,4.25,146.375,163.375,163.655,156.0,144.0,346.0,35.8508852749831,820.1260456448016,154.69444444444446,156.0,147.0,163.0,3.3334953664321616,867.6312099120128,4.631030927412212,,logs/mlir-aie/bf16/mlir-aie_bf16_M512_N256_K512_m64_n64_k64_4col.log
mlir-aie_bf16_M512_N256_K1024_m64_n64_k64_4col,xdna2,npu2,npu2,2,mlir-aie,success,passed,False,bf16,512,256,1024,64,64,64,4,20,200,200,179,21,201.0,205.0,4.0,195.0,211.0,205.185,203.0,189.0,409.0,16.840450558105623,1308.2606233399129,203.04469273743015,203.0,195.0,211.0,2.7722109222080893,1322.051083340212,5.310914497822523,,logs/mlir-aie/bf16/mlir-aie_bf16_M512_N256_K1024_m64_n64_k64_4col.log
mlir-aie_bf16_M512_N256_K2048_m64_n64_k64_4col,xdna2,npu2,npu2,2,mlir-aie,failed,failed,False,bf16,512,256,2048,64,64,64,4,20,200,0,0,,,,,,,,,,,,,,,,,,,4.454870034009218,mlir-aie xclbin build failed; see the case log,logs/mlir-aie/bf16/mlir-aie_bf16_M512_N256_K2048_m64_n64_k64_4col.log
mlir-aie_bf16_M512_N512_K256_m64_n64_k64_8col,xdna2,npu2,npu2,2,mlir-aie,success,passed,False,bf16,512,512,256,64,64,64,8,20,200,200,180,20,150.0,153.0,3.0,145.5,157.5,153.185,152.0,145.0,332.0,14.00395569116098,876.1806182067435,151.2722222222222,151.0,146.0,157.0,2.3185976498151626,887.2595776561755,8.971271255984902,,logs/mlir-aie/bf16/mlir-aie_bf16_M512_N512_K256_m64_n64_k64_8col.log
mlir-aie_bf16_M512_N512_K512_m64_n64_k64_8col,xdna2,npu2,npu2,2,mlir-aie,success,passed,False,bf16,512,512,512,64,64,64,8,20,200,200,197,3,170.0,174.0,4.0,164.0,180.0,172.62,171.0,163.0,359.0,14.103744183726533,1555.0657861198008,171.4517766497462,171.0,164.0,180.0,3.051829673524726,1565.6615594504974,9.504273634403944,,logs/mlir-aie/bf16/mlir-aie_bf16_M512_N512_K512_m64_n64_k64_8col.log
mlir-aie_bf16_M512_N512_K1024_m64_n64_k64_8col,xdna2,npu2,npu2,2,mlir-aie,success,passed,False,bf16,512,512,1024,64,64,64,8,20,200,200,198,2,232.0,240.0,8.0,220.0,252.0,235.655,235.0,219.0,270.0,6.037878352534109,2278.2071757442022,235.56565656565655,235.0,220.0,252.0,5.427504991016351,2279.071235710304,10.783380480483174,,logs/mlir-aie/bf16/mlir-aie_bf16_M512_N512_K1024_m64_n64_k64_8col.log
mlir-aie_bf16_M512_N512_K2048_m64_n64_k64_8col,xdna2,npu2,npu2,2,mlir-aie,failed,failed,False,bf16,512,512,2048,64,64,64,8,20,200,0,0,,,,,,,,,,,,,,,,,,,9.117817934602499,mlir-aie xclbin build failed; see the case log,logs/mlir-aie/bf16/mlir-aie_bf16_M512_N512_K2048_m64_n64_k64_8col.log
mlir-aie_bf16_M512_N1024_K256_m64_n64_k64_8col,xdna2,npu2,npu2,2,mlir-aie,success,passed,False,bf16,512,1024,256,64,64,64,8,20,200,200,176,24,238.0,243.0,5.0,230.5,250.5,252.87,240.0,232.0,425.0,41.5059405386747,1061.5551706410408,239.7556818181818,239.0,232.0,249.0,3.117485800599924,1119.620832191862,7.038588152267039,,logs/mlir-aie/bf16/mlir-aie_bf16_M512_N1024_K256_m64_n64_k64_8col.log
mlir-aie_bf16_M512_N1024_K512_m64_n64_k64_8col,xdna2,npu2,npu2,2,mlir-aie,success,passed,False,bf16,512,1024,512,64,64,64,8,20,200,200,184,16,284.75,288.0,3.25,279.875,292.875,287.26,287.0,275.0,472.0,14.023637188689673,1868.9372415233586,286.1195652173913,287.0,280.0,292.0,2.4197663887618313,1876.3865784295103,8.224052186124027,,logs/mlir-aie/bf16/mlir-aie_bf16_M512_N1024_K512_m64_n64_k64_8col.log
mlir-aie_bf16_M512_N1024_K1024_m64_n64_k64_8col,xdna2,npu2,npu2,2,mlir-aie,success,passed,False,bf16,512,1024,1024,64,64,64,8,20,200,200,177,23,394.0,396.0,2.0,391.0,399.0,395.13,395.0,387.0,409.0,2.733697130261507,2717.439384506365,395.3898305084746,396.0,391.0,398.0,1.353175163133022,2715.6536186556928,10.514017157256603,,logs/mlir-aie/bf16/mlir-aie_bf16_M512_N1024_K1024_m64_n64_k64_8col.log
mlir-aie_bf16_M512_N1024_K2048_m64_n64_k64_8col,xdna2,npu2,npu2,2,mlir-aie,success,passed,False,bf16,512,1024,2048,64,64,64,8,20,200,200,185,15,623.0,625.0,2.0,620.0,628.0,623.845,624.0,614.0,636.0,2.8055257974219376,3442.3352723833646,623.8918918918919,624.0,620.0,628.0,1.6987083134719105,3442.076545486051,14.789174751378596,,logs/mlir-aie/bf16/mlir-aie_bf16_M512_N1024_K2048_m64_n64_k64_8col.log
mlir-aie_bf16_M512_N2048_K256_m64_n64_k64_8col,xdna2,npu2,npu2,2,mlir-aie,success,passed,False,bf16,512,2048,256,64,64,64,8,20,200,200,153,47,427.0,432.0,5.0,419.5,439.5,446.185,428.0,419.0,616.0,43.03220625299149,1203.2473346257718,427.19607843137254,428.0,420.0,437.0,2.7512536026337853,1256.73183604902,8.100297212600708,,logs/mlir-aie/bf16/mlir-aie_bf16_M512_N2048_K256_m64_n64_k64_8col.log
mlir-aie_bf16_M512_N2048_K512_m64_n64_k64_8col,xdna2,npu2,npu2,2,mlir-aie,success,passed,False,bf16,512,2048,512,64,64,64,8,20,200,200,180,20,513.0,515.0,2.0,510.0,518.0,514.02,514.0,505.0,526.0,2.782013659204426,2088.9105949184855,514.2111111111111,514.0,510.0,518.0,1.4719182076041262,2088.134232805376,10.020400096662343,,logs/mlir-aie/bf16/mlir-aie_bf16_M512_N2048_K512_m64_n64_k64_8col.log
mlir-aie_bf16_M512_N2048_K1024_m64_n64_k64_8col,xdna2,npu2,npu2,2,mlir-aie,success,passed,False,bf16,512,2048,1024,64,64,64,8,20,200,200,193,7,733.0,737.0,4.0,727.0,743.0,735.185,735.0,723.0,776.0,5.8958269140129955,2921.0112393479194,734.5233160621761,735.0,727.0,742.0,2.9504940112576734,2923.6425870220014,14.218838650733232,,logs/mlir-aie/bf16/mlir-aie_bf16_M512_N2048_K1024_m64_n64_k64_8col.log
mlir-aie_bf16_M512_N2048_K2048_m64_n64_k64_8col,xdna2,npu2,npu2,2,mlir-aie,success,passed,False,bf16,512,2048,2048,64,64,64,8,20,200,200,179,21,1263.0,1270.25,7.25,1252.125,1281.125,1268.2,1267.0,1249.0,1321.0,11.01135777277262,3386.664008831415,1265.9441340782123,1266.0,1253.0,1281.0,6.257706462592119,3392.6989196307213,6.987014132551849,,logs/mlir-aie/bf16/mlir-aie_bf16_M512_N2048_K2048_m64_n64_k64_8col.log
mlir-aie_bf16_M1024_N256_K256_m64_n64_k64_4col,xdna2,npu2,npu2,2,mlir-aie,success,passed,False,bf16,1024,256,256,64,64,64,4,20,200,200,175,25,230.0,235.0,5.0,222.5,242.5,238.745,232.0,224.0,425.0,26.562378940900604,562.1802676495843,231.7942857142857,232.0,224.0,241.0,3.3658743595211087,579.0381224731289,4.491863338276744,,logs/mlir-aie/bf16/mlir-aie_bf16_M1024_N256_K256_m64_n64_k64_4col.log
mlir-aie_bf16_M1024_N256_K512_m64_n64_k64_4col,xdna2,npu2,npu2,2,mlir-aie,success,passed,False,bf16,1024,256,512,64,64,64,4,20,200,200,174,26,265.0,270.0,5.0,257.5,277.5,279.945,268.0,259.0,491.0,42.06984638669364,958.8864098305024,267.04597701149424,267.0,259.0,277.0,3.7012208174737986,1005.2031451814231,4.982871172018349,,logs/mlir-aie/bf16/mlir-aie_bf16_M1024_N256_K512_m64_n64_k64_4col.log
mlir-aie_bf16_M1024_N256_K1024_m64_n64_k64_4col,xdna2,npu2,npu2,2,mlir-aie,success,passed,False,bf16,1024,256,1024,64,64,64,4,20,200,200,163,37,351.0,353.0,2.0,348.0,356.0,352.725,352.0,338.0,540.0,14.829678856940902,1522.0665164079664,352.0490797546012,352.0,348.0,356.0,1.3692668809203032,1524.9888236442214,6.195404289290309,,logs/mlir-aie/bf16/mlir-aie_bf16_M1024_N256_K1024_m64_n64_k64_4col.log
mlir-aie_bf16_M1024_N256_K2048_m64_n64_k64_4col,xdna2,npu2,npu2,2,mlir-aie,success,passed,False,bf16,1024,256,2048,64,64,64,4,20,200,200,169,31,506.0,508.0,2.0,503.0,511.0,507.11,507.0,498.0,536.0,4.198559276704332,2117.374581451756,507.05325443786984,507.0,503.0,511.0,1.665026094042148,2117.611541987583,8.267542304471135,,logs/mlir-aie/bf16/mlir-aie_bf16_M1024_N256_K2048_m64_n64_k64_4col.log
mlir-aie_bf16_M1024_N512_K256_m64_n64_k64_8col,xdna2,npu2,npu2,2,mlir-aie,success,passed,False,bf16,1024,512,256,64,64,64,8,20,200,200,160,40,248.0,250.0,2.0,245.0,253.0,249.115,249.0,237.0,281.0,4.956992535802328,1077.556373562411,249.34375,249.0,245.0,253.0,1.3649490604048196,1076.567814513097,8.545205656439066,,logs/mlir-aie/bf16/mlir-aie_bf16_M1024_N512_K256_m64_n64_k64_8col.log
mlir-aie_bf16_M1024_N512_K512_m64_n64_k64_8col,xdna2,npu2,npu2,2,mlir-aie,success,passed,False,bf16,1024,512,512,64,64,64,8,20,200,200,177,23,293.0,296.0,3.0,288.5,300.5,295.0,295.0,285.0,353.0,5.474486277268397,1819.9013966101695,295.2146892655367,295.0,289.0,300.0,1.7974272384314733,1818.577907947869,9.681820650584996,,logs/mlir-aie/bf16/mlir-aie_bf16_M1024_N512_K512_m64_n64_k64_8col.log
mlir-aie_bf16_M1024_N512_K1024_m64_n64_k64_8col,xdna2,npu2,npu2,2,mlir-aie,success,passed,False,bf16,1024,512,1024,64,64,64,8,20,200,200,179,21,410.0,414.0,4.0,404.0,420.0,411.31,413.0,396.0,424.0,4.754355897490217,2610.5414991125913,412.3854748603352,413.0,404.0,420.0,2.885527589063236,2603.7333743717572,11.818320410326123,,logs/mlir-aie/bf16/mlir-aie_bf16_M1024_N512_K1024_m64_n64_k64_8col.log
mlir-aie_bf16_M1024_N512_K2048_m64_n64_k64_8col,xdna2,npu2,npu2,2,mlir-aie,success,passed,False,bf16,1024,512,2048,64,64,64,8,20,200,200,199,1,630.75,640.0,9.25,616.875,653.875,634.485,633.0,620.0,667.0,7.4148347924953795,3384.6090104573,634.321608040201,633.0,620.0,653.0,7.065172946997874,3385.480836187911,16.25035841949284,,logs/mlir-aie/bf16/mlir-aie_bf16_M1024_N512_K2048_m64_n64_k64_8col.log
mlir-aie_bf16_M1024_N1024_K256_m64_n64_k64_8col,xdna2,npu2,npu2,2,mlir-aie,success,passed,False,bf16,1024,1024,256,64,64,64,8,20,200,200,155,45,438.0,441.0,3.0,433.5,445.5,444.705,439.0,430.0,519.0,18.75414554171957,1207.2518006318796,438.98064516129034,439.0,434.0,444.0,1.850792220059136,1222.9944939890067,9.796952688135207,,logs/mlir-aie/bf16/mlir-aie_bf16_M1024_N1024_K256_m64_n64_k64_8col.log
mlir-aie_bf16_M1024_N1024_K512_m64_n64_k64_8col,xdna2,npu2,npu2,2,mlir-aie,success,passed,False,bf16,1024,1024,512,64,64,64,8,20,200,200,173,27,513.0,515.0,2.0,510.0,518.0,516.72,514.0,506.0,702.0,19.63674107381365,2077.995479176343,514.1040462427745,514.0,511.0,518.0,1.4307263356675128,2088.569097728806,11.665739596821368,,logs/mlir-aie/bf16/mlir-aie_bf16_M1024_N1024_K512_m64_n64_k64_8col.log
mlir-aie_bf16_M1024_N1024_K1024_m64_n64_k64_8col,xdna2,npu2,npu2,2,mlir-aie,success,passed,False,bf16,1024,1024,1024,64,64,64,8,20,200,200,191,9,752.0,760.0,8.0,740.0,772.0,757.375,755.0,737.0,921.0,16.539176974686498,2835.4298042581286,755.1675392670157,755.0,740.0,771.0,6.104945529108312,2843.718163633464,15.937317736446857,,logs/mlir-aie/bf16/mlir-aie_bf16_M1024_N1024_K1024_m64_n64_k64_8col.log
mlir-aie_bf16_M1024_N1024_K2048_m64_n64_k64_8col,xdna2,npu2,npu2,2,mlir-aie,success,passed,False,bf16,1024,1024,2048,64,64,64,8,20,200,200,193,7,1192.0,1201.0,9.0,1178.5,1214.5,1197.015,1196.0,1182.0,1227.0,7.548163683969764,3588.064724335117,1196.2331606217617,1196.0,1182.0,1214.0,6.408587087343507,3590.4098276021878,9.20263599883765,,logs/mlir-aie/bf16/mlir-aie_bf16_M1024_N1024_K2048_m64_n64_k64_8col.log
mlir-aie_bf16_M1024_N2048_K256_m64_n64_k64_8col,xdna2,npu2,npu2,2,mlir-aie,success,passed,False,bf16,1024,2048,256,64,64,64,8,20,200,200,171,29,799.0,804.0,5.0,791.5,811.5,816.475,802.0,790.0,1037.0,45.82094908445263,1315.0945515784317,801.1228070175439,801.0,793.0,810.0,3.134808399184849,1340.2961625788366,11.785014845430851,,logs/mlir-aie/bf16/mlir-aie_bf16_M1024_N2048_K256_m64_n64_k64_8col.log
mlir-aie_bf16_M1024_N2048_K512_m64_n64_k64_8col,xdna2,npu2,npu2,2,mlir-aie,success,passed,False,bf16,1024,2048,512,64,64,64,8,20,200,200,194,6,978.0,982.0,4.0,972.0,988.0,980.24,980.0,969.0,1023.0,5.939898989040134,2190.773328980658,979.6237113402062,980.0,972.0,987.0,2.937081558558423,2192.151560992807,16.520959002897143,,logs/mlir-aie/bf16/mlir-aie_bf16_M1024_N2048_K512_m64_n64_k64_8col.log
mlir-aie_bf16_M1024_N2048_K1024_m64_n64_k64_8col,xdna2,npu2,npu2,2,mlir-aie,success,passed,False,bf16,1024,2048,1024,64,64,64,8,20,200,200,190,10,1446.0,1452.0,6.0,1437.0,1461.0,1450.295,1449.0,1441.0,1506.0,8.094317451150529,2961.4439103768545,1448.8736842105263,1448.5,1441.0,1461.0,3.8872046654123222,2964.3490269755816,8.21094803698361,,logs/mlir-aie/bf16/mlir-aie_bf16_M1024_N2048_K1024_m64_n64_k64_8col.log
mlir-aie_bf16_M1024_N2048_K2048_m64_n64_k64_8col,xdna2,npu2,npu2,2,mlir-aie,success,passed,False,bf16,1024,2048,2048,64,64,64,8,20,200,200,182,18,2437.0,2455.0,18.0,2410.0,2482.0,2445.035,2444.0,2371.0,2496.0,21.19678690273599,3513.215390372735,2448.0274725274726,2445.0,2417.0,2481.0,15.382104386920679,3508.9208305049365,8.902221378870308,,logs/mlir-aie/bf16/mlir-aie_bf16_M1024_N2048_K2048_m64_n64_k64_8col.log
mlir-aie_bf16_M2048_N256_K256_m64_n64_k64_4col,xdna2,npu2,npu2,2,mlir-aie,success,passed,False,bf16,2048,256,256,64,64,64,4,20,200,200,152,48,413.0,417.25,4.25,406.625,423.625,431.62,414.0,406.0,603.0,38.74100669832936,621.9254344098975,413.5657894736842,414.0,407.0,420.0,2.2292052296006015,649.0755832140244,5.991077953949571,,logs/mlir-aie/bf16/mlir-aie_bf16_M2048_N256_K256_m64_n64_k64_4col.log
mlir-aie_bf16_M2048_N256_K512_m64_n64_k64_4col,xdna2,npu2,npu2,2,mlir-aie,success,passed,False,bf16,2048,256,512,64,64,64,4,20,200,200,199,1,488.0,492.0,4.0,482.0,498.0,489.635,489.0,482.0,499.0,2.6984764219833384,1096.4716819671796,489.58793969849245,489.0,482.0,497.0,2.6221045819293294,1096.5770773083714,6.868512677960098,,logs/mlir-aie/bf16/mlir-aie_bf16_M2048_N256_K512_m64_n64_k64_4col.log
mlir-aie_bf16_M2048_N256_K1024_m64_n64_k64_4col,xdna2,npu2,npu2,2,mlir-aie,success,passed,False,bf16,2048,256,1024,64,64,64,4,20,200,200,174,26,658.75,662.0,3.25,653.875,666.875,661.96,660.0,645.0,852.0,19.59102855901139,1622.064511450843,660.2011494252873,660.5,654.0,666.0,2.1971242569915317,1626.3858748726877,8.973747151903808,,logs/mlir-aie/bf16/mlir-aie_bf16_M2048_N256_K1024_m64_n64_k64_4col.log
mlir-aie_bf16_M2048_N256_K2048_m64_n64_k64_4col,xdna2,npu2,npu2,2,mlir-aie,success,passed,False,bf16,2048,256,2048,64,64,64,4,20,200,200,188,12,967.0,975.0,8.0,955.0,987.0,972.59,970.0,957.0,1024.0,9.973560046442795,2208.0050668832705,970.4414893617021,970.0,957.0,987.0,5.057307953768341,2212.8934835756922,13.178436059504747,,logs/mlir-aie/bf16/mlir-aie_bf16_M2048_N256_K2048_m64_n64_k64_4col.log
mlir-aie_bf16_M2048_N512_K256_m64_n64_k64_8col,xdna2,npu2,npu2,2,mlir-aie,success,passed,False,bf16,2048,512,256,64,64,64,8,20,200,200,155,45,434.75,437.0,2.25,431.375,440.375,436.785,436.0,425.0,449.0,4.40780841235188,1229.1422828164887,435.6322580645161,436.0,432.0,440.0,1.6225004790046897,1232.3947597115057,12.77397838793695,,logs/mlir-aie/bf16/mlir-aie_bf16_M2048_N512_K256_m64_n64_k64_8col.log
mlir-aie_bf16_M2048_N512_K512_m64_n64_k64_8col,xdna2,npu2,npu2,2,mlir-aie,success,passed,False,bf16,2048,512,512,64,64,64,8,20,200,200,194,6,511.0,521.25,10.25,495.625,536.625,518.16,515.0,503.0,699.0,20.09065454384202,2072.220595954918,515.3556701030927,514.5,503.0,533.0,5.579998689579067,2083.4966728613012,14.811155798844993,,logs/mlir-aie/bf16/mlir-aie_bf16_M2048_N512_K512_m64_n64_k64_8col.log
mlir-aie_bf16_M2048_N512_K1024_m64_n64_k64_8col,xdna2,npu2,npu2,2,mlir-aie,success,passed,False,bf16,2048,512,1024,64,64,64,8,20,200,200,178,22,761.0,769.0,8.0,749.0,781.0,772.715,765.0,750.0,958.0,28.015777251398898,2779.140624939337,763.8370786516854,764.0,750.0,775.0,4.984399979046353,2811.4420051337497,18.996942911297083,,logs/mlir-aie/bf16/mlir-aie_bf16_M2048_N512_K1024_m64_n64_k64_8col.log
mlir-aie_bf16_M2048_N512_K2048_m64_n64_k64_8col,xdna2,npu2,npu2,2,mlir-aie,success,passed,False,bf16,2048,512,2048,64,64,64,8,20,200,200,173,27,1185.0,1192.0,7.0,1174.5,1202.5,1191.57,1187.0,1175.0,1234.0,12.495403154760554,3604.4607501028054,1187.2947976878613,1187.0,1175.0,1202.0,5.356625910406746,3617.4396656702465,11.662279126234353,,logs/mlir-aie/bf16/mlir-aie_bf16_M2048_N512_K2048_m64_n64_k64_8col.log
mlir-aie_bf16_M2048_N1024_K256_m64_n64_k64_8col,xdna2,npu2,npu2,2,mlir-aie,success,passed,False,bf16,2048,1024,256,64,64,64,8,20,200,200,140,60,800.75,802.0,1.25,798.875,803.875,807.895,802.0,790.0,956.0,22.617337929119774,1329.061108188564,801.4,802.0,799.0,803.0,0.8766820567180719,1339.8325729972548,15.090207442641258,,logs/mlir-aie/bf16/mlir-aie_bf16_M2048_N1024_K256_m64_n64_k64_8col.log
mlir-aie_bf16_M2048_N1024_K512_m64_n64_k64_8col,xdna2,npu2,npu2,2,mlir-aie,success,passed,False,bf16,2048,1024,512,64,64,64,8,20,200,200,157,43,968.0,970.0,2.0,965.0,973.0,970.06,969.0,957.0,1154.0,14.318044559226655,2213.763734202008,969.2929936305733,969.0,965.0,973.0,1.464053993369381,2215.515496461404,18.944422053173184,,logs/mlir-aie/bf16/mlir-aie_bf16_M2048_N1024_K512_m64_n64_k64_8col.log
mlir-aie_bf16_M2048_N1024_K1024_m64_n64_k64_8col,xdna2,npu2,npu2,2,mlir-aie,success,passed,False,bf16,2048,1024,1024,64,64,64,8,20,200,200,190,10,1440.0,1454.25,14.25,1418.625,1475.625,1449.07,1446.0,1421.0,1640.0,18.94056757333317,2963.947425590206,1446.1368421052632,1446.0,1421.0,1473.0,9.58684463354345,2969.9591151743666,11.498271687887609,,logs/mlir-aie/bf16/mlir-aie_bf16_M2048_N1024_K1024_m64_n64_k64_8col.log
mlir-aie_bf16_M2048_N1024_K2048_m64_n64_k64_8col,xdna2,npu2,npu2,2,mlir-aie,success,passed,False,bf16,2048,1024,2048,64,64,64,8,20,200,200,200,0,2305.0,2324.0,19.0,2276.5,2352.5,2316.03,2316.0,2293.0,2347.0,12.572951125332509,3708.904717123699,2316.03,2316.0,2293.0,2347.0,12.572951125332509,3708.904717123699,12.088365725241601,,logs/mlir-aie/bf16/mlir-aie_bf16_M2048_N1024_K2048_m64_n64_k64_8col.log
mlir-aie_bf16_M2048_N2048_K256_m64_n64_k64_8col,xdna2,npu2,npu2,2,mlir-aie,success,passed,False,bf16,2048,2048,256,64,64,64,8,20,200,200,189,11,1559.0,1589.0,30.0,1514.0,1634.0,1575.51,1561.0,1543.0,1713.0,31.54837396760727,1363.0403158342378,1570.3492063492063,1561.0,1543.0,1633.0,23.0993887068333,1367.5198098087576,19.418942433781922,,logs/mlir-aie/bf16/mlir-aie_bf16_M2048_N2048_K256_m64_n64_k64_8col.log
mlir-aie_bf16_M2048_N2048_K512_m64_n64_k64_8col,xdna2,npu2,npu2,2,mlir-aie,success,passed,False,bf16,2048,2048,512,64,64,64,8,20,200,200,196,4,1893.0,1912.25,19.25,1864.125,1941.125,1908.425,1899.0,1877.0,2597.0,59.80455145722606,2250.5297803162293,1901.954081632653,1899.0,1877.0,1937.0,11.32465856013064,2258.1866394551253,11.829443270340562,,logs/mlir-aie/bf16/mlir-aie_bf16_M2048_N2048_K512_m64_n64_k64_8col.log
mlir-aie_bf16_M2048_N2048_K1024_m64_n64_k64_8col,xdna2,npu2,npu2,2,mlir-aie,success,passed,False,bf16,2048,2048,1024,64,64,64,8,20,200,200,188,12,2840.0,2851.0,11.0,2823.5,2867.5,2845.445,2846.5,2817.0,2882.0,10.960701391790582,3018.8369805074426,2845.8617021276596,2847.0,2824.0,2867.0,8.957465760327654,3018.394950667449,12.640888468362391,,logs/mlir-aie/bf16/mlir-aie_bf16_M2048_N2048_K1024_m64_n64_k64_8col.log
mlir-aie_bf16_M2048_N2048_K2048_m64_n64_k64_8col,xdna2,npu2,npu2,2,mlir-aie,success,passed,False,bf16,2048,2048,2048,64,64,64,8,20,200,200,175,25,4592.0,4607.25,15.25,4569.125,4630.125,4623.435,4598.0,4564.0,5280.0,107.57669717462049,3715.823664439967,4598.382857142858,4597.0,4571.0,4630.0,10.898846222403169,3736.0675954403846,14.640891151502728,,logs/mlir-aie/bf16/mlir-aie_bf16_M2048_N2048_K2048_m64_n64_k64_8col.log
