case_id,device,target,backend_target,npu2,variant,plot_series,flow,status,validation,timed_validation_failure,dtype,M,N,K,m,n,k,compute_columns,device_columns,warmup,iterations,mapping_columns,mapping_rows,raw_count,filtered_count,outlier_count,q1_us,q3_us,iqr_us,lower_bound_us,upper_bound_us,raw_mean_us,raw_median_us,raw_min_us,raw_max_us,raw_std_us,raw_gflops,filtered_mean_us,filtered_median_us,filtered_min_us,filtered_max_us,filtered_std_us,filtered_gflops,elapsed_seconds,error,log_path
manual_bf16_M256_N512_K256_1compute_1device,xdna2,npu2,npu2,2,manual,manual,mlir-aie,success,passed,False,bf16,256,512,256,64,64,64,1,1,20,200,1,4,200,176,24,408.0,416.0,8.0,396.0,428.0,418.975,415.0,395.0,555.0,22.007598119740372,160.17391013783637,412.1875,415.0,398.0,419.0,4.500512912688144,162.81149719484458,10.781836970709264,,logs/manual/1col/manual_bf16_M256_N512_K256_1compute_1device.log
manual_bf16_M256_N512_K512_1compute_1device,xdna2,npu2,npu2,2,manual,manual,mlir-aie,success,passed,False,bf16,256,512,512,64,64,64,1,1,20,200,1,4,200,162,38,486.75,488.0,1.25,484.875,489.875,489.15,487.0,479.0,606.0,11.15739664975661,274.3897127670449,487.1666666666667,487.0,485.0,489.0,0.9891385452647142,275.50679712624014,3.289566706866026,,logs/manual/1col/manual_bf16_M256_N512_K512_1compute_1device.log
manual_bf16_M256_N512_K1024_1compute_1device,xdna2,npu2,npu2,2,manual,manual,mlir-aie,success,passed,False,bf16,256,512,1024,64,64,64,1,1,20,200,1,4,200,176,24,648.0,652.0,4.0,642.0,658.0,655.83,650.0,639.0,841.0,25.42107590170015,409.30646051568243,649.5056818181819,649.0,642.0,658.0,2.8603821246050902,413.2919287920009,3.8501610970124602,,logs/manual/1col/manual_bf16_M256_N512_K1024_1compute_1device.log
manual_bf16_M256_N512_K2048_1compute_1device,xdna2,npu2,npu2,2,manual,manual,mlir-aie,success,passed,False,bf16,256,512,2048,64,64,64,1,1,20,200,1,4,200,177,23,1186.0,1224.25,38.25,1128.625,1281.625,1233.635,1197.0,1148.0,1717.0,101.0677583356829,435.19429328772287,1199.4915254237287,1194.0,1148.0,1278.0,21.45922915093127,447.58208009043386,5.057836172170937,,logs/manual/1col/manual_bf16_M256_N512_K2048_1compute_1device.log
manual_bf16_M256_N1024_K256_1compute_1device,xdna2,npu2,npu2,2,manual,manual,mlir-aie,success,passed,False,bf16,256,1024,256,64,64,64,1,1,20,200,1,4,200,200,0,776.0,880.25,104.25,619.625,1036.625,833.78,789.0,767.0,1020.0,74.53282229997734,160.97499100482142,833.78,789.0,767.0,1020.0,74.53282229997734,160.97499100482142,3.4049834748730063,,logs/manual/1col/manual_bf16_M256_N1024_K256_1compute_1device.log
manual_bf16_M256_N1024_K512_1compute_1device,xdna2,npu2,npu2,2,manual,manual,mlir-aie,success,passed,False,bf16,256,1024,512,64,64,64,1,1,20,200,1,4,200,158,42,933.0,938.0,5.0,925.5,945.5,948.745,934.0,925.0,1174.0,37.33229131730331,282.93741310889646,933.9177215189874,934.0,926.0,944.0,3.1801703438839892,287.42944888485283,3.926614181138575,,logs/manual/1col/manual_bf16_M256_N1024_K512_1compute_1device.log
manual_bf16_M256_N1024_K1024_1compute_1device,xdna2,npu2,npu2,2,manual,manual,mlir-aie,success,passed,False,bf16,256,1024,1024,64,64,64,1,1,20,200,1,4,200,181,19,1300.0,1306.0,6.0,1291.0,1315.0,1304.85,1303.0,1290.0,1353.0,9.929123828415074,411.4426271218914,1302.2707182320441,1302.0,1292.0,1315.0,4.186095641730106,412.25753177407927,5.064501331187785,,logs/manual/1col/manual_bf16_M256_N1024_K1024_1compute_1device.log
manual_bf16_M256_N1024_K2048_1compute_1device,xdna2,npu2,npu2,2,manual,manual,mlir-aie,success,passed,False,bf16,256,1024,2048,64,64,64,1,1,20,200,1,4,200,200,0,2311.75,2424.25,112.5,2143.0,2593.0,2382.915,2417.0,2273.0,2471.0,59.936781486829936,450.60013638757573,2382.915,2417.0,2273.0,2471.0,59.936781486829936,450.60013638757573,7.339422422461212,,logs/manual/1col/manual_bf16_M256_N1024_K2048_1compute_1device.log
manual_bf16_M256_N2048_K256_1compute_1device,xdna2,npu2,npu2,2,manual,manual,mlir-aie,success,passed,False,bf16,256,2048,256,64,64,64,1,1,20,200,1,4,200,157,43,1511.0,1516.25,5.25,1503.125,1524.125,1531.99,1512.0,1503.0,1700.0,49.76353986605053,175.22010979183938,1511.8280254777071,1512.0,1506.0,1524.0,2.608604927569657,177.55687252535208,4.072907067835331,,logs/manual/1col/manual_bf16_M256_N2048_K256_1compute_1device.log
manual_bf16_M256_N2048_K512_1compute_1device,xdna2,npu2,npu2,2,manual,manual,mlir-aie,success,passed,False,bf16,256,2048,512,64,64,64,1,1,20,200,1,4,200,192,8,1826.0,1832.0,6.0,1817.0,1841.0,1830.845,1830.0,1821.0,1870.0,7.47201278103832,293.23668142305877,1829.6145833333333,1830.0,1821.0,1840.0,3.947229491646289,293.43388322904985,5.223575305193663,,logs/manual/1col/manual_bf16_M256_N2048_K512_1compute_1device.log
manual_bf16_M256_N2048_K1024_1compute_1device,xdna2,npu2,npu2,2,manual,manual,mlir-aie,success,passed,False,bf16,256,2048,1024,64,64,64,1,1,20,200,1,4,200,199,1,2691.0,2716.0,25.0,2653.5,2753.5,2701.88,2700.0,2655.0,2775.0,18.452793826410137,397.4054450974877,2701.5125628140704,2700.0,2655.0,2748.0,17.754285857119278,397.4594968684954,7.3324114149436355,,logs/manual/1col/manual_bf16_M256_N2048_K1024_1compute_1device.log
manual_bf16_M256_N2048_K2048_1compute_1device,xdna2,npu2,npu2,2,manual,manual,mlir-aie,success,passed,False,bf16,256,2048,2048,64,64,64,1,1,20,200,1,4,200,181,19,4759.75,4794.25,34.5,4708.0,4846.0,4795.065,4773.5,4699.0,5348.0,85.15715339887777,447.8528754041916,4774.193370165746,4772.0,4708.0,4839.0,23.227464221624466,449.81078089961096,11.92227983288467,,logs/manual/1col/manual_bf16_M256_N2048_K2048_1compute_1device.log
manual_bf16_M512_N512_K256_1compute_1device,xdna2,npu2,npu2,2,manual,manual,mlir-aie,success,passed,False,bf16,512,512,256,64,64,64,1,1,20,200,1,4,200,200,0,776.0,881.0,105.0,618.5,1038.5,830.86,785.5,768.0,1017.0,69.35553618854085,161.5407264761813,830.86,785.5,768.0,1017.0,69.35553618854085,161.5407264761813,3.392272586002946,,logs/manual/1col/manual_bf16_M512_N512_K256_1compute_1device.log
manual_bf16_M512_N512_K512_1compute_1device,xdna2,npu2,npu2,2,manual,manual,mlir-aie,success,passed,False,bf16,512,512,512,64,64,64,1,1,20,200,1,4,200,189,11,937.0,996.0,59.0,848.5,1084.5,984.92,992.0,926.0,1176.0,49.07182083436481,272.545441254112,976.2010582010582,992.0,926.0,1081.0,33.49898204157866,274.9796814343476,3.950418885797262,,logs/manual/1col/manual_bf16_M512_N512_K512_1compute_1device.log
manual_bf16_M512_N512_K1024_1compute_1device,xdna2,npu2,npu2,2,manual,manual,mlir-aie,success,passed,False,bf16,512,512,1024,64,64,64,1,1,20,200,1,4,200,168,32,1252.0,1266.25,14.25,1230.625,1287.625,1268.575,1255.0,1242.0,1432.0,33.082841096254114,423.2078607886802,1256.1369047619048,1253.5,1242.0,1283.0,8.356581092908646,427.3984069449512,4.9515657080337405,,logs/manual/1col/manual_bf16_M512_N512_K1024_1compute_1device.log
manual_bf16_M512_N512_K2048_1compute_1device,xdna2,npu2,npu2,2,manual,manual,mlir-aie,success,passed,False,bf16,512,512,2048,64,64,64,1,1,20,200,1,4,200,196,4,2211.0,2221.0,10.0,2196.0,2236.0,2216.375,2217.0,2193.0,2246.0,7.652736438686492,484.4585523659128,2216.122448979592,2216.5,2199.0,2236.0,6.902772743870347,484.5137616355097,7.297827320173383,,logs/manual/1col/manual_bf16_M512_N512_K2048_1compute_1device.log
manual_bf16_M512_N1024_K256_1compute_1device,xdna2,npu2,npu2,2,manual,manual,mlir-aie,success,passed,False,bf16,512,1024,256,64,64,64,1,1,20,200,1,4,200,161,39,1508.0,1513.0,5.0,1500.5,1520.5,1529.33,1511.0,1502.0,1694.0,48.440077415297345,175.52487429135635,1509.9316770186335,1510.0,1502.0,1518.0,2.913076586708778,177.77986917264158,4.090407527051866,,logs/manual/1col/manual_bf16_M512_N1024_K256_1compute_1device.log
manual_bf16_M512_N1024_K512_1compute_1device,xdna2,npu2,npu2,2,manual,manual,mlir-aie,success,passed,False,bf16,512,1024,512,64,64,64,1,1,20,200,1,4,200,178,22,1825.0,1852.0,27.0,1784.5,1892.5,1849.875,1829.0,1819.0,2065.0,45.61588950135687,290.22010243935404,1836.3820224719102,1828.0,1819.0,1890.0,19.69429599620184,292.35252002594257,5.101594376377761,,logs/manual/1col/manual_bf16_M512_N1024_K512_1compute_1device.log
manual_bf16_M512_N1024_K1024_1compute_1device,xdna2,npu2,npu2,2,manual,manual,mlir-aie,success,passed,False,bf16,512,1024,1024,64,64,64,1,1,20,200,1,4,200,191,9,2503.0,2546.25,43.25,2438.125,2611.125,2532.425,2531.5,2463.0,2703.0,37.84368342273252,423.9974822551507,2526.9267015706805,2528.0,2463.0,2605.0,27.958924042655536,424.9200514334612,7.435180865228176,,logs/manual/1col/manual_bf16_M512_N1024_K1024_1compute_1device.log
manual_bf16_M512_N1024_K2048_1compute_1device,xdna2,npu2,npu2,2,manual,manual,mlir-aie,success,passed,False,bf16,512,1024,2048,64,64,64,1,1,20,200,1,4,200,190,10,4520.0,4543.0,23.0,4485.5,4577.5,4529.805,4532.0,4466.0,4572.0,20.34888141888885,474.0786077987905,4532.747368421053,4532.0,4486.0,4572.0,16.159057047171398,473.77086642004036,11.9483752110973,,logs/manual/1col/manual_bf16_M512_N1024_K2048_1compute_1device.log
manual_bf16_M512_N2048_K256_1compute_1device,xdna2,npu2,npu2,2,manual,manual,mlir-aie,success,passed,False,bf16,512,2048,256,64,64,64,1,1,20,200,1,4,200,200,0,3021.0,3398.0,377.0,2455.5,3963.5,3157.66,3031.5,2978.0,3656.0,182.7239568310625,170.02176041752438,3157.66,3031.5,2978.0,3656.0,182.7239568310625,170.02176041752438,5.491631089709699,,logs/manual/1col/manual_bf16_M512_N2048_K256_1compute_1device.log
manual_bf16_M512_N2048_K512_1compute_1device,xdna2,npu2,npu2,2,manual,manual,mlir-aie,success,passed,False,bf16,512,2048,512,64,64,64,1,1,20,200,1,4,200,188,12,3616.0,3631.0,15.0,3593.5,3653.5,3625.155,3620.0,3607.0,3671.0,14.282540915397371,296.1919763430805,3622.6436170212764,3619.0,3607.0,3652.0,10.518252206062972,296.39731022807194,7.765227964147925,,logs/manual/1col/manual_bf16_M512_N2048_K512_1compute_1device.log
manual_bf16_M512_N2048_K1024_1compute_1device,xdna2,npu2,npu2,2,manual,manual,mlir-aie,success,passed,False,bf16,512,2048,1024,64,64,64,1,1,20,200,1,4,200,194,6,5419.0,5445.0,26.0,5380.0,5484.0,5436.93,5434.0,5378.0,5953.0,52.43209990072875,394.98092636837333,5431.469072164949,5434.0,5381.0,5468.0,18.530319878761542,395.37804956036086,12.544851736165583,,logs/manual/1col/manual_bf16_M512_N2048_K1024_1compute_1device.log
manual_bf16_M512_N2048_K2048_1compute_1device,xdna2,npu2,npu2,2,manual,manual,mlir-aie,success,passed,False,bf16,512,2048,2048,64,64,64,1,1,20,200,1,4,200,184,16,9590.0,9678.25,88.25,9457.625,9810.625,9664.925,9646.0,9557.0,10161.0,108.1519272828737,444.38702793865446,9637.342391304348,9642.5,9557.0,9779.0,49.860971348810295,445.65888827144863,5.322232329286635,,logs/manual/1col/manual_bf16_M512_N2048_K2048_1compute_1device.log
manual_bf16_M1024_N512_K256_1compute_1device,xdna2,npu2,npu2,2,manual,manual,mlir-aie,success,passed,False,bf16,1024,512,256,64,64,64,1,1,20,200,1,4,200,161,39,1511.0,1517.0,6.0,1502.0,1526.0,1523.4,1512.0,1501.0,1692.0,30.833909904519082,176.20812393330706,1511.7080745341616,1511.0,1503.0,1523.0,3.2199682718100333,177.57096129999795,4.127298386767507,,logs/manual/1col/manual_bf16_M1024_N512_K256_1compute_1device.log
manual_bf16_M1024_N512_K512_1compute_1device,xdna2,npu2,npu2,2,manual,manual,mlir-aie,success,passed,False,bf16,1024,512,512,64,64,64,1,1,20,200,1,4,200,200,0,1835.0,2239.0,404.0,1229.0,2845.0,2055.395,2005.0,1820.0,2496.0,200.69631031735486,261.2008455795601,2055.395,2005.0,1820.0,2496.0,200.69631031735486,261.2008455795601,5.174615631811321,,logs/manual/1col/manual_bf16_M1024_N512_K512_1compute_1device.log
manual_bf16_M1024_N512_K1024_1compute_1device,xdna2,npu2,npu2,2,manual,manual,mlir-aie,success,passed,False,bf16,1024,512,1024,64,64,64,1,1,20,200,1,4,200,200,0,2508.0,2925.25,417.25,1882.125,3551.125,2757.89,2871.0,2464.0,3112.0,211.50881281875704,389.3345361852721,2757.89,2871.0,2464.0,3112.0,211.50881281875704,389.3345361852721,7.326930354349315,,logs/manual/1col/manual_bf16_M1024_N512_K1024_1compute_1device.log
manual_bf16_M1024_N512_K2048_1compute_1device,xdna2,npu2,npu2,2,manual,manual,mlir-aie,success,passed,False,bf16,1024,512,2048,64,64,64,1,1,20,200,1,4,200,176,24,4369.0,4394.25,25.25,4331.125,4432.125,4393.43,4378.0,4325.0,5050.0,67.76448258490579,488.79432425234955,4378.920454545455,4376.0,4337.0,4431.0,16.89790303754036,490.4139434117479,11.869925642386079,,logs/manual/1col/manual_bf16_M1024_N512_K2048_1compute_1device.log
manual_bf16_M1024_N1024_K256_1compute_1device,xdna2,npu2,npu2,2,manual,manual,mlir-aie,success,passed,False,bf16,1024,1024,256,64,64,64,1,1,20,200,1,4,200,171,29,3025.0,3045.0,20.0,2995.0,3075.0,3039.4,3032.5,2991.0,3119.0,22.512218904408336,176.63713627689677,3032.6491228070176,3029.0,3001.0,3075.0,12.987386451202246,177.03034220558715,5.3997713988646865,,logs/manual/1col/manual_bf16_M1024_N1024_K256_1compute_1device.log
manual_bf16_M1024_N1024_K512_1compute_1device,xdna2,npu2,npu2,2,manual,manual,mlir-aie,success,passed,False,bf16,1024,1024,512,64,64,64,1,1,20,200,1,4,200,184,16,3652.0,3682.5,30.5,3606.25,3728.25,3674.195,3668.0,3614.0,3819.0,38.85919421449704,292.23866016909824,3666.0054347826085,3667.0,3614.0,3725.0,27.55103905611971,292.8914981446753,7.574095579795539,,logs/manual/1col/manual_bf16_M1024_N1024_K512_1compute_1device.log
manual_bf16_M1024_N1024_K1024_1compute_1device,xdna2,npu2,npu2,2,manual,manual,mlir-aie,success,passed,False,bf16,1024,1024,1024,64,64,64,1,1,20,200,1,4,200,179,21,4935.75,5006.25,70.5,4830.0,5112.0,5001.36,4968.5,4878.0,5469.0,115.93890805074886,429.37993825679416,4964.770949720671,4957.0,4878.0,5092.0,40.02496490066104,432.54435496582624,12.287885590456426,,logs/manual/1col/manual_bf16_M1024_N1024_K1024_1compute_1device.log
manual_bf16_M1024_N1024_K2048_1compute_1device,xdna2,npu2,npu2,2,manual,manual,mlir-aie,success,passed,False,bf16,1024,1024,2048,64,64,64,1,1,20,200,1,4,200,162,38,9177.0,9212.25,35.25,9124.125,9265.125,9214.9,9194.0,9029.0,9706.0,99.79468923745391,466.08940910916016,9190.530864197532,9189.0,9128.0,9261.0,24.77707344278103,467.32526765471164,5.962279400788248,,logs/manual/1col/manual_bf16_M1024_N1024_K2048_1compute_1device.log
manual_bf16_M1024_N2048_K256_1compute_1device,xdna2,npu2,npu2,2,manual,manual,mlir-aie,success,passed,False,bf16,1024,2048,256,64,64,64,1,1,20,200,1,4,200,192,8,5949.75,5977.75,28.0,5907.75,6019.75,5969.815,5961.0,5932.0,6261.0,38.02526495634186,179.86182553395707,5963.661458333333,5959.0,5932.0,6017.0,18.401340925956017,180.04741407639847,8.191808555275202,,logs/manual/1col/manual_bf16_M1024_N2048_K256_1compute_1device.log
manual_bf16_M1024_N2048_K512_1compute_1device,xdna2,npu2,npu2,2,manual,manual,mlir-aie,success,passed,False,bf16,1024,2048,512,64,64,64,1,1,20,200,1,4,200,170,30,7236.75,7271.25,34.5,7185.0,7323.0,7286.32,7246.0,7185.0,7832.0,115.57507343713868,294.7281546789051,7246.670588235294,7243.0,7185.0,7321.0,24.18428669990891,296.3407294221931,12.752219792455435,,logs/manual/1col/manual_bf16_M1024_N2048_K512_1compute_1device.log
manual_bf16_M1024_N2048_K1024_1compute_1device,xdna2,npu2,npu2,2,manual,manual,mlir-aie,success,passed,False,bf16,1024,2048,1024,64,64,64,1,1,20,200,1,4,200,163,37,10732.0,10804.25,72.25,10623.625,10912.625,10813.985,10752.5,10560.0,11663.0,161.8239005060748,397.16786143128553,10752.699386503067,10743.0,10624.0,10892.0,44.31027453166448,399.4315419429563,5.457610241137445,,logs/manual/1col/manual_bf16_M1024_N2048_K1024_1compute_1device.log
manual_bf16_M1024_N2048_K2048_1compute_1device,xdna2,npu2,npu2,2,manual,manual,mlir-aie,success,passed,False,bf16,1024,2048,2048,64,64,64,1,1,20,200,1,4,200,200,0,19095.5,19372.0,276.5,18680.75,19786.75,19267.57,19346.0,18736.0,19580.0,175.52371663111512,445.8234531910355,19267.57,19346.0,18736.0,19580.0,175.52371663111512,445.8234531910355,7.699989658780396,,logs/manual/1col/manual_bf16_M1024_N2048_K2048_1compute_1device.log
manual_bf16_M2048_N512_K256_1compute_1device,xdna2,npu2,npu2,2,manual,manual,mlir-aie,success,passed,False,bf16,2048,512,256,64,64,64,1,1,20,200,1,4,200,193,7,2997.0,3029.0,32.0,2949.0,3077.0,3016.025,3013.0,2977.0,3184.0,25.511063776330456,178.0061213020449,3012.963730569948,3012.0,2977.0,3076.0,19.04191533041578,178.18698132766528,5.59114439971745,,logs/manual/1col/manual_bf16_M2048_N512_K256_1compute_1device.log
manual_bf16_M2048_N512_K512_1compute_1device,xdna2,npu2,npu2,2,manual,manual,mlir-aie,success,passed,False,bf16,2048,512,512,64,64,64,1,1,20,200,1,4,200,196,4,3615.0,3652.25,37.25,3559.125,3708.125,3634.705,3624.0,3605.0,3719.0,24.967938941770903,295.4137471954395,3633.066326530612,3623.5,3605.0,3703.0,22.395806111939393,295.54699185064624,7.505159902386367,,logs/manual/1col/manual_bf16_M2048_N512_K512_1compute_1device.log
manual_bf16_M2048_N512_K1024_1compute_1device,xdna2,npu2,npu2,2,manual,manual,mlir-aie,success,passed,False,bf16,2048,512,1024,64,64,64,1,1,20,200,1,4,200,189,11,4943.75,4961.0,17.25,4917.875,4986.875,4950.71,4951.0,4876.0,4998.0,18.411298161726673,433.7728624783112,4952.5026455026455,4951.0,4920.0,4985.0,12.81765661279954,433.6158507558041,11.976541525684297,,logs/manual/1col/manual_bf16_M2048_N512_K1024_1compute_1device.log
manual_bf16_M2048_N512_K2048_1compute_1device,xdna2,npu2,npu2,2,manual,manual,mlir-aie,success,passed,False,bf16,2048,512,2048,64,64,64,1,1,20,200,1,4,200,187,13,8831.0,8866.25,35.25,8778.125,8919.125,8859.915,8843.0,8766.0,9333.0,66.6796653785845,484.76393915742983,8847.459893048128,8842.0,8780.0,8919.0,26.662522436227935,485.44637081370223,5.1084062634035945,,logs/manual/1col/manual_bf16_M2048_N512_K2048_1compute_1device.log
manual_bf16_M2048_N1024_K256_1compute_1device,xdna2,npu2,npu2,2,manual,manual,mlir-aie,success,passed,False,bf16,2048,1024,256,64,64,64,1,1,20,200,1,4,200,191,9,5968.0,6007.0,39.0,5909.5,6065.5,5991.5,5985.0,5934.0,6168.0,37.572463320895,179.21085270800302,5985.4502617801045,5984.0,5934.0,6058.0,25.143699833014388,179.39198841168943,8.165001904591918,,logs/manual/1col/manual_bf16_M2048_N1024_K256_1compute_1device.log
manual_bf16_M2048_N1024_K512_1compute_1device,xdna2,npu2,npu2,2,manual,manual,mlir-aie,success,passed,False,bf16,2048,1024,512,64,64,64,1,1,20,200,1,4,200,178,22,7240.75,7266.25,25.5,7202.5,7304.5,7261.555,7257.0,7197.0,7433.0,36.0012079658447,295.733303404023,7252.26404494382,7253.0,7210.0,7304.0,20.316676867030406,296.1121705844668,12.526671629399061,,logs/manual/1col/manual_bf16_M2048_N1024_K512_1compute_1device.log
manual_bf16_M2048_N1024_K1024_1compute_1device,xdna2,npu2,npu2,2,manual,manual,mlir-aie,success,passed,False,bf16,2048,1024,1024,64,64,64,1,1,20,200,1,4,200,160,40,9784.0,9809.25,25.25,9746.125,9847.125,9825.44,9797.0,9715.0,10477.0,108.96841927824777,437.1272223941116,9793.6375,9794.0,9750.0,9843.0,17.747706718052335,438.5466887047841,5.198772732168436,,logs/manual/1col/manual_bf16_M2048_N1024_K1024_1compute_1device.log
manual_bf16_M2048_N1024_K2048_1compute_1device,xdna2,npu2,npu2,2,manual,manual,mlir-aie,success,passed,False,bf16,2048,1024,2048,64,64,64,1,1,20,200,1,4,200,200,0,18297.5,18574.0,276.5,17882.75,18988.75,18466.98,18538.5,17944.0,18754.0,183.2782300220078,465.1510204700498,18466.98,18538.5,17944.0,18754.0,183.2782300220078,465.1510204700498,7.41847151517868,,logs/manual/1col/manual_bf16_M2048_N1024_K2048_1compute_1device.log
manual_bf16_M2048_N2048_K256_1compute_1device,xdna2,npu2,npu2,2,manual,manual,mlir-aie,success,passed,False,bf16,2048,2048,256,64,64,64,1,1,20,200,1,4,200,200,0,11890.0,12245.5,355.5,11356.75,12778.75,12035.905,11955.0,11836.0,12571.0,185.13523698907238,178.4231138414602,12035.905,11955.0,11836.0,12571.0,185.13523698907238,178.4231138414602,13.93690955452621,,logs/manual/1col/manual_bf16_M2048_N2048_K256_1compute_1device.log
manual_bf16_M2048_N2048_K512_1compute_1device,xdna2,npu2,npu2,2,manual,manual,mlir-aie,success,passed,False,bf16,2048,2048,512,64,64,64,1,1,20,200,1,4,200,200,0,14450.75,14827.25,376.5,13886.0,15392.0,14671.065,14784.0,14352.0,15270.0,200.04692143344772,292.75088727369143,14671.065,14784.0,14352.0,15270.0,200.04692143344772,292.75088727369143,6.73225087672472,,logs/manual/1col/manual_bf16_M2048_N2048_K512_1compute_1device.log
manual_bf16_M2048_N2048_K1024_1compute_1device,xdna2,npu2,npu2,2,manual,manual,mlir-aie,success,passed,False,bf16,2048,2048,1024,64,64,64,1,1,20,200,1,4,200,155,45,21721.0,21802.0,81.0,21599.5,21923.5,21712.525,21773.0,21101.0,22013.0,165.49782287087646,395.62117220360136,21779.677419354837,21782.0,21630.0,21885.0,40.214575352223044,394.4013690655687,8.865063852630556,,logs/manual/1col/manual_bf16_M2048_N2048_K1024_1compute_1device.log
manual_bf16_M2048_N2048_K2048_1compute_1device,xdna2,npu2,npu2,2,manual,manual,mlir-aie,success,passed,False,bf16,2048,2048,2048,64,64,64,1,1,20,200,1,4,200,147,53,38434.5,38470.25,35.75,38380.875,38523.875,38409.92,38452.0,37806.0,38687.0,150.92012324405252,447.27688013929736,38456.09523809524,38454.0,38384.0,38517.0,21.39404626103957,446.7398231056319,14.020050569437444,,logs/manual/1col/manual_bf16_M2048_N2048_K2048_1compute_1device.log
compiled_bf16_M256_N512_K256_1compute_1device,xdna2,npu2,npu2_1col,2,compiled,compiled,allo,success,passed,False,bf16,256,512,256,64,64,64,1,1,20,200,2,2,200,196,4,407.0,512.25,105.25,249.125,670.125,459.945,412.0,396.0,690.0,66.95828533497554,145.90628009870744,455.3112244897959,411.0,396.0,631.0,59.17028415574877,147.39119176163422,11.012593419291079,,logs/compiled/1col/compiled_bf16_M256_N512_K256_1compute_1device.log
compiled_bf16_M256_N512_K512_1compute_1device,xdna2,npu2,npu2_1col,2,compiled,compiled,allo,success,passed,False,bf16,256,512,512,64,64,64,1,1,20,200,2,2,200,200,0,491.0,624.0,133.0,291.5,823.5,553.685,509.0,487.0,752.0,71.55512403035858,242.4080984675402,553.685,509.0,487.0,752.0,71.55512403035858,242.4080984675402,10.259252339601517,,logs/compiled/1col/compiled_bf16_M256_N512_K512_1compute_1device.log
compiled_bf16_M256_N512_K1024_1compute_1device,xdna2,npu2,npu2_1col,2,compiled,compiled,allo,failed,failed,True,bf16,256,512,1024,64,64,64,1,1,20,200,2,2,200,196,4,646.0,727.5,81.5,523.75,849.75,699.325,655.5,636.0,896.0,72.60495420424147,383.84936331462484,695.7448979591836,652.5,636.0,849.0,68.8090097364288,385.8245411319537,10.527566449716687,Output validation failed; timings were recorded automatically for the partial-NPU bf16 experiment,logs/compiled/1col/compiled_bf16_M256_N512_K1024_1compute_1device.log
compiled_bf16_M256_N512_K2048_1compute_1device,xdna2,npu2,npu2_1col,2,compiled,compiled,allo,failed,failed,True,bf16,256,512,2048,64,64,64,1,1,20,200,2,2,200,175,25,955.75,1009.25,53.5,875.5,1089.5,1008.12,979.0,945.0,1369.0,82.05824516768561,532.5466333373012,979.6228571428571,972.0,945.0,1082.0,28.285393360372776,548.0383681183429,11.320908039808273,Output validation failed; timings were recorded automatically for the partial-NPU bf16 experiment,logs/compiled/1col/compiled_bf16_M256_N512_K2048_1compute_1device.log
compiled_bf16_M256_N1024_K256_1compute_1device,xdna2,npu2,npu2_1col,2,compiled,compiled,allo,success,passed,False,bf16,256,1024,256,64,64,64,1,1,20,200,2,2,200,200,0,775.0,982.0,207.0,464.5,1292.5,871.555,826.0,766.0,1026.0,98.38768711073556,153.99800127358571,871.555,826.0,766.0,1026.0,98.38768711073556,153.99800127358571,10.533720387145877,,logs/compiled/1col/compiled_bf16_M256_N1024_K256_1compute_1device.log
compiled_bf16_M256_N1024_K512_1compute_1device,xdna2,npu2,npu2_1col,2,compiled,compiled,allo,success,passed,False,bf16,256,1024,512,64,64,64,1,1,20,200,2,2,200,171,29,932.0,1006.5,74.5,820.25,1118.25,1005.115,985.0,918.0,1340.0,88.78058219565808,267.0693960392592,972.4795321637426,982.0,918.0,1079.0,39.93405956362841,276.03198537529914,10.734978947788477,,logs/compiled/1col/compiled_bf16_M256_N1024_K512_1compute_1device.log
compiled_bf16_M256_N1024_K1024_1compute_1device,xdna2,npu2,npu2_1col,2,compiled,compiled,allo,failed,failed,True,bf16,256,1024,1024,64,64,64,1,1,20,200,2,2,200,147,53,1244.0,1248.0,4.0,1238.0,1254.0,1278.92,1245.0,1234.0,1645.0,96.67033464305376,419.78459325055513,1244.4625850340135,1244.0,1239.0,1250.0,1.8304756039474461,431.4078369703066,11.270054240711033,Output validation failed; timings were recorded automatically for the partial-NPU bf16 experiment,logs/compiled/1col/compiled_bf16_M256_N1024_K1024_1compute_1device.log
compiled_bf16_M256_N1024_K2048_1compute_1device,xdna2,npu2,npu2_1col,2,compiled,compiled,allo,failed,failed,True,bf16,256,1024,2048,64,64,64,1,1,20,200,2,2,200,169,31,1938.0,1968.0,30.0,1893.0,2013.0,1959.905,1945.0,1916.0,2064.0,35.23231435770293,547.8540153731941,1946.319526627219,1943.0,1916.0,2012.0,15.716938731493729,551.6780823037261,12.609977790154517,Output validation failed; timings were recorded automatically for the partial-NPU bf16 experiment,logs/compiled/1col/compiled_bf16_M256_N1024_K2048_1compute_1device.log
compiled_bf16_M256_N2048_K256_1compute_1device,xdna2,npu2,npu2_1col,2,compiled,compiled,allo,success,passed,False,bf16,256,2048,256,64,64,64,1,1,20,200,2,2,200,187,13,1509.0,1533.25,24.25,1472.625,1569.625,1533.46,1511.0,1500.0,2015.0,75.80810246932711,175.05214091009873,1517.9839572192514,1511.0,1500.0,1565.0,14.583147528124606,176.8368201280195,11.485338343307376,,logs/compiled/1col/compiled_bf16_M256_N2048_K256_1compute_1device.log
compiled_bf16_M256_N2048_K512_1compute_1device,xdna2,npu2,npu2_1col,2,compiled,compiled,allo,success,passed,False,bf16,256,2048,512,64,64,64,1,1,20,200,2,2,200,183,17,1834.0,1885.0,51.0,1757.5,1961.5,1870.765,1836.0,1820.0,2362.0,77.96101445594458,286.97934374440405,1852.3879781420765,1835.0,1820.0,1944.0,30.546520425733284,289.8263853658105,12.028921693563461,,logs/compiled/1col/compiled_bf16_M256_N2048_K512_1compute_1device.log
compiled_bf16_M256_N2048_K1024_1compute_1device,xdna2,npu2,npu2_1col,2,compiled,compiled,allo,failed,failed,True,bf16,256,2048,1024,64,64,64,1,1,20,200,2,2,200,191,9,2471.0,2486.0,15.0,2448.5,2508.5,2482.31,2474.0,2460.0,2968.0,37.870092421329,432.557506516108,2477.6282722513088,2474.0,2460.0,2507.0,10.819462618838063,433.37486741880747,13.092329346574843,Output validation failed; timings were recorded automatically for the partial-NPU bf16 experiment,logs/compiled/1col/compiled_bf16_M256_N2048_K1024_1compute_1device.log
compiled_bf16_M256_N2048_K2048_1compute_1device,xdna2,npu2,npu2_1col,2,compiled,compiled,allo,failed,failed,True,bf16,256,2048,2048,64,64,64,1,1,20,200,2,2,200,200,0,4366.5,4889.0,522.5,3582.75,5672.75,4730.69,4869.0,4190.0,5403.0,303.1921897081124,453.94723560410847,4730.69,4869.0,4190.0,5403.0,303.1921897081124,453.94723560410847,15.711626259610057,Output validation failed; timings were recorded automatically for the partial-NPU bf16 experiment,logs/compiled/1col/compiled_bf16_M256_N2048_K2048_1compute_1device.log
compiled_bf16_M512_N512_K256_1compute_1device,xdna2,npu2,npu2_1col,2,compiled,compiled,allo,success,passed,False,bf16,512,512,256,64,64,64,1,1,20,200,2,2,200,200,0,775.0,892.25,117.25,599.125,1068.125,842.105,826.0,765.0,1060.0,79.42860929790979,159.38360180737556,842.105,826.0,765.0,1060.0,79.42860929790979,159.38360180737556,10.633085353299975,,logs/compiled/1col/compiled_bf16_M512_N512_K256_1compute_1device.log
compiled_bf16_M512_N512_K512_1compute_1device,xdna2,npu2,npu2_1col,2,compiled,compiled,allo,success,passed,False,bf16,512,512,512,64,64,64,1,1,20,200,2,2,200,158,42,930.0,984.25,54.25,848.625,1065.625,995.225,931.5,919.0,1375.0,107.98506551833916,269.72338516415886,942.8037974683544,931.0,919.0,1064.0,27.691898660113917,284.72038055087506,10.815005199983716,,logs/compiled/1col/compiled_bf16_M512_N512_K512_1compute_1device.log
compiled_bf16_M512_N512_K1024_1compute_1device,xdna2,npu2,npu2_1col,2,compiled,compiled,allo,failed,failed,True,bf16,512,512,1024,64,64,64,1,1,20,200,2,2,200,163,37,1244.0,1254.0,10.0,1229.0,1269.0,1281.64,1247.0,1233.0,1675.0,93.07556285083642,418.89369245654007,1246.7914110429447,1245.0,1233.0,1264.0,5.073029839384852,430.6020295334774,11.332616526633501,Output validation failed; timings were recorded automatically for the partial-NPU bf16 experiment,logs/compiled/1col/compiled_bf16_M512_N512_K1024_1compute_1device.log
compiled_bf16_M512_N512_K2048_1compute_1device,xdna2,npu2,npu2_1col,2,compiled,compiled,allo,failed,failed,True,bf16,512,512,2048,64,64,64,1,1,20,200,2,2,200,159,41,1889.0,2004.75,115.75,1715.375,2178.375,1988.775,1916.5,1872.0,2541.0,147.67221937453232,539.9011069628289,1920.748427672956,1912.0,1872.0,2177.0,52.464659390385556,559.0226229162505,12.5874068653211,Output validation failed; timings were recorded automatically for the partial-NPU bf16 experiment,logs/compiled/1col/compiled_bf16_M512_N512_K2048_1compute_1device.log
compiled_bf16_M512_N1024_K256_1compute_1device,xdna2,npu2,npu2_1col,2,compiled,compiled,allo,success,passed,False,bf16,512,1024,256,64,64,64,1,1,20,200,2,2,200,200,0,1544.0,1822.5,278.5,1126.25,2240.25,1686.5,1577.0,1516.0,2184.0,172.99297673605133,159.1671841091017,1686.5,1577.0,1516.0,2184.0,172.99297673605133,159.1671841091017,11.589859484694898,,logs/compiled/1col/compiled_bf16_M512_N1024_K256_1compute_1device.log
compiled_bf16_M512_N1024_K512_1compute_1device,xdna2,npu2,npu2_1col,2,compiled,compiled,allo,success,passed,False,bf16,512,1024,512,64,64,64,1,1,20,200,2,2,200,178,22,1824.0,1863.0,39.0,1765.5,1921.5,1857.805,1826.0,1813.0,2401.0,86.00829596614503,288.98130428112745,1835.2865168539327,1825.0,1813.0,1921.0,23.1570587244272,292.52702892424105,12.025862499140203,,logs/compiled/1col/compiled_bf16_M512_N1024_K512_1compute_1device.log
compiled_bf16_M512_N1024_K1024_1compute_1device,xdna2,npu2,npu2_1col,2,compiled,compiled,allo,failed,failed,True,bf16,512,1024,1024,64,64,64,1,1,20,200,2,2,200,189,11,2470.0,2510.25,40.25,2409.625,2570.625,2506.28,2483.5,2448.0,3004.0,85.71984367694566,428.42053721052713,2487.5502645502647,2482.0,2448.0,2567.0,23.81484714153038,431.6462824095442,13.127773924730718,Output validation failed; timings were recorded automatically for the partial-NPU bf16 experiment,logs/compiled/1col/compiled_bf16_M512_N1024_K1024_1compute_1device.log
compiled_bf16_M512_N1024_K2048_1compute_1device,xdna2,npu2,npu2_1col,2,compiled,compiled,allo,failed,failed,True,bf16,512,1024,2048,64,64,64,1,1,20,200,2,2,200,199,1,3827.0,4124.5,297.5,3380.75,4570.75,3957.565,3844.0,3805.0,4587.0,163.80233751384625,542.6275116138332,3954.402010050251,3844.0,3805.0,4443.0,158.00359132099356,543.0615406683729,15.677731054835021,Output validation failed; timings were recorded automatically for the partial-NPU bf16 experiment,logs/compiled/1col/compiled_bf16_M512_N1024_K2048_1compute_1device.log
compiled_bf16_M512_N2048_K256_1compute_1device,xdna2,npu2,npu2_1col,2,compiled,compiled,allo,success,passed,False,bf16,512,2048,256,64,64,64,1,1,20,200,2,2,200,161,39,3009.0,3016.0,7.0,2998.5,3026.5,3021.565,3011.0,2996.0,3239.0,33.365337927256185,177.67974940138637,3011.0,3011.0,3000.0,3023.0,3.743317026415001,178.30319229491863,14.173219293355942,,logs/compiled/1col/compiled_bf16_M512_N2048_K256_1compute_1device.log
compiled_bf16_M512_N2048_K512_1compute_1device,xdna2,npu2,npu2_1col,2,compiled,compiled,allo,success,passed,False,bf16,512,2048,512,64,64,64,1,1,20,200,2,2,200,182,18,3619.0,3667.25,48.25,3546.625,3739.625,3659.24,3621.0,3607.0,4403.0,99.99061155928591,293.4330145057444,3634.269230769231,3621.0,3607.0,3733.0,26.854697308667475,295.44916895789015,15.37020355090499,,logs/compiled/1col/compiled_bf16_M512_N2048_K512_1compute_1device.log
compiled_bf16_M512_N2048_K1024_1compute_1device,xdna2,npu2,npu2_1col,2,compiled,compiled,allo,failed,failed,True,bf16,512,2048,1024,64,64,64,1,1,20,200,2,2,200,192,8,4892.75,4927.0,34.25,4841.375,4978.375,4915.095,4909.5,4860.0,5373.0,45.07766603319209,436.9160001993858,4908.53125,4908.0,4860.0,4977.0,22.063097548565114,437.50024979468145,17.715365316718817,Output validation failed; timings were recorded automatically for the partial-NPU bf16 experiment,logs/compiled/1col/compiled_bf16_M512_N2048_K1024_1compute_1device.log
compiled_bf16_M512_N2048_K2048_1compute_1device,xdna2,npu2,npu2_1col,2,compiled,compiled,allo,failed,failed,True,bf16,512,2048,2048,64,64,64,1,1,20,200,2,2,200,177,23,7811.0,7848.0,37.0,7755.5,7903.5,7839.345,7831.5,7663.0,8263.0,77.42949034444176,547.8732337969562,7829.175141242938,7830.0,7767.0,7894.0,24.684400094612343,548.5849043502358,22.96512999664992,Output validation failed; timings were recorded automatically for the partial-NPU bf16 experiment,logs/compiled/1col/compiled_bf16_M512_N2048_K2048_1compute_1device.log
compiled_bf16_M1024_N512_K256_1compute_1device,xdna2,npu2,npu2_1col,2,compiled,compiled,allo,success,passed,False,bf16,1024,512,256,64,64,64,1,1,20,200,2,2,200,200,0,1516.0,1942.0,426.0,877.0,2581.0,1681.01,1518.0,1507.0,1997.0,201.24644071386703,159.68700721589997,1681.01,1518.0,1507.0,1997.0,201.24644071386703,159.68700721589997,11.757229041308165,,logs/compiled/1col/compiled_bf16_M1024_N512_K256_1compute_1device.log
compiled_bf16_M1024_N512_K512_1compute_1device,xdna2,npu2,npu2_1col,2,compiled,compiled,allo,success,passed,False,bf16,1024,512,512,64,64,64,1,1,20,200,2,2,200,170,30,1823.0,1829.25,6.25,1813.625,1838.625,1841.925,1825.0,1813.0,2348.0,75.66947452572933,291.4727320602087,1825.0647058823529,1824.0,1814.0,1836.0,3.6880476544819896,294.16541247530307,11.91199061460793,,logs/compiled/1col/compiled_bf16_M1024_N512_K512_1compute_1device.log
compiled_bf16_M1024_N512_K1024_1compute_1device,xdna2,npu2,npu2_1col,2,compiled,compiled,allo,failed,failed,True,bf16,1024,512,1024,64,64,64,1,1,20,200,2,2,200,186,14,2457.0,2488.25,31.25,2410.125,2535.125,2478.23,2460.0,2447.0,2638.0,35.80554565985554,433.26964163939584,2470.1344086021504,2459.5,2447.0,2522.0,18.87645740082305,434.68963480721305,12.976601226255298,Output validation failed; timings were recorded automatically for the partial-NPU bf16 experiment,logs/compiled/1col/compiled_bf16_M1024_N512_K1024_1compute_1device.log
compiled_bf16_M1024_N512_K2048_1compute_1device,xdna2,npu2,npu2_1col,2,compiled,compiled,allo,failed,failed,True,bf16,1024,512,2048,64,64,64,1,1,20,200,2,2,200,178,22,3732.0,3757.25,25.25,3694.125,3795.125,3762.775,3737.0,3709.0,4158.0,79.10438910073195,570.7180599424627,3741.241573033708,3735.0,3709.0,3795.0,17.966668946445886,574.0029362120667,15.609942496754229,Output validation failed; timings were recorded automatically for the partial-NPU bf16 experiment,logs/compiled/1col/compiled_bf16_M1024_N512_K2048_1compute_1device.log
compiled_bf16_M1024_N1024_K256_1compute_1device,xdna2,npu2,npu2_1col,2,compiled,compiled,allo,success,passed,False,bf16,1024,1024,256,64,64,64,1,1,20,200,2,2,200,162,38,3012.75,3089.25,76.5,2898.0,3204.0,3103.98,3026.0,2977.0,3578.0,156.74274975258027,172.96210413726894,3031.5864197530864,3016.0,2977.0,3198.0,39.03980954304389,177.09239904951366,14.131111362949014,,logs/compiled/1col/compiled_bf16_M1024_N1024_K256_1compute_1device.log
compiled_bf16_M1024_N1024_K512_1compute_1device,xdna2,npu2,npu2_1col,2,compiled,compiled,allo,success,passed,False,bf16,1024,1024,512,64,64,64,1,1,20,200,2,2,200,165,35,3647.0,3657.25,10.25,3631.625,3672.625,3658.26,3651.0,3628.0,3764.0,20.65435547287787,293.51162137190903,3650.133333333333,3650.0,3633.0,3671.0,5.763556702122905,294.16509643483346,15.44272175244987,,logs/compiled/1col/compiled_bf16_M1024_N1024_K512_1compute_1device.log
compiled_bf16_M1024_N1024_K1024_1compute_1device,xdna2,npu2,npu2_1col,2,compiled,compiled,allo,failed,failed,True,bf16,1024,1024,1024,64,64,64,1,1,20,200,2,2,200,184,16,4886.0,4912.0,26.0,4847.0,4951.0,4905.035,4893.0,4858.0,5121.0,41.12619329575739,437.8120947149205,4895.282608695652,4891.5,4858.0,4950.0,19.634057636710338,438.6843048009841,17.68183020222932,Output validation failed; timings were recorded automatically for the partial-NPU bf16 experiment,logs/compiled/1col/compiled_bf16_M1024_N1024_K1024_1compute_1device.log
compiled_bf16_M1024_N1024_K2048_1compute_1device,xdna2,npu2,npu2_1col,2,compiled,compiled,allo,failed,failed,True,bf16,1024,1024,2048,64,64,64,1,1,20,200,2,2,200,198,2,7398.0,7423.25,25.25,7360.125,7461.125,7412.135,7412.5,7361.0,7584.0,21.590432487562634,579.4507649955108,7410.787878787879,7412.0,7361.0,7448.0,16.565311649525754,579.5560966322641,22.83532867860049,Output validation failed; timings were recorded automatically for the partial-NPU bf16 experiment,logs/compiled/1col/compiled_bf16_M1024_N1024_K2048_1compute_1device.log
compiled_bf16_M1024_N2048_K256_1compute_1device,xdna2,npu2,npu2_1col,2,compiled,compiled,allo,success,passed,False,bf16,1024,2048,256,64,64,64,1,1,20,200,2,2,200,183,17,5988.75,6065.5,76.75,5873.625,6180.625,6047.945,6003.5,5926.0,6952.0,132.5025357304531,177.53829176687287,6015.743169398907,6000.0,5926.0,6173.0,49.93684147403596,178.48864118101773,22.69598718266934,,logs/compiled/1col/compiled_bf16_M1024_N2048_K256_1compute_1device.log
compiled_bf16_M1024_N2048_K512_1compute_1device,xdna2,npu2,npu2_1col,2,compiled,compiled,allo,success,passed,False,bf16,1024,2048,512,64,64,64,1,1,20,200,2,2,200,176,24,7221.75,7259.25,37.5,7165.5,7315.5,7270.54,7242.0,7188.0,8124.0,114.55242642563273,295.3678334759179,7239.477272727273,7239.0,7188.0,7312.0,25.08892243452516,296.63518056615084,24.784846211783588,,logs/compiled/1col/compiled_bf16_M1024_N2048_K512_1compute_1device.log
compiled_bf16_M1024_N2048_K1024_1compute_1device,xdna2,npu2,npu2_1col,2,compiled,compiled,allo,failed,failed,True,bf16,1024,2048,1024,64,64,64,1,1,20,200,2,2,200,170,30,9753.0,9871.25,118.25,9575.625,10048.625,9856.545,9810.0,9717.0,10713.0,146.67920089433267,435.7477489323084,9802.517647058823,9781.0,9717.0,10013.0,61.588599358438536,438.14940718710926,30.027747130952775,Output validation failed; timings were recorded automatically for the partial-NPU bf16 experiment,logs/compiled/1col/compiled_bf16_M1024_N2048_K1024_1compute_1device.log
compiled_bf16_M1024_N2048_K2048_1compute_1device,xdna2,npu2,npu2_1col,2,compiled,compiled,allo,failed,failed,True,bf16,1024,2048,2048,64,64,64,1,1,20,200,2,2,200,199,1,15925.75,16300.25,374.5,15364.0,16862.0,16064.165,15997.5,15362.0,16715.0,316.5370717230448,534.7264916663892,16067.693467336683,15998.0,15365.0,16715.0,313.3834671692378,534.6090656672102,44.455324336886406,Output validation failed; timings were recorded automatically for the partial-NPU bf16 experiment,logs/compiled/1col/compiled_bf16_M1024_N2048_K2048_1compute_1device.log
compiled_bf16_M2048_N512_K256_1compute_1device,xdna2,npu2,npu2_1col,2,compiled,compiled,allo,success,passed,False,bf16,2048,512,256,64,64,64,1,1,20,200,2,2,200,166,34,3023.0,3046.25,23.25,2988.125,3081.125,3077.03,3028.0,3003.0,3657.0,123.13967313583385,174.47698332482946,3028.3313253012047,3026.0,3003.0,3081.0,13.614922958255745,177.28275222546912,14.373343822546303,,logs/compiled/1col/compiled_bf16_M2048_N512_K256_1compute_1device.log
compiled_bf16_M2048_N512_K512_1compute_1device,xdna2,npu2,npu2_1col,2,compiled,compiled,allo,success,passed,False,bf16,2048,512,512,64,64,64,1,1,20,200,2,2,200,188,12,3637.0,3671.0,34.0,3586.0,3722.0,3659.99,3650.5,3617.0,3815.0,34.0377716661946,293.3728846253678,3653.303191489362,3650.0,3617.0,3719.0,20.009268874154934,293.9098584813219,15.223137504421175,,logs/compiled/1col/compiled_bf16_M2048_N512_K512_1compute_1device.log
compiled_bf16_M2048_N512_K1024_1compute_1device,xdna2,npu2,npu2_1col,2,compiled,compiled,allo,failed,failed,True,bf16,2048,512,1024,64,64,64,1,1,20,200,2,2,200,172,28,4902.0,4962.25,60.25,4811.625,5052.625,4974.82,4925.0,4866.0,5489.0,136.22506230499584,431.67062285670636,4923.081395348837,4921.0,4866.0,5048.0,33.43032153678755,436.20721973617395,17.56647881027311,Output validation failed; timings were recorded automatically for the partial-NPU bf16 experiment,logs/compiled/1col/compiled_bf16_M2048_N512_K1024_1compute_1device.log
compiled_bf16_M2048_N512_K2048_1compute_1device,xdna2,npu2,npu2_1col,2,compiled,compiled,allo,failed,failed,True,bf16,2048,512,2048,64,64,64,1,1,20,200,2,2,200,192,8,7386.0,7412.25,26.25,7346.625,7451.625,7402.86,7401.0,7361.0,7526.0,26.642830179994018,580.1767554701831,7398.723958333333,7400.0,7361.0,7442.0,16.930675099699872,580.5010864288957,22.961343083530664,Output validation failed; timings were recorded automatically for the partial-NPU bf16 experiment,logs/compiled/1col/compiled_bf16_M2048_N512_K2048_1compute_1device.log
compiled_bf16_M2048_N1024_K256_1compute_1device,xdna2,npu2,npu2_1col,2,compiled,compiled,allo,success,passed,False,bf16,2048,1024,256,64,64,64,1,1,20,200,2,2,200,192,8,5974.0,6009.25,35.25,5921.125,6062.125,5997.88,5996.0,5926.0,6388.0,49.775552231994375,179.02022447931603,5991.010416666667,5995.0,5926.0,6057.0,26.127091141056166,179.2254977579255,23.087687986902893,,logs/compiled/1col/compiled_bf16_M2048_N1024_K256_1compute_1device.log
compiled_bf16_M2048_N1024_K512_1compute_1device,xdna2,npu2,npu2_1col,2,compiled,compiled,allo,success,passed,False,bf16,2048,1024,512,64,64,64,1,1,20,200,2,2,200,138,62,7602.0,7656.0,54.0,7521.0,7737.0,7612.05,7617.0,7211.0,8006.0,152.61276978025134,282.1163350214463,7628.753623188406,7619.0,7542.0,7735.0,30.50678508377879,281.49862403112553,24.847111011855304,,logs/compiled/1col/compiled_bf16_M2048_N1024_K512_1compute_1device.log
compiled_bf16_M2048_N1024_K1024_1compute_1device,xdna2,npu2,npu2_1col,2,compiled,compiled,allo,failed,failed,True,bf16,2048,1024,1024,64,64,64,1,1,20,200,2,2,200,197,3,9830.5,10186.25,355.75,9296.875,10719.875,10075.21,10129.0,9710.0,11277.0,275.667074385027,426.2905980123491,10062.22842639594,10128.0,9710.0,10682.0,254.92278835841122,426.8405679136783,30.135115404613316,Output validation failed; timings were recorded automatically for the partial-NPU bf16 experiment,logs/compiled/1col/compiled_bf16_M2048_N1024_K1024_1compute_1device.log
compiled_bf16_M2048_N1024_K2048_1compute_1device,xdna2,npu2,npu2_1col,2,compiled,compiled,allo,failed,failed,True,bf16,2048,1024,2048,64,64,64,1,1,20,200,2,2,200,200,0,14904.0,15201.0,297.0,14458.5,15646.5,15071.635,15139.5,14752.0,15497.0,184.70038379765214,569.9404604742617,15071.635,15139.5,14752.0,15497.0,184.70038379765214,569.9404604742617,44.26862836442888,Output validation failed; timings were recorded automatically for the partial-NPU bf16 experiment,logs/compiled/1col/compiled_bf16_M2048_N1024_K2048_1compute_1device.log
compiled_bf16_M2048_N2048_K256_1compute_1device,xdna2,npu2,npu2_1col,2,compiled,compiled,allo,success,passed,False,bf16,2048,2048,256,64,64,64,1,1,20,200,2,2,200,200,0,11986.75,12320.25,333.5,11486.5,12820.5,12147.67,12079.5,11860.0,12554.0,185.08595597721617,176.78152666313787,12147.67,12079.5,11860.0,12554.0,185.08595597721617,176.78152666313787,51.51198486238718,,logs/compiled/1col/compiled_bf16_M2048_N2048_K256_1compute_1device.log
compiled_bf16_M2048_N2048_K512_1compute_1device,xdna2,npu2,npu2_1col,2,compiled,compiled,allo,success,passed,False,bf16,2048,2048,512,64,64,64,1,1,20,200,2,2,200,186,14,14921.25,15220.5,299.25,14472.375,15669.375,15063.64,15108.0,14380.0,15776.0,273.419824445851,285.1214776773741,15098.220430107527,15109.0,14506.0,15591.0,216.43444911891083,284.46844552854446,56.45978439413011,,logs/compiled/1col/compiled_bf16_M2048_N2048_K512_1compute_1device.log
compiled_bf16_M2048_N2048_K1024_1compute_1device,xdna2,npu2,npu2_1col,2,compiled,compiled,allo,failed,failed,True,bf16,2048,2048,1024,64,64,64,1,1,20,200,2,2,200,200,0,19839.75,20188.5,348.75,19316.625,20711.625,19990.54,19956.5,19381.0,20711.0,281.3101818278179,429.6999776894471,19990.54,19956.5,19381.0,20711.0,281.3101818278179,429.6999776894471,70.88662728853524,Output validation failed; timings were recorded automatically for the partial-NPU bf16 experiment,logs/compiled/1col/compiled_bf16_M2048_N2048_K1024_1compute_1device.log
compiled_bf16_M2048_N2048_K2048_1compute_1device,xdna2,npu2,npu2_1col,2,compiled,compiled,allo,failed,failed,True,bf16,2048,2048,2048,64,64,64,1,1,20,200,2,2,200,171,29,31322.5,31419.5,97.0,31177.0,31565.0,31340.58,31372.0,30692.0,31561.0,160.13913825170908,548.1669191827337,31395.637426900586,31384.0,31178.0,31561.0,76.2048455301108,547.2056181053947,114.82151447609067,Output validation failed; timings were recorded automatically for the partial-NPU bf16 experiment,logs/compiled/1col/compiled_bf16_M2048_N2048_K2048_1compute_1device.log
compiled-full-io_bf16_M256_N512_K256_1compute_8device,xdna2,npu2,npu2,2,compiled-full-io,compiled-full-io,allo,failed,failed,False,bf16,256,512,256,64,64,64,1,8,20,200,1,4,0,0,,,,,,,,,,,,,,,,,,,72.98928599152714,Allo worker failed; see the case log,logs/compiled-full-io/1col/compiled-full-io_bf16_M256_N512_K256_1compute_8device.log
compiled-full-io_bf16_M256_N512_K512_1compute_8device,xdna2,npu2,npu2,2,compiled-full-io,compiled-full-io,allo,failed,failed,False,bf16,256,512,512,64,64,64,1,8,20,200,1,4,0,0,,,,,,,,,,,,,,,,,,,73.71055127773434,Allo worker failed; see the case log,logs/compiled-full-io/1col/compiled-full-io_bf16_M256_N512_K512_1compute_8device.log
compiled-full-io_bf16_M256_N512_K1024_1compute_8device,xdna2,npu2,npu2,2,compiled-full-io,compiled-full-io,allo,failed,failed,False,bf16,256,512,1024,64,64,64,1,8,20,200,1,4,0,0,,,,,,,,,,,,,,,,,,,73.72474228776991,Allo worker failed; see the case log,logs/compiled-full-io/1col/compiled-full-io_bf16_M256_N512_K1024_1compute_8device.log
compiled-full-io_bf16_M256_N512_K2048_1compute_8device,xdna2,npu2,npu2,2,compiled-full-io,compiled-full-io,allo,failed,failed,False,bf16,256,512,2048,64,64,64,1,8,20,200,1,4,0,0,,,,,,,,,,,,,,,,,,,73.727719030343,Allo worker failed; see the case log,logs/compiled-full-io/1col/compiled-full-io_bf16_M256_N512_K2048_1compute_8device.log
compiled-full-io_bf16_M256_N1024_K256_1compute_8device,xdna2,npu2,npu2,2,compiled-full-io,compiled-full-io,allo,failed,failed,False,bf16,256,1024,256,64,64,64,1,8,20,200,1,4,0,0,,,,,,,,,,,,,,,,,,,73.73187158163637,Allo worker failed; see the case log,logs/compiled-full-io/1col/compiled-full-io_bf16_M256_N1024_K256_1compute_8device.log
compiled-full-io_bf16_M256_N1024_K512_1compute_8device,xdna2,npu2,npu2,2,compiled-full-io,compiled-full-io,allo,failed,failed,False,bf16,256,1024,512,64,64,64,1,8,20,200,1,4,0,0,,,,,,,,,,,,,,,,,,,73.70811608806252,Allo worker failed; see the case log,logs/compiled-full-io/1col/compiled-full-io_bf16_M256_N1024_K512_1compute_8device.log
compiled-full-io_bf16_M256_N1024_K1024_1compute_8device,xdna2,npu2,npu2,2,compiled-full-io,compiled-full-io,allo,failed,failed,False,bf16,256,1024,1024,64,64,64,1,8,20,200,1,4,0,0,,,,,,,,,,,,,,,,,,,73.74360181670636,Allo worker failed; see the case log,logs/compiled-full-io/1col/compiled-full-io_bf16_M256_N1024_K1024_1compute_8device.log
compiled-full-io_bf16_M256_N1024_K2048_1compute_8device,xdna2,npu2,npu2,2,compiled-full-io,compiled-full-io,allo,failed,failed,False,bf16,256,1024,2048,64,64,64,1,8,20,200,1,4,0,0,,,,,,,,,,,,,,,,,,,77.82659261580557,Allo worker failed; see the case log,logs/compiled-full-io/1col/compiled-full-io_bf16_M256_N1024_K2048_1compute_8device.log
compiled-full-io_bf16_M256_N2048_K256_1compute_8device,xdna2,npu2,npu2,2,compiled-full-io,compiled-full-io,allo,failed,failed,False,bf16,256,2048,256,64,64,64,1,8,20,200,1,4,0,0,,,,,,,,,,,,,,,,,,,77.80968821700662,Allo worker failed; see the case log,logs/compiled-full-io/1col/compiled-full-io_bf16_M256_N2048_K256_1compute_8device.log
compiled-full-io_bf16_M256_N2048_K512_1compute_8device,xdna2,npu2,npu2,2,compiled-full-io,compiled-full-io,allo,failed,failed,False,bf16,256,2048,512,64,64,64,1,8,20,200,1,4,0,0,,,,,,,,,,,,,,,,,,,77.8045579586178,Allo worker failed; see the case log,logs/compiled-full-io/1col/compiled-full-io_bf16_M256_N2048_K512_1compute_8device.log
compiled-full-io_bf16_M256_N2048_K1024_1compute_8device,xdna2,npu2,npu2,2,compiled-full-io,compiled-full-io,allo,failed,failed,False,bf16,256,2048,1024,64,64,64,1,8,20,200,1,4,0,0,,,,,,,,,,,,,,,,,,,77.85862873215228,Allo worker failed; see the case log,logs/compiled-full-io/1col/compiled-full-io_bf16_M256_N2048_K1024_1compute_8device.log
compiled-full-io_bf16_M256_N2048_K2048_1compute_8device,xdna2,npu2,npu2,2,compiled-full-io,compiled-full-io,allo,failed,failed,False,bf16,256,2048,2048,64,64,64,1,8,20,200,1,4,0,0,,,,,,,,,,,,,,,,,,,81.94053414277732,Allo worker failed; see the case log,logs/compiled-full-io/1col/compiled-full-io_bf16_M256_N2048_K2048_1compute_8device.log
compiled-full-io_bf16_M512_N512_K256_1compute_8device,xdna2,npu2,npu2,2,compiled-full-io,compiled-full-io,allo,failed,failed,False,bf16,512,512,256,64,64,64,1,8,20,200,1,4,0,0,,,,,,,,,,,,,,,,,,,73.67149640899152,Allo worker failed; see the case log,logs/compiled-full-io/1col/compiled-full-io_bf16_M512_N512_K256_1compute_8device.log
compiled-full-io_bf16_M512_N512_K512_1compute_8device,xdna2,npu2,npu2,2,compiled-full-io,compiled-full-io,allo,failed,failed,False,bf16,512,512,512,64,64,64,1,8,20,200,1,4,0,0,,,,,,,,,,,,,,,,,,,73.73161558806896,Allo worker failed; see the case log,logs/compiled-full-io/1col/compiled-full-io_bf16_M512_N512_K512_1compute_8device.log
compiled-full-io_bf16_M512_N512_K1024_1compute_8device,xdna2,npu2,npu2,2,compiled-full-io,compiled-full-io,allo,failed,failed,False,bf16,512,512,1024,64,64,64,1,8,20,200,1,4,0,0,,,,,,,,,,,,,,,,,,,73.74043820146471,Allo worker failed; see the case log,logs/compiled-full-io/1col/compiled-full-io_bf16_M512_N512_K1024_1compute_8device.log
compiled-full-io_bf16_M512_N512_K2048_1compute_8device,xdna2,npu2,npu2,2,compiled-full-io,compiled-full-io,allo,failed,failed,False,bf16,512,512,2048,64,64,64,1,8,20,200,1,4,0,0,,,,,,,,,,,,,,,,,,,77.8346579009667,Allo worker failed; see the case log,logs/compiled-full-io/1col/compiled-full-io_bf16_M512_N512_K2048_1compute_8device.log
compiled-full-io_bf16_M512_N1024_K256_1compute_8device,xdna2,npu2,npu2,2,compiled-full-io,compiled-full-io,allo,failed,failed,False,bf16,512,1024,256,64,64,64,1,8,20,200,1,4,0,0,,,,,,,,,,,,,,,,,,,77.79150335956365,Allo worker failed; see the case log,logs/compiled-full-io/1col/compiled-full-io_bf16_M512_N1024_K256_1compute_8device.log
compiled-full-io_bf16_M512_N1024_K512_1compute_8device,xdna2,npu2,npu2,2,compiled-full-io,compiled-full-io,allo,failed,failed,False,bf16,512,1024,512,64,64,64,1,8,20,200,1,4,0,0,,,,,,,,,,,,,,,,,,,77.83660339657217,Allo worker failed; see the case log,logs/compiled-full-io/1col/compiled-full-io_bf16_M512_N1024_K512_1compute_8device.log
compiled-full-io_bf16_M512_N1024_K1024_1compute_8device,xdna2,npu2,npu2,2,compiled-full-io,compiled-full-io,allo,failed,failed,False,bf16,512,1024,1024,64,64,64,1,8,20,200,1,4,0,0,,,,,,,,,,,,,,,,,,,77.85363142564893,Allo worker failed; see the case log,logs/compiled-full-io/1col/compiled-full-io_bf16_M512_N1024_K1024_1compute_8device.log
compiled-full-io_bf16_M512_N1024_K2048_1compute_8device,xdna2,npu2,npu2,2,compiled-full-io,compiled-full-io,allo,failed,failed,False,bf16,512,1024,2048,64,64,64,1,8,20,200,1,4,0,0,,,,,,,,,,,,,,,,,,,81.91022637020797,Allo worker failed; see the case log,logs/compiled-full-io/1col/compiled-full-io_bf16_M512_N1024_K2048_1compute_8device.log
compiled-full-io_bf16_M512_N2048_K256_1compute_8device,xdna2,npu2,npu2,2,compiled-full-io,compiled-full-io,allo,failed,failed,False,bf16,512,2048,256,64,64,64,1,8,20,200,1,4,0,0,,,,,,,,,,,,,,,,,,,85.98155411705375,Allo worker failed; see the case log,logs/compiled-full-io/1col/compiled-full-io_bf16_M512_N2048_K256_1compute_8device.log
compiled-full-io_bf16_M512_N2048_K512_1compute_8device,xdna2,npu2,npu2,2,compiled-full-io,compiled-full-io,allo,failed,failed,False,bf16,512,2048,512,64,64,64,1,8,20,200,1,4,0,0,,,,,,,,,,,,,,,,,,,86.03269225265831,Allo worker failed; see the case log,logs/compiled-full-io/1col/compiled-full-io_bf16_M512_N2048_K512_1compute_8device.log
compiled-full-io_bf16_M512_N2048_K1024_1compute_8device,xdna2,npu2,npu2,2,compiled-full-io,compiled-full-io,allo,failed,failed,False,bf16,512,2048,1024,64,64,64,1,8,20,200,1,4,0,0,,,,,,,,,,,,,,,,,,,90.12151196412742,Allo worker failed; see the case log,logs/compiled-full-io/1col/compiled-full-io_bf16_M512_N2048_K1024_1compute_8device.log
compiled-full-io_bf16_M512_N2048_K2048_1compute_8device,xdna2,npu2,npu2,2,compiled-full-io,compiled-full-io,allo,failed,failed,False,bf16,512,2048,2048,64,64,64,1,8,20,200,1,4,0,0,,,,,,,,,,,,,,,,,,,98.34927471913397,Allo worker failed; see the case log,logs/compiled-full-io/1col/compiled-full-io_bf16_M512_N2048_K2048_1compute_8device.log
compiled-full-io_bf16_M1024_N512_K256_1compute_8device,xdna2,npu2,npu2,2,compiled-full-io,compiled-full-io,allo,failed,failed,False,bf16,1024,512,256,64,64,64,1,8,20,200,1,4,0,0,,,,,,,,,,,,,,,,,,,77.7235979679972,Allo worker failed; see the case log,logs/compiled-full-io/1col/compiled-full-io_bf16_M1024_N512_K256_1compute_8device.log
compiled-full-io_bf16_M1024_N512_K512_1compute_8device,xdna2,npu2,npu2,2,compiled-full-io,compiled-full-io,allo,failed,failed,False,bf16,1024,512,512,64,64,64,1,8,20,200,1,4,0,0,,,,,,,,,,,,,,,,,,,77.82361203618348,Allo worker failed; see the case log,logs/compiled-full-io/1col/compiled-full-io_bf16_M1024_N512_K512_1compute_8device.log
compiled-full-io_bf16_M1024_N512_K1024_1compute_8device,xdna2,npu2,npu2,2,compiled-full-io,compiled-full-io,allo,failed,failed,False,bf16,1024,512,1024,64,64,64,1,8,20,200,1,4,0,0,,,,,,,,,,,,,,,,,,,77.84262855630368,Allo worker failed; see the case log,logs/compiled-full-io/1col/compiled-full-io_bf16_M1024_N512_K1024_1compute_8device.log
compiled-full-io_bf16_M1024_N512_K2048_1compute_8device,xdna2,npu2,npu2,2,compiled-full-io,compiled-full-io,allo,failed,failed,False,bf16,1024,512,2048,64,64,64,1,8,20,200,1,4,0,0,,,,,,,,,,,,,,,,,,,81.94490727037191,Allo worker failed; see the case log,logs/compiled-full-io/1col/compiled-full-io_bf16_M1024_N512_K2048_1compute_8device.log
compiled-full-io_bf16_M1024_N1024_K256_1compute_8device,xdna2,npu2,npu2,2,compiled-full-io,compiled-full-io,allo,failed,failed,False,bf16,1024,1024,256,64,64,64,1,8,20,200,1,4,0,0,,,,,,,,,,,,,,,,,,,85.97033781558275,Allo worker failed; see the case log,logs/compiled-full-io/1col/compiled-full-io_bf16_M1024_N1024_K256_1compute_8device.log
compiled-full-io_bf16_M1024_N1024_K512_1compute_8device,xdna2,npu2,npu2,2,compiled-full-io,compiled-full-io,allo,failed,failed,False,bf16,1024,1024,512,64,64,64,1,8,20,200,1,4,0,0,,,,,,,,,,,,,,,,,,,86.01607297826558,Allo worker failed; see the case log,logs/compiled-full-io/1col/compiled-full-io_bf16_M1024_N1024_K512_1compute_8device.log
compiled-full-io_bf16_M1024_N1024_K1024_1compute_8device,xdna2,npu2,npu2,2,compiled-full-io,compiled-full-io,allo,failed,failed,False,bf16,1024,1024,1024,64,64,64,1,8,20,200,1,4,0,0,,,,,,,,,,,,,,,,,,,90.14471355360001,Allo worker failed; see the case log,logs/compiled-full-io/1col/compiled-full-io_bf16_M1024_N1024_K1024_1compute_8device.log
compiled-full-io_bf16_M1024_N1024_K2048_1compute_8device,xdna2,npu2,npu2,2,compiled-full-io,compiled-full-io,allo,failed,failed,False,bf16,1024,1024,2048,64,64,64,1,8,20,200,1,4,0,0,,,,,,,,,,,,,,,,,,,98.34440990909934,Allo worker failed; see the case log,logs/compiled-full-io/1col/compiled-full-io_bf16_M1024_N1024_K2048_1compute_8device.log
compiled-full-io_bf16_M1024_N2048_K256_1compute_8device,xdna2,npu2,npu2,2,compiled-full-io,compiled-full-io,allo,failed,failed,False,bf16,1024,2048,256,64,64,64,1,8,20,200,1,4,0,0,,,,,,,,,,,,,,,,,,,118.7049693800509,Allo worker failed; see the case log,logs/compiled-full-io/1col/compiled-full-io_bf16_M1024_N2048_K256_1compute_8device.log
compiled-full-io_bf16_M1024_N2048_K512_1compute_8device,xdna2,npu2,npu2,2,compiled-full-io,compiled-full-io,allo,failed,failed,False,bf16,1024,2048,512,64,64,64,1,8,20,200,1,4,0,0,,,,,,,,,,,,,,,,,,,122.96855955198407,Allo worker failed; see the case log,logs/compiled-full-io/1col/compiled-full-io_bf16_M1024_N2048_K512_1compute_8device.log
compiled-full-io_bf16_M1024_N2048_K1024_1compute_8device,xdna2,npu2,npu2,2,compiled-full-io,compiled-full-io,allo,failed,failed,False,bf16,1024,2048,1024,64,64,64,1,8,20,200,1,4,0,0,,,,,,,,,,,,,,,,,,,131.0415318114683,Allo worker failed; see the case log,logs/compiled-full-io/1col/compiled-full-io_bf16_M1024_N2048_K1024_1compute_8device.log
compiled-full-io_bf16_M1024_N2048_K2048_1compute_8device,xdna2,npu2,npu2,2,compiled-full-io,compiled-full-io,allo,failed,failed,False,bf16,1024,2048,2048,64,64,64,1,8,20,200,1,4,0,0,,,,,,,,,,,,,,,,,,,147.5385935259983,Allo worker failed; see the case log,logs/compiled-full-io/1col/compiled-full-io_bf16_M1024_N2048_K2048_1compute_8device.log
compiled-full-io_bf16_M2048_N512_K256_1compute_8device,xdna2,npu2,npu2,2,compiled-full-io,compiled-full-io,allo,failed,failed,False,bf16,2048,512,256,64,64,64,1,8,20,200,1,4,0,0,,,,,,,,,,,,,,,,,,,85.86936921812594,Allo worker failed; see the case log,logs/compiled-full-io/1col/compiled-full-io_bf16_M2048_N512_K256_1compute_8device.log
compiled-full-io_bf16_M2048_N512_K512_1compute_8device,xdna2,npu2,npu2,2,compiled-full-io,compiled-full-io,allo,failed,failed,False,bf16,2048,512,512,64,64,64,1,8,20,200,1,4,0,0,,,,,,,,,,,,,,,,,,,85.99587972089648,Allo worker failed; see the case log,logs/compiled-full-io/1col/compiled-full-io_bf16_M2048_N512_K512_1compute_8device.log
compiled-full-io_bf16_M2048_N512_K1024_1compute_8device,xdna2,npu2,npu2,2,compiled-full-io,compiled-full-io,allo,failed,failed,False,bf16,2048,512,1024,64,64,64,1,8,20,200,1,4,0,0,,,,,,,,,,,,,,,,,,,90.14058231376112,Allo worker failed; see the case log,logs/compiled-full-io/1col/compiled-full-io_bf16_M2048_N512_K1024_1compute_8device.log
compiled-full-io_bf16_M2048_N512_K2048_1compute_8device,xdna2,npu2,npu2,2,compiled-full-io,compiled-full-io,allo,failed,failed,False,bf16,2048,512,2048,64,64,64,1,8,20,200,1,4,0,0,,,,,,,,,,,,,,,,,,,98.33705142233521,Allo worker failed; see the case log,logs/compiled-full-io/1col/compiled-full-io_bf16_M2048_N512_K2048_1compute_8device.log
compiled-full-io_bf16_M2048_N1024_K256_1compute_8device,xdna2,npu2,npu2,2,compiled-full-io,compiled-full-io,allo,failed,failed,False,bf16,2048,1024,256,64,64,64,1,8,20,200,1,4,0,0,,,,,,,,,,,,,,,,,,,118.73213528189808,Allo worker failed; see the case log,logs/compiled-full-io/1col/compiled-full-io_bf16_M2048_N1024_K256_1compute_8device.log
compiled-full-io_bf16_M2048_N1024_K512_1compute_8device,xdna2,npu2,npu2,2,compiled-full-io,compiled-full-io,allo,failed,failed,False,bf16,2048,1024,512,64,64,64,1,8,20,200,1,4,0,0,,,,,,,,,,,,,,,,,,,122.90252640936524,Allo worker failed; see the case log,logs/compiled-full-io/1col/compiled-full-io_bf16_M2048_N1024_K512_1compute_8device.log
compiled-full-io_bf16_M2048_N1024_K1024_1compute_8device,xdna2,npu2,npu2,2,compiled-full-io,compiled-full-io,allo,failed,failed,False,bf16,2048,1024,1024,64,64,64,1,8,20,200,1,4,0,0,,,,,,,,,,,,,,,,,,,131.10044989176095,Allo worker failed; see the case log,logs/compiled-full-io/1col/compiled-full-io_bf16_M2048_N1024_K1024_1compute_8device.log
compiled-full-io_bf16_M2048_N1024_K2048_1compute_8device,xdna2,npu2,npu2,2,compiled-full-io,compiled-full-io,allo,failed,failed,False,bf16,2048,1024,2048,64,64,64,1,8,20,200,1,4,0,0,,,,,,,,,,,,,,,,,,,147.56851319223642,Allo worker failed; see the case log,logs/compiled-full-io/1col/compiled-full-io_bf16_M2048_N1024_K2048_1compute_8device.log
compiled-full-io_bf16_M2048_N2048_K256_1compute_8device,xdna2,npu2,npu2,2,compiled-full-io,compiled-full-io,allo,failed,failed,False,bf16,2048,2048,256,64,64,64,1,8,20,200,1,4,0,0,,,,,,,,,,,,,,,,,,,245.6058459021151,Allo worker failed; see the case log,logs/compiled-full-io/1col/compiled-full-io_bf16_M2048_N2048_K256_1compute_8device.log
compiled-full-io_bf16_M2048_N2048_K512_1compute_8device,xdna2,npu2,npu2,2,compiled-full-io,compiled-full-io,allo,failed,failed,False,bf16,2048,2048,512,64,64,64,1,8,20,200,1,4,0,0,,,,,,,,,,,,,,,,,,,249.9037774670869,Allo worker failed; see the case log,logs/compiled-full-io/1col/compiled-full-io_bf16_M2048_N2048_K512_1compute_8device.log
compiled-full-io_bf16_M2048_N2048_K1024_1compute_8device,xdna2,npu2,npu2,2,compiled-full-io,compiled-full-io,allo,failed,failed,False,bf16,2048,2048,1024,64,64,64,1,8,20,200,1,4,0,0,,,,,,,,,,,,,,,,,,,266.33828252274543,Allo worker failed; see the case log,logs/compiled-full-io/1col/compiled-full-io_bf16_M2048_N2048_K1024_1compute_8device.log
compiled-full-io_bf16_M2048_N2048_K2048_1compute_8device,xdna2,npu2,npu2,2,compiled-full-io,compiled-full-io,allo,failed,failed,False,bf16,2048,2048,2048,64,64,64,1,8,20,200,1,4,0,0,,,,,,,,,,,,,,,,,,,319.6809512078762,Allo worker failed; see the case log,logs/compiled-full-io/1col/compiled-full-io_bf16_M2048_N2048_K2048_1compute_8device.log
manual_bf16_M256_N512_K256_2compute_2device,xdna2,npu2,npu2,2,manual,manual,mlir-aie,success,passed,False,bf16,256,512,256,64,64,64,2,2,20,200,2,4,200,151,49,229.0,233.0,4.0,223.0,239.0,247.175,231.0,220.0,422.0,47.818765929287636,271.50344492768284,230.5562913907285,231.0,223.0,237.0,2.4020845295860997,291.07366186017117,3.270516044460237,,logs/manual/2col/manual_bf16_M256_N512_K256_2compute_2device.log
manual_bf16_M256_N512_K512_2compute_2device,xdna2,npu2,npu2,2,manual,manual,mlir-aie,success,passed,False,bf16,256,512,512,64,64,64,2,2,20,200,2,4,200,151,49,270.0,272.0,2.0,267.0,275.0,288.9,271.0,261.0,450.0,43.498735613808364,464.5819591554171,270.36423841059604,270.0,267.0,275.0,1.1875928333660382,496.4329927250459,3.5356169305741787,,logs/manual/2col/manual_bf16_M256_N512_K512_2compute_2device.log
manual_bf16_M256_N512_K1024_2compute_2device,xdna2,npu2,npu2,2,manual,manual,mlir-aie,success,passed,False,bf16,256,512,1024,64,64,64,2,2,20,200,2,4,200,176,24,349.0,379.0,30.0,304.0,424.0,376.375,350.0,340.0,551.0,54.621006719027065,713.2127691796745,357.77840909090907,349.0,340.0,424.0,19.212678986352856,750.2841121186616,4.04909626301378,,logs/manual/2col/manual_bf16_M256_N512_K1024_2compute_2device.log
manual_bf16_M256_N512_K2048_2compute_2device,xdna2,npu2,npu2,2,manual,manual,mlir-aie,success,passed,False,bf16,256,512,2048,64,64,64,2,2,20,200,2,4,200,183,17,514.0,517.0,3.0,509.5,521.5,515.665,516.0,505.0,537.0,3.463058619197775,1041.1234270311152,515.9344262295082,516.0,510.0,521.0,1.7790725077206138,1040.5797417386884,5.164638188667595,,logs/manual/2col/manual_bf16_M256_N512_K2048_2compute_2device.log
manual_bf16_M256_N1024_K256_2compute_2device,xdna2,npu2,npu2,2,manual,manual,mlir-aie,success,passed,False,bf16,256,1024,256,64,64,64,2,2,20,200,2,4,200,200,0,417.75,519.0,101.25,265.875,670.875,473.78,468.0,406.0,597.0,44.020240798977916,283.29124910295917,473.78,468.0,406.0,597.0,44.020240798977916,283.29124910295917,3.513428620994091,,logs/manual/2col/manual_bf16_M256_N1024_K256_2compute_2device.log
manual_bf16_M256_N1024_K512_2compute_2device,xdna2,npu2,npu2,2,manual,manual,mlir-aie,success,passed,False,bf16,256,1024,512,64,64,64,2,2,20,200,2,4,200,132,68,491.0,494.0,3.0,486.5,498.5,494.8,493.0,479.0,673.0,16.05584005899411,542.5130476960388,493.0681818181818,493.0,488.0,497.0,1.5235185641885027,544.4185325651072,4.0656170807778835,,logs/manual/2col/manual_bf16_M256_N1024_K512_2compute_2device.log
manual_bf16_M256_N1024_K1024_2compute_2device,xdna2,npu2,npu2,2,manual,manual,mlir-aie,success,passed,False,bf16,256,1024,1024,64,64,64,2,2,20,200,2,4,200,153,47,652.0,653.0,1.0,650.5,654.5,652.805,653.0,639.0,698.0,5.992242902286255,822.4062499521297,652.7058823529412,653.0,651.0,654.0,0.7993653768878238,822.5311377072819,5.172040451318026,,logs/manual/2col/manual_bf16_M256_N1024_K1024_2compute_2device.log
manual_bf16_M256_N1024_K2048_2compute_2device,xdna2,npu2,npu2,2,manual,manual,mlir-aie,success,passed,False,bf16,256,1024,2048,64,64,64,2,2,20,200,2,4,200,200,0,1057.0,1070.0,13.0,1037.5,1089.5,1063.61,1064.0,1043.0,1088.0,8.405825361021963,1009.5258826073467,1063.61,1064.0,1043.0,1088.0,8.405825361021963,1009.5258826073467,7.19840966258198,,logs/manual/2col/manual_bf16_M256_N1024_K2048_2compute_2device.log
manual_bf16_M256_N2048_K256_2compute_2device,xdna2,npu2,npu2,2,manual,manual,mlir-aie,success,passed,False,bf16,256,2048,256,64,64,64,2,2,20,200,2,4,200,190,10,782.0,859.75,77.75,665.375,976.375,838.015,810.0,770.0,1096.0,69.22546334261693,320.32297273915145,828.7052631578947,809.0,770.0,976.0,57.009578822881394,323.9215049474767,4.197693254798651,,logs/manual/2col/manual_bf16_M256_N2048_K256_2compute_2device.log
manual_bf16_M256_N2048_K512_2compute_2device,xdna2,npu2,npu2,2,manual,manual,mlir-aie,success,passed,False,bf16,256,2048,512,64,64,64,2,2,20,200,2,4,200,158,42,935.0,936.0,1.0,933.5,937.5,936.58,936.0,928.0,981.0,5.723949685313455,573.2248307672596,935.5,935.0,934.0,937.0,0.8324890237616015,573.8865975414217,5.162365969270468,,logs/manual/2col/manual_bf16_M256_N2048_K512_2compute_2device.log
manual_bf16_M256_N2048_K1024_2compute_2device,xdna2,npu2,npu2,2,manual,manual,mlir-aie,success,passed,False,bf16,256,2048,1024,64,64,64,2,2,20,200,2,4,200,192,8,1428.0,1453.0,25.0,1390.5,1490.5,1441.26,1431.0,1415.0,1548.0,22.98221921399237,745.00216754784,1437.4739583333333,1430.0,1415.0,1479.0,13.59493429547432,746.9643660501097,7.200361151248217,,logs/manual/2col/manual_bf16_M256_N2048_K1024_2compute_2device.log
manual_bf16_M256_N2048_K2048_2compute_2device,xdna2,npu2,npu2,2,manual,manual,mlir-aie,success,passed,False,bf16,256,2048,2048,64,64,64,2,2,20,200,2,4,200,192,8,2436.0,2457.0,21.0,2404.5,2488.5,2448.39,2442.0,2421.0,2500.0,18.43957429009683,877.1003181682656,2446.5052083333335,2442.0,2421.0,2488.0,16.27753993103986,877.7760377068479,11.613742687739432,,logs/manual/2col/manual_bf16_M256_N2048_K2048_2compute_2device.log
manual_bf16_M512_N512_K256_2compute_2device,xdna2,npu2,npu2,2,manual,manual,mlir-aie,success,passed,False,bf16,512,512,256,64,64,64,2,2,20,200,2,4,200,193,7,412.0,469.0,57.0,326.5,554.5,451.19,416.0,403.0,594.0,48.44867284044012,297.4749617677697,446.3056994818653,415.0,403.0,529.0,41.818071541048845,300.73048172097936,3.5234509333968163,,logs/manual/2col/manual_bf16_M512_N512_K256_2compute_2device.log
manual_bf16_M512_N512_K512_2compute_2device,xdna2,npu2,npu2,2,manual,manual,mlir-aie,success,passed,False,bf16,512,512,512,64,64,64,2,2,20,200,2,4,200,179,21,491.0,493.0,2.0,488.0,496.0,492.94,492.0,483.0,544.0,5.865696889543475,544.5601006207652,492.0558659217877,492.0,488.0,496.0,1.3730066114944206,545.5385751720066,3.9941120529547334,,logs/manual/2col/manual_bf16_M512_N512_K512_2compute_2device.log
manual_bf16_M512_N512_K1024_2compute_2device,xdna2,npu2,npu2,2,manual,manual,mlir-aie,success,passed,False,bf16,512,512,1024,64,64,64,2,2,20,200,2,4,200,151,49,644.0,645.0,1.0,642.5,646.5,656.85,644.0,636.0,834.0,36.80322676070673,817.3417248991399,644.1986754966888,644.0,643.0,646.0,0.8380035210666585,833.393380677262,5.083420427516103,,logs/manual/2col/manual_bf16_M512_N512_K1024_2compute_2device.log
manual_bf16_M512_N512_K2048_2compute_2device,xdna2,npu2,npu2,2,manual,manual,mlir-aie,success,passed,False,bf16,512,512,2048,64,64,64,2,2,20,200,2,4,200,190,10,965.0,969.0,4.0,959.0,975.0,967.02,967.0,956.0,997.0,4.205900616990373,1110.361547848028,967.1631578947369,967.0,960.0,974.0,2.737596049997879,1110.1971939638988,7.262573746033013,,logs/manual/2col/manual_bf16_M512_N512_K2048_2compute_2device.log
manual_bf16_M512_N1024_K256_2compute_2device,xdna2,npu2,npu2,2,manual,manual,mlir-aie,success,passed,False,bf16,512,1024,256,64,64,64,2,2,20,200,2,4,200,192,8,775.0,863.0,88.0,643.0,995.0,832.33,777.5,767.0,1021.0,78.38540106422879,322.51085026371754,824.8072916666666,777.0,767.0,995.0,70.59375672464431,325.45233136528105,4.149099763482809,,logs/manual/2col/manual_bf16_M512_N1024_K256_2compute_2device.log
manual_bf16_M512_N1024_K512_2compute_2device,xdna2,npu2,npu2,2,manual,manual,mlir-aie,success,passed,False,bf16,512,1024,512,64,64,64,2,2,20,200,2,4,200,193,7,936.0,991.0,55.0,853.5,1073.5,981.245,989.0,925.0,1175.0,43.82048579146516,547.1323797828269,975.7305699481865,989.0,925.0,1065.0,32.598832557794424,550.2245481849657,5.128994800150394,,logs/manual/2col/manual_bf16_M512_N1024_K512_2compute_2device.log
manual_bf16_M512_N1024_K1024_2compute_2device,xdna2,npu2,npu2,2,manual,manual,mlir-aie,success,passed,False,bf16,512,1024,1024,64,64,64,2,2,20,200,2,4,200,169,31,1247.0,1254.0,7.0,1236.5,1264.5,1257.605,1249.0,1240.0,1433.0,24.286188976453264,853.7989464100413,1249.224852071006,1248.0,1240.0,1264.0,3.7852529335589216,859.5264673288525,7.334693111479282,,logs/manual/2col/manual_bf16_M512_N1024_K1024_2compute_2device.log
manual_bf16_M512_N1024_K2048_2compute_2device,xdna2,npu2,npu2,2,manual,manual,mlir-aie,success,passed,False,bf16,512,1024,2048,64,64,64,2,2,20,200,2,4,200,144,56,2035.75,2048.0,12.25,2017.375,2066.375,2037.525,2043.0,1990.0,2114.0,23.018457268027326,1053.96677243224,2044.2916666666667,2044.0,2025.0,2066.0,6.337580812546342,1050.478110837087,11.612916614860296,,logs/manual/2col/manual_bf16_M512_N1024_K2048_2compute_2device.log
manual_bf16_M512_N2048_K256_2compute_2device,xdna2,npu2,npu2,2,manual,manual,mlir-aie,success,passed,False,bf16,512,2048,256,64,64,64,2,2,20,200,2,4,200,200,0,1690.5,1928.25,237.75,1333.875,2284.875,1830.22,1919.5,1512.0,2110.0,167.07597553209138,293.33681852454896,1830.22,1919.5,1512.0,2110.0,167.07597553209138,293.33681852454896,5.368249678052962,,logs/manual/2col/manual_bf16_M512_N2048_K256_2compute_2device.log
manual_bf16_M512_N2048_K512_2compute_2device,xdna2,npu2,npu2,2,manual,manual,mlir-aie,success,passed,False,bf16,512,2048,512,64,64,64,2,2,20,200,2,4,200,175,25,1836.75,1844.0,7.25,1825.875,1854.875,1842.87,1843.0,1822.0,1886.0,11.68559369480216,582.6465371947018,1839.5657142857142,1842.0,1827.0,1854.0,6.573102892291666,583.6931052049553,7.458466140553355,,logs/manual/2col/manual_bf16_M512_N2048_K512_2compute_2device.log
manual_bf16_M512_N2048_K1024_2compute_2device,xdna2,npu2,npu2,2,manual,manual,mlir-aie,success,passed,False,bf16,512,2048,1024,64,64,64,2,2,20,200,2,4,200,192,8,2808.0,2820.0,12.0,2790.0,2838.0,2814.955,2814.0,2794.0,2876.0,11.287292633754118,762.8838286935315,2813.421875,2813.0,2794.0,2838.0,8.236993574784533,763.2995488812,12.198283122852445,,logs/manual/2col/manual_bf16_M512_N2048_K1024_2compute_2device.log
manual_bf16_M512_N2048_K2048_2compute_2device,xdna2,npu2,npu2,2,manual,manual,mlir-aie,success,passed,False,bf16,512,2048,2048,64,64,64,2,2,20,200,2,4,200,198,2,4095.0,4126.0,31.0,4048.5,4172.5,4112.235,4114.0,4068.0,4268.0,22.244769609955505,1044.4362484147916,4111.075757575758,4113.5,4068.0,4170.0,18.667189337428717,1044.7307588738477,4.3003408424556255,,logs/manual/2col/manual_bf16_M512_N2048_K2048_2compute_2device.log
manual_bf16_M1024_N512_K256_2compute_2device,xdna2,npu2,npu2,2,manual,manual,mlir-aie,success,passed,False,bf16,1024,512,256,64,64,64,2,2,20,200,2,4,200,176,24,774.75,829.0,54.25,693.375,910.375,809.955,775.0,767.0,1010.0,62.20958909203629,331.42020976474004,789.3465909090909,775.0,767.0,872.0,26.96060446139058,340.072990865575,4.176870656199753,,logs/manual/2col/manual_bf16_M1024_N512_K256_2compute_2device.log
manual_bf16_M1024_N512_K512_2compute_2device,xdna2,npu2,npu2,2,manual,manual,mlir-aie,success,passed,False,bf16,1024,512,512,64,64,64,2,2,20,200,2,4,200,179,21,934.75,993.0,58.25,847.375,1080.375,980.26,977.5,925.0,1172.0,59.01840729806253,547.6821577948707,963.4078212290502,940.0,925.0,1079.0,33.01525202391582,557.2623557436938,5.152222445234656,,logs/manual/2col/manual_bf16_M1024_N512_K512_2compute_2device.log
manual_bf16_M1024_N512_K1024_2compute_2device,xdna2,npu2,npu2,2,manual,manual,mlir-aie,success,passed,False,bf16,1024,512,1024,64,64,64,2,2,20,200,2,4,200,172,28,1248.0,1254.0,6.0,1239.0,1263.0,1264.1,1249.5,1240.0,1433.0,41.97677929522464,849.4120908156,1249.2732558139535,1249.0,1240.0,1261.0,4.0044720471517445,859.493164528214,7.2488004975020885,,logs/manual/2col/manual_bf16_M1024_N512_K1024_2compute_2device.log
manual_bf16_M1024_N512_K2048_2compute_2device,xdna2,npu2,npu2,2,manual,manual,mlir-aie,success,passed,False,bf16,1024,512,2048,64,64,64,2,2,20,200,2,4,200,168,32,1903.0,1910.0,7.0,1892.5,1920.5,1910.57,1906.0,1895.0,1983.0,14.462886987043769,1124.0015534631027,1904.9761904761904,1905.0,1895.0,1920.0,4.2481822176308555,1127.3020937144572,11.539740960113704,,logs/manual/2col/manual_bf16_M1024_N512_K2048_2compute_2device.log
manual_bf16_M1024_N1024_K256_2compute_2device,xdna2,npu2,npu2,2,manual,manual,mlir-aie,success,passed,False,bf16,1024,1024,256,64,64,64,2,2,20,200,2,4,200,190,10,1548.0,1587.25,39.25,1489.125,1646.125,1573.39,1553.0,1518.0,1967.0,53.43264825928058,341.2192221890313,1563.8368421052633,1552.0,1518.0,1640.0,26.147148592177025,343.3036602956965,5.329034931957722,,logs/manual/2col/manual_bf16_M1024_N1024_K256_2compute_2device.log
manual_bf16_M1024_N1024_K512_2compute_2device,xdna2,npu2,npu2,2,manual,manual,mlir-aie,success,passed,False,bf16,1024,1024,512,64,64,64,2,2,20,200,2,4,200,193,7,1827.0,1881.25,54.25,1745.625,1962.625,1856.62,1830.0,1819.0,2062.0,42.017087000409724,578.3314970214691,1851.7461139896373,1830.0,1819.0,1951.0,33.440269198526316,579.8536937045835,7.462682689540088,,logs/manual/2col/manual_bf16_M1024_N1024_K512_2compute_2device.log
manual_bf16_M1024_N1024_K1024_2compute_2device,xdna2,npu2,npu2,2,manual,manual,mlir-aie,success,passed,False,bf16,1024,1024,1024,64,64,64,2,2,20,200,2,4,200,192,8,2467.0,2500.0,33.0,2417.5,2549.5,2489.385,2491.0,2448.0,2624.0,26.286817513727293,862.6562978406313,2486.3333333333335,2490.0,2448.0,2549.0,21.535419790557963,863.7151017562676,11.946405212394893,,logs/manual/2col/manual_bf16_M1024_N1024_K1024_2compute_2device.log
manual_bf16_M1024_N1024_K2048_2compute_2device,xdna2,npu2,npu2,2,manual,manual,mlir-aie,success,passed,False,bf16,1024,1024,2048,64,64,64,2,2,20,200,2,4,200,183,17,3930.0,3943.0,13.0,3910.5,3962.5,3941.835,3936.0,3914.0,4419.0,38.23150239004478,1089.585762975873,3935.7868852459014,3935.0,3914.0,3960.0,9.354198532692006,1091.2601269394336,5.12337187025696,,logs/manual/2col/manual_bf16_M1024_N1024_K2048_2compute_2device.log
manual_bf16_M1024_N2048_K256_2compute_2device,xdna2,npu2,npu2,2,manual,manual,mlir-aie,success,passed,False,bf16,1024,2048,256,64,64,64,2,2,20,200,2,4,200,181,19,3014.0,3052.25,38.25,2956.625,3109.625,3056.51,3018.0,2993.0,3516.0,101.64556015881854,351.29668281798524,3028.049723756906,3017.0,2993.0,3101.0,26.11497659746454,354.5984782138276,7.671649510972202,,logs/manual/2col/manual_bf16_M1024_N2048_K256_2compute_2device.log
manual_bf16_M1024_N2048_K512_2compute_2device,xdna2,npu2,npu2,2,manual,manual,mlir-aie,success,passed,False,bf16,1024,2048,512,64,64,64,2,2,20,200,2,4,200,195,5,3653.0,3669.0,16.0,3629.0,3693.0,3662.295,3665.0,3631.0,3784.0,18.054583213134553,586.3764792295541,3660.2923076923075,3665.0,3631.0,3689.0,12.029096873732174,586.6973092523086,12.605885606259108,,logs/manual/2col/manual_bf16_M1024_N2048_K512_2compute_2device.log
manual_bf16_M1024_N2048_K1024_2compute_2device,xdna2,npu2,npu2,2,manual,manual,mlir-aie,success,passed,False,bf16,1024,2048,1024,64,64,64,2,2,20,200,2,4,200,200,0,4926.75,5308.0,381.25,4354.875,5879.875,5133.035,4974.0,4908.0,5845.0,231.41441998069178,836.7305689518969,5133.035,4974.0,4908.0,5845.0,231.41441998069178,836.7305689518969,4.406576753593981,,logs/manual/2col/manual_bf16_M1024_N2048_K1024_2compute_2device.log
manual_bf16_M1024_N2048_K2048_2compute_2device,xdna2,npu2,npu2,2,manual,manual,mlir-aie,success,passed,False,bf16,1024,2048,2048,64,64,64,2,2,20,200,2,4,200,186,14,8239.0,8306.5,67.5,8137.75,8407.75,8285.325,8265.0,8131.0,8689.0,89.18620619243762,1036.7649539396461,8265.924731182795,8262.0,8138.0,8364.0,42.85364855902249,1039.1982592818556,5.388419667258859,,logs/manual/2col/manual_bf16_M1024_N2048_K2048_2compute_2device.log
manual_bf16_M2048_N512_K256_2compute_2device,xdna2,npu2,npu2,2,manual,manual,mlir-aie,success,passed,False,bf16,2048,512,256,64,64,64,2,2,20,200,2,4,200,197,3,1511.0,1552.0,41.0,1449.5,1613.5,1531.225,1514.0,1504.0,1673.0,27.900436824537355,350.61529951509414,1529.4060913705584,1514.0,1504.0,1606.0,23.78920890566001,351.0322830732875,5.605152310803533,,logs/manual/2col/manual_bf16_M2048_N512_K256_2compute_2device.log
manual_bf16_M2048_N512_K512_2compute_2device,xdna2,npu2,npu2,2,manual,manual,mlir-aie,success,passed,False,bf16,2048,512,512,64,64,64,2,2,20,200,2,4,200,189,11,1827.0,1867.0,40.0,1767.0,1927.0,1852.0,1828.0,1820.0,2230.0,55.69254887325593,579.7742030237581,1842.2751322751324,1828.0,1820.0,1927.0,24.961313254194735,582.8346728395416,7.509181939996779,,logs/manual/2col/manual_bf16_M2048_N512_K512_2compute_2device.log
manual_bf16_M2048_N512_K1024_2compute_2device,xdna2,npu2,npu2,2,manual,manual,mlir-aie,success,passed,False,bf16,2048,512,1024,64,64,64,2,2,20,200,2,4,200,195,5,2463.75,2496.5,32.75,2414.625,2545.625,2480.13,2471.0,2445.0,2561.0,24.270210135060637,865.8754371746643,2478.271794871795,2471.0,2445.0,2543.0,21.562383540738775,866.5246695070799,11.716237380169332,,logs/manual/2col/manual_bf16_M2048_N512_K1024_2compute_2device.log
manual_bf16_M2048_N512_K2048_2compute_2device,xdna2,npu2,npu2,2,manual,manual,mlir-aie,success,passed,False,bf16,2048,512,2048,64,64,64,2,2,20,200,2,4,200,189,11,3794.0,3803.0,9.0,3780.5,3816.5,3798.47,3798.0,3768.0,3840.0,8.873505507971469,1130.709811055504,3798.291005291005,3798.0,3781.0,3816.0,6.67895482944215,1130.763095828394,4.387306001037359,,logs/manual/2col/manual_bf16_M2048_N512_K2048_2compute_2device.log
manual_bf16_M2048_N1024_K256_2compute_2device,xdna2,npu2,npu2,2,manual,manual,mlir-aie,success,passed,False,bf16,2048,1024,256,64,64,64,2,2,20,200,2,4,200,195,5,2997.0,3246.75,249.75,2622.375,3621.375,3132.015,3013.0,2980.0,4010.0,210.811325063432,342.82780382597144,3112.876923076923,3010.0,2980.0,3581.0,174.6852854554015,344.9355212343763,7.8725574146956205,,logs/manual/2col/manual_bf16_M2048_N1024_K256_2compute_2device.log
manual_bf16_M2048_N1024_K512_2compute_2device,xdna2,npu2,npu2,2,manual,manual,mlir-aie,success,passed,False,bf16,2048,1024,512,64,64,64,2,2,20,200,2,4,200,189,11,3626.0,3653.25,27.25,3585.125,3694.125,3644.37,3636.0,3612.0,3791.0,29.551532955161566,589.2605986768632,3638.7830687830688,3635.0,3612.0,3692.0,17.42012851143921,590.1653402817967,12.086561817675829,,logs/manual/2col/manual_bf16_M2048_N1024_K512_2compute_2device.log
manual_bf16_M2048_N1024_K1024_2compute_2device,xdna2,npu2,npu2,2,manual,manual,mlir-aie,success,passed,False,bf16,2048,1024,1024,64,64,64,2,2,20,200,2,4,200,152,48,4915.75,4924.0,8.25,4903.375,4936.375,4920.65,4919.0,4875.0,4988.0,16.322300695674002,872.8455175637365,4918.703947368421,4918.0,4904.0,4936.0,5.490229138863871,873.190853110375,4.536337796598673,,logs/manual/2col/manual_bf16_M2048_N1024_K1024_2compute_2device.log
manual_bf16_M2048_N1024_K2048_2compute_2device,xdna2,npu2,npu2,2,manual,manual,mlir-aie,success,passed,False,bf16,2048,1024,2048,64,64,64,2,2,20,200,2,4,200,195,5,7687.75,7708.0,20.25,7657.375,7738.375,7699.9,7697.0,7657.0,7859.0,22.61459705588406,1115.590409226094,7697.74358974359,7697.0,7660.0,7732.0,14.017421301161415,1115.9029255592714,5.446420696564019,,logs/manual/2col/manual_bf16_M2048_N1024_K2048_2compute_2device.log
manual_bf16_M2048_N2048_K256_2compute_2device,xdna2,npu2,npu2,2,manual,manual,mlir-aie,success,passed,False,bf16,2048,2048,256,64,64,64,2,2,20,200,2,4,200,185,15,5972.0,6000.0,28.0,5930.0,6042.0,5989.765,5978.0,5942.0,6105.0,29.450972394812364,358.5255261266511,5983.794594594595,5977.0,5942.0,6040.0,20.800233184061234,358.8832494250236,12.590043919160962,,logs/manual/2col/manual_bf16_M2048_N2048_K256_2compute_2device.log
manual_bf16_M2048_N2048_K512_2compute_2device,xdna2,npu2,npu2,2,manual,manual,mlir-aie,success,passed,False,bf16,2048,2048,512,64,64,64,2,2,20,200,2,4,200,165,35,7249.75,7292.5,42.75,7185.625,7356.625,7308.115,7260.0,7230.0,7812.0,125.0689480846465,587.6983731098923,7261.248484848485,7259.0,7230.0,7356.0,25.98913667240686,591.4915740677369,5.419371899217367,,logs/manual/2col/manual_bf16_M2048_N2048_K512_2compute_2device.log
manual_bf16_M2048_N2048_K1024_2compute_2device,xdna2,npu2,npu2,2,manual,manual,mlir-aie,success,passed,False,bf16,2048,2048,1024,64,64,64,2,2,20,200,2,4,200,179,21,9768.5,9934.25,165.75,9519.875,10182.875,9892.67,9848.0,9709.0,10340.0,159.6781171607431,868.31306330849,9851.916201117318,9841.0,9709.0,10179.0,111.22180122229965,871.9049590602287,6.624686188064516,,logs/manual/2col/manual_bf16_M2048_N2048_K1024_2compute_2device.log
manual_bf16_M2048_N2048_K2048_2compute_2device,xdna2,npu2,npu2,2,manual,manual,mlir-aie,success,passed,False,bf16,2048,2048,2048,64,64,64,2,2,20,200,2,4,200,166,34,16437.0,16586.25,149.25,16213.125,16810.125,16491.51,16513.0,16094.0,17281.0,190.9470604644125,1041.7402156624835,16539.578313253012,16520.0,16217.0,16800.0,124.99374639604471,1038.7126478450741,9.58645540382713,,logs/manual/2col/manual_bf16_M2048_N2048_K2048_2compute_2device.log
compiled_bf16_M256_N512_K256_2compute_2device,xdna2,npu2,npu2_2col,2,compiled,compiled,allo,success,passed,False,bf16,256,512,256,64,64,64,2,2,20,200,2,4,200,131,69,277.0,280.0,3.0,272.5,284.5,278.845,278.0,215.0,451.0,38.26814569586564,240.66726676110383,278.5267175572519,278.0,273.0,282.0,1.3326678991355647,240.9422858552361,10.601186627522111,,logs/compiled/2col/compiled_bf16_M256_N512_K256_2compute_2device.log
compiled_bf16_M256_N512_K512_2compute_2device,xdna2,npu2,npu2_2col,2,compiled,compiled,allo,success,passed,False,bf16,256,512,512,64,64,64,2,2,20,200,2,4,200,187,13,298.75,337.0,38.25,241.375,394.375,331.675,331.0,262.0,518.0,54.03220683074124,404.66639933670007,320.6898395721925,331.0,262.0,393.0,34.75152523834566,418.5281584818823,10.708786522969604,,logs/compiled/2col/compiled_bf16_M256_N512_K512_2compute_2device.log
compiled_bf16_M256_N512_K1024_2compute_2device,xdna2,npu2,npu2_2col,2,compiled,compiled,allo,failed,failed,True,bf16,256,512,1024,64,64,64,2,2,20,200,2,4,200,196,4,349.0,440.0,91.0,212.5,576.5,411.9,437.5,337.0,610.0,60.691844592169055,651.7005486768633,408.09183673469386,437.0,337.0,539.0,55.06741447937003,657.7819790463332,11.247597977519035,Output validation failed; timings were recorded automatically for the partial-NPU bf16 experiment,logs/compiled/2col/compiled_bf16_M256_N512_K1024_2compute_2device.log
compiled_bf16_M256_N512_K2048_2compute_2device,xdna2,npu2,npu2_2col,2,compiled,compiled,allo,failed,failed,True,bf16,256,512,2048,64,64,64,2,2,20,200,2,4,200,200,0,512.0,634.0,122.0,329.0,817.0,549.58,515.0,502.0,662.0,56.611868013694796,976.8749081116489,549.58,515.0,502.0,662.0,56.611868013694796,976.8749081116489,12.546224867925048,Output validation failed; timings were recorded automatically for the partial-NPU bf16 experiment,logs/compiled/2col/compiled_bf16_M256_N512_K2048_2compute_2device.log
compiled_bf16_M256_N1024_K256_2compute_2device,xdna2,npu2,npu2_2col,2,compiled,compiled,allo,success,passed,False,bf16,256,1024,256,64,64,64,2,2,20,200,2,4,200,194,6,414.0,512.0,98.0,267.0,659.0,483.795,510.0,401.0,708.0,62.46945633667705,277.42686055043976,476.9639175257732,508.5,401.0,574.0,49.66385705978799,281.40017109941533,11.07714243605733,,logs/compiled/2col/compiled_bf16_M256_N1024_K256_2compute_2device.log
compiled_bf16_M256_N1024_K512_2compute_2device,xdna2,npu2,npu2_2col,2,compiled,compiled,allo,success,passed,False,bf16,256,1024,512,64,64,64,2,2,20,200,2,4,200,200,0,488.0,615.0,127.0,297.5,805.5,543.22,505.5,479.0,793.0,72.11505806695298,494.1560620006627,543.22,505.5,479.0,793.0,72.11505806695298,494.1560620006627,11.438812092877924,,logs/compiled/2col/compiled_bf16_M256_N1024_K512_2compute_2device.log
compiled_bf16_M256_N1024_K1024_2compute_2device,xdna2,npu2,npu2_2col,2,compiled,compiled,allo,failed,failed,True,bf16,256,1024,1024,64,64,64,2,2,20,200,2,4,200,150,50,646.0,653.25,7.25,635.125,664.125,687.98,646.0,635.0,840.0,75.43791884722165,780.3583127416495,645.4266666666666,646.0,636.0,660.0,3.0775459198668162,831.8077633400129,12.32237705681473,Output validation failed; timings were recorded automatically for the partial-NPU bf16 experiment,logs/compiled/2col/compiled_bf16_M256_N1024_K1024_2compute_2device.log
compiled_bf16_M256_N1024_K2048_2compute_2device,xdna2,npu2,npu2_2col,2,compiled,compiled,allo,failed,failed,True,bf16,256,1024,2048,64,64,64,2,2,20,200,2,4,200,175,25,1046.0,1053.25,7.25,1035.125,1064.125,1069.665,1049.0,1035.0,1373.0,59.87698034303333,1003.8113091481913,1048.3142857142857,1049.0,1036.0,1061.0,5.067382691976083,1024.2556441634188,14.148961003869772,Output validation failed; timings were recorded automatically for the partial-NPU bf16 experiment,logs/compiled/2col/compiled_bf16_M256_N1024_K2048_2compute_2device.log
compiled_bf16_M256_N2048_K256_2compute_2device,xdna2,npu2,npu2_2col,2,compiled,compiled,allo,success,passed,False,bf16,256,2048,256,64,64,64,2,2,20,200,2,4,200,165,35,782.75,837.0,54.25,701.375,918.375,828.395,785.0,772.0,1177.0,83.33666045024843,324.04282498083643,792.2727272727273,784.0,772.0,911.0,24.310706865896748,338.81698405048763,12.2752257110551,,logs/compiled/2col/compiled_bf16_M256_N2048_K256_2compute_2device.log
compiled_bf16_M256_N2048_K512_2compute_2device,xdna2,npu2,npu2_2col,2,compiled,compiled,allo,success,passed,False,bf16,256,2048,512,64,64,64,2,2,20,200,2,4,200,152,48,936.0,938.0,2.0,933.0,941.0,971.25,937.0,923.0,1199.0,86.72322353326126,552.7628437580438,936.828947368421,937.0,933.0,941.0,1.3512972119873015,573.0725054003568,13.05791278090328,,logs/compiled/2col/compiled_bf16_M256_N2048_K512_2compute_2device.log
compiled_bf16_M256_N2048_K1024_2compute_2device,xdna2,npu2,npu2_2col,2,compiled,compiled,allo,failed,failed,True,bf16,256,2048,1024,64,64,64,2,2,20,200,2,4,200,191,9,1416.0,1474.25,58.25,1328.625,1561.625,1451.315,1422.0,1399.0,1751.0,65.90892029915223,739.840643829906,1438.6335078534032,1421.0,1399.0,1517.0,30.190871470623325,746.3623071049825,14.70492604188621,Output validation failed; timings were recorded automatically for the partial-NPU bf16 experiment,logs/compiled/2col/compiled_bf16_M256_N2048_K1024_2compute_2device.log
compiled_bf16_M256_N2048_K2048_2compute_2device,xdna2,npu2,npu2_2col,2,compiled,compiled,allo,failed,failed,True,bf16,256,2048,2048,64,64,64,2,2,20,200,2,4,200,194,6,2483.0,2558.25,75.25,2370.125,2671.125,2522.215,2494.0,2453.0,2715.0,53.2673330944961,851.4276728986229,2516.881443298969,2493.0,2453.0,2640.0,44.42161364405429,853.231944523066,18.21728910971433,Output validation failed; timings were recorded automatically for the partial-NPU bf16 experiment,logs/compiled/2col/compiled_bf16_M256_N2048_K2048_2compute_2device.log
compiled_bf16_M512_N512_K256_2compute_2device,xdna2,npu2,npu2_2col,2,compiled,compiled,allo,success,passed,False,bf16,512,512,256,64,64,64,2,2,20,200,2,4,200,194,6,467.0,522.0,55.0,384.5,604.5,492.585,499.5,405.0,699.0,55.27171767730762,272.47627922084513,487.0103092783505,494.0,405.0,603.0,45.78186622629181,275.595250127011,11.051411784254014,,logs/compiled/2col/compiled_bf16_M512_N512_K256_2compute_2device.log
compiled_bf16_M512_N512_K512_2compute_2device,xdna2,npu2,npu2_2col,2,compiled,compiled,allo,success,passed,False,bf16,512,512,512,64,64,64,2,2,20,200,2,4,200,198,2,487.0,611.0,124.0,301.0,797.0,546.92,522.5,476.0,822.0,69.93156368908106,490.8130183573466,544.2424242424242,520.5,476.0,731.0,64.97592264382229,493.2277309576838,11.493097534403205,,logs/compiled/2col/compiled_bf16_M512_N512_K512_2compute_2device.log
compiled_bf16_M512_N512_K1024_2compute_2device,xdna2,npu2,npu2_2col,2,compiled,compiled,allo,failed,failed,True,bf16,512,512,1024,64,64,64,2,2,20,200,2,4,200,192,8,649.0,725.25,76.25,534.625,839.625,699.535,652.0,640.0,996.0,77.09765738983253,767.4682639181742,691.8125,652.0,640.0,839.0,67.8505269722842,776.0352870177975,12.354263884015381,Output validation failed; timings were recorded automatically for the partial-NPU bf16 experiment,logs/compiled/2col/compiled_bf16_M512_N512_K1024_2compute_2device.log
compiled_bf16_M512_N512_K2048_2compute_2device,xdna2,npu2,npu2_2col,2,compiled,compiled,allo,failed,failed,True,bf16,512,512,2048,64,64,64,2,2,20,200,2,4,200,166,34,975.0,979.0,4.0,969.0,985.0,997.095,977.0,963.0,1232.0,68.13623100084125,1076.8701317326834,976.5120481927711,976.0,971.0,985.0,2.495146980742574,1099.5684343958396,14.307850498706102,Output validation failed; timings were recorded automatically for the partial-NPU bf16 experiment,logs/compiled/2col/compiled_bf16_M512_N512_K2048_2compute_2device.log
compiled_bf16_M512_N1024_K256_2compute_2device,xdna2,npu2,npu2_2col,2,compiled,compiled,allo,success,passed,False,bf16,512,1024,256,64,64,64,2,2,20,200,2,4,200,200,0,785.0,995.25,210.25,469.625,1310.625,879.93,838.0,774.0,1177.0,96.98719039130889,305.06455740797566,879.93,838.0,774.0,1177.0,96.98719039130889,305.06455740797566,12.148462418466806,,logs/compiled/2col/compiled_bf16_M512_N1024_K256_2compute_2device.log
compiled_bf16_M512_N1024_K512_2compute_2device,xdna2,npu2,npu2_2col,2,compiled,compiled,allo,success,passed,False,bf16,512,1024,512,64,64,64,2,2,20,200,2,4,200,170,30,985.5,1019.0,33.5,935.25,1069.25,1016.165,997.0,938.0,1362.0,77.38855067127179,528.3304502713634,988.1294117647059,994.0,938.0,1067.0,32.077952199307205,543.3204452858045,12.948504226282239,,logs/compiled/2col/compiled_bf16_M512_N1024_K512_2compute_2device.log
compiled_bf16_M512_N1024_K1024_2compute_2device,xdna2,npu2,npu2_2col,2,compiled,compiled,allo,failed,failed,True,bf16,512,1024,1024,64,64,64,2,2,20,200,2,4,200,186,14,1247.0,1270.25,23.25,1212.125,1305.125,1276.835,1250.0,1239.0,1622.0,82.76133019109831,840.9401559324423,1255.4193548387098,1250.0,1239.0,1297.0,12.012379439512419,855.2853832159925,14.671183556318283,Output validation failed; timings were recorded automatically for the partial-NPU bf16 experiment,logs/compiled/2col/compiled_bf16_M512_N1024_K1024_2compute_2device.log
compiled_bf16_M512_N1024_K2048_2compute_2device,xdna2,npu2,npu2_2col,2,compiled,compiled,allo,failed,failed,True,bf16,512,1024,2048,64,64,64,2,2,20,200,2,4,200,194,6,2059.75,2073.0,13.25,2039.875,2092.875,2068.315,2065.0,2047.0,2238.0,16.298029788903932,1038.2768814228007,2066.5670103092784,2065.0,2047.0,2089.0,9.530642081435532,1039.1550998767814,18.474720345810056,Output validation failed; timings were recorded automatically for the partial-NPU bf16 experiment,logs/compiled/2col/compiled_bf16_M512_N1024_K2048_2compute_2device.log
compiled_bf16_M512_N2048_K256_2compute_2device,xdna2,npu2,npu2_2col,2,compiled,compiled,allo,success,passed,False,bf16,512,2048,256,64,64,64,2,2,20,200,2,4,200,161,39,1523.0,1527.0,4.0,1517.0,1533.0,1539.37,1524.0,1509.0,1989.0,53.74014421268331,348.7601499314655,1524.1180124223602,1524.0,1518.0,1530.0,2.086272440382094,352.25022447357804,15.484341142699122,,logs/compiled/2col/compiled_bf16_M512_N2048_K256_2compute_2device.log
compiled_bf16_M512_N2048_K512_2compute_2device,xdna2,npu2,npu2_2col,2,compiled,compiled,allo,success,passed,False,bf16,512,2048,512,64,64,64,2,2,20,200,2,4,200,200,0,1839.0,1859.0,20.0,1809.0,1889.0,1850.37,1850.5,1825.0,1882.0,11.91608576672726,580.2849289601539,1850.37,1850.5,1825.0,1882.0,11.91608576672726,580.2849289601539,16.89328003488481,,logs/compiled/2col/compiled_bf16_M512_N2048_K512_2compute_2device.log
compiled_bf16_M512_N2048_K1024_2compute_2device,xdna2,npu2,npu2_2col,2,compiled,compiled,allo,failed,failed,True,bf16,512,2048,1024,64,64,64,2,2,20,200,2,4,200,194,6,2482.0,2496.0,14.0,2461.0,2517.0,2496.47,2494.0,2463.0,2958.0,52.119469490776666,860.2080729990747,2489.5515463917527,2493.0,2463.0,2516.0,9.869766533363672,862.598587730577,20.461954011581838,Output validation failed; timings were recorded automatically for the partial-NPU bf16 experiment,logs/compiled/2col/compiled_bf16_M512_N2048_K1024_2compute_2device.log
compiled_bf16_M512_N2048_K2048_2compute_2device,xdna2,npu2,npu2_2col,2,compiled,compiled,allo,failed,failed,True,bf16,512,2048,2048,64,64,64,2,2,20,200,2,4,200,187,13,4066.75,4083.0,16.25,4042.375,4107.375,4078.905,4077.0,4039.0,4457.0,41.239495329113815,1052.9706614888064,4074.475935828877,4077.0,4044.0,4107.0,13.772141475047237,1054.115268722594,27.84293175023049,Output validation failed; timings were recorded automatically for the partial-NPU bf16 experiment,logs/compiled/2col/compiled_bf16_M512_N2048_K2048_2compute_2device.log
compiled_bf16_M1024_N512_K256_2compute_2device,xdna2,npu2,npu2_2col,2,compiled,compiled,allo,success,passed,False,bf16,1024,512,256,64,64,64,2,2,20,200,2,4,200,200,0,779.0,988.0,209.0,465.5,1301.5,876.1,832.0,768.0,1223.0,97.93691847306611,306.3981919872161,876.1,832.0,768.0,1223.0,97.93691847306611,306.3981919872161,12.322288554161787,,logs/compiled/2col/compiled_bf16_M1024_N512_K256_2compute_2device.log
compiled_bf16_M1024_N512_K512_2compute_2device,xdna2,npu2,npu2_2col,2,compiled,compiled,allo,success,passed,False,bf16,1024,512,512,64,64,64,2,2,20,200,2,4,200,169,31,934.0,1003.25,69.25,830.125,1107.125,995.39,945.5,924.0,1375.0,92.0200950879752,539.3573493806448,959.7278106508876,937.0,924.0,1107.0,37.13381202891061,559.3991400914954,13.022458953782916,,logs/compiled/2col/compiled_bf16_M1024_N512_K512_2compute_2device.log
compiled_bf16_M1024_N512_K1024_2compute_2device,xdna2,npu2,npu2_2col,2,compiled,compiled,allo,failed,failed,True,bf16,1024,512,1024,64,64,64,2,2,20,200,2,4,200,154,46,1248.0,1252.0,4.0,1242.0,1258.0,1273.83,1249.0,1237.0,1725.0,73.37302706035781,842.9239568859267,1249.5844155844156,1249.0,1242.0,1256.0,2.3123083948738063,859.2791416159138,14.770398947410285,Output validation failed; timings were recorded automatically for the partial-NPU bf16 experiment,logs/compiled/2col/compiled_bf16_M1024_N512_K1024_2compute_2device.log
compiled_bf16_M1024_N512_K2048_2compute_2device,xdna2,npu2,npu2_2col,2,compiled,compiled,allo,failed,failed,True,bf16,1024,512,2048,64,64,64,2,2,20,200,2,4,200,179,21,1906.0,1912.0,6.0,1897.0,1921.0,1911.06,1909.0,1893.0,1978.0,9.543395622104326,1123.7133569851287,1908.68156424581,1908.0,1897.0,1919.0,3.8728745564078575,1125.1136324819847,18.259163142181933,Output validation failed; timings were recorded automatically for the partial-NPU bf16 experiment,logs/compiled/2col/compiled_bf16_M1024_N512_K2048_2compute_2device.log
compiled_bf16_M1024_N1024_K256_2compute_2device,xdna2,npu2,npu2_2col,2,compiled,compiled,allo,success,passed,False,bf16,1024,1024,256,64,64,64,2,2,20,200,2,4,200,151,49,1541.0,1554.75,13.75,1520.375,1575.375,1564.465,1542.0,1518.0,1985.0,64.40558030947318,343.165818346847,1541.2384105960266,1542.0,1523.0,1574.0,5.311126156471333,348.33735540783834,15.58042788784951,,logs/compiled/2col/compiled_bf16_M1024_N1024_K256_2compute_2device.log
compiled_bf16_M1024_N1024_K512_2compute_2device,xdna2,npu2,npu2_2col,2,compiled,compiled,allo,success,passed,False,bf16,1024,1024,512,64,64,64,2,2,20,200,2,4,200,194,6,1842.0,1919.0,77.0,1726.5,2034.5,1888.26,1858.5,1822.0,2082.0,61.584514287278424,568.640877845212,1882.7268041237114,1858.0,1822.0,2030.0,53.674492426189325,570.3120716442755,17.10094028711319,,logs/compiled/2col/compiled_bf16_M1024_N1024_K512_2compute_2device.log
compiled_bf16_M1024_N1024_K1024_2compute_2device,xdna2,npu2,npu2_2col,2,compiled,compiled,allo,failed,failed,True,bf16,1024,1024,1024,64,64,64,2,2,20,200,2,4,200,168,32,2454.0,2465.0,11.0,2437.5,2481.5,2466.5,2458.0,2443.0,2643.0,25.27805372254755,870.660307318062,2458.2083333333335,2457.0,2443.0,2480.0,6.647461175468803,873.5970905639269,20.42302398197353,Output validation failed; timings were recorded automatically for the partial-NPU bf16 experiment,logs/compiled/2col/compiled_bf16_M1024_N1024_K1024_2compute_2device.log
compiled_bf16_M1024_N1024_K2048_2compute_2device,xdna2,npu2,npu2_2col,2,compiled,compiled,allo,failed,failed,True,bf16,1024,1024,2048,64,64,64,2,2,20,200,2,4,200,180,20,3861.0,3873.0,12.0,3843.0,3891.0,3866.985,3867.0,3830.0,3908.0,13.34971067102205,1110.6759648666855,3866.8333333333335,3867.0,3843.0,3891.0,8.846531021316272,1110.719528296194,27.903570615686476,Output validation failed; timings were recorded automatically for the partial-NPU bf16 experiment,logs/compiled/2col/compiled_bf16_M1024_N1024_K2048_2compute_2device.log
compiled_bf16_M1024_N2048_K256_2compute_2device,xdna2,npu2,npu2_2col,2,compiled,compiled,allo,success,passed,False,bf16,1024,2048,256,64,64,64,2,2,20,200,2,4,200,167,33,3015.0,3021.0,6.0,3006.0,3030.0,3024.8,3018.0,2990.0,3252.0,33.460125522777105,354.97944459137796,3017.5988023952095,3018.0,3006.0,3030.0,4.177298041201298,355.8265675171003,25.109373598359525,,logs/compiled/2col/compiled_bf16_M1024_N2048_K256_2compute_2device.log
compiled_bf16_M1024_N2048_K512_2compute_2device,xdna2,npu2,npu2_2col,2,compiled,compiled,allo,success,passed,False,bf16,1024,2048,512,64,64,64,2,2,20,200,2,4,200,188,12,3646.0,3661.0,15.0,3623.5,3683.5,3661.425,3654.0,3635.0,4372.0,57.005652132047395,586.515809555023,3654.196808510638,3652.0,3635.0,3682.0,10.05350528610792,587.6759683546607,28.045496148057282,,logs/compiled/2col/compiled_bf16_M1024_N2048_K512_2compute_2device.log
compiled_bf16_M1024_N2048_K1024_2compute_2device,xdna2,npu2,npu2_2col,2,compiled,compiled,allo,failed,failed,True,bf16,1024,2048,1024,64,64,64,2,2,20,200,2,4,200,174,26,4903.0,4916.0,13.0,4883.5,4935.5,4908.035,4907.0,4862.0,4947.0,16.45854717160661,875.088970636925,4909.701149425287,4907.0,4885.0,4933.0,11.741090965903727,874.7920016481561,35.0992428753525,Output validation failed; timings were recorded automatically for the partial-NPU bf16 experiment,logs/compiled/2col/compiled_bf16_M1024_N2048_K1024_2compute_2device.log
compiled_bf16_M1024_N2048_K2048_2compute_2device,xdna2,npu2,npu2_2col,2,compiled,compiled,allo,failed,failed,True,bf16,1024,2048,2048,64,64,64,2,2,20,200,2,4,200,200,0,8236.5,8569.5,333.0,7737.0,9069.0,8473.0,8522.0,8081.0,9040.0,225.62537534594819,1013.8008488138794,8473.0,8522.0,8081.0,9040.0,225.62537534594819,1013.8008488138794,53.279328781180084,Output validation failed; timings were recorded automatically for the partial-NPU bf16 experiment,logs/compiled/2col/compiled_bf16_M1024_N2048_K2048_2compute_2device.log
compiled_bf16_M2048_N512_K256_2compute_2device,xdna2,npu2,npu2_2col,2,compiled,compiled,allo,success,passed,False,bf16,2048,512,256,64,64,64,2,2,20,200,2,4,200,200,0,1514.0,1906.25,392.25,925.625,2494.625,1657.605,1529.0,1504.0,2169.0,190.6786274730338,323.8835017992827,1657.605,1529.0,1504.0,2169.0,190.6786274730338,323.8835017992827,15.589931244961917,,logs/compiled/2col/compiled_bf16_M2048_N512_K256_2compute_2device.log
compiled_bf16_M2048_N512_K512_2compute_2device,xdna2,npu2,npu2_2col,2,compiled,compiled,allo,success,passed,False,bf16,2048,512,512,64,64,64,2,2,20,200,2,4,200,173,27,1859.75,1911.0,51.25,1782.875,1987.875,1894.305,1863.0,1833.0,2192.0,65.83951681930844,566.8262629302039,1871.0693641618498,1861.0,1833.0,1979.0,25.495683373739478,573.86532245478,17.182846507057548,,logs/compiled/2col/compiled_bf16_M2048_N512_K512_2compute_2device.log
compiled_bf16_M2048_N512_K1024_2compute_2device,xdna2,npu2,npu2_2col,2,compiled,compiled,allo,failed,failed,True,bf16,2048,512,1024,64,64,64,2,2,20,200,2,4,200,196,4,2459.0,2488.25,29.25,2415.125,2532.125,2474.715,2470.0,2443.0,2642.0,21.54794131697968,867.7700858482694,2472.8826530612246,2469.0,2443.0,2514.0,16.264130594091842,868.4130827403364,20.35527818929404,Output validation failed; timings were recorded automatically for the partial-NPU bf16 experiment,logs/compiled/2col/compiled_bf16_M2048_N512_K1024_2compute_2device.log
compiled_bf16_M2048_N512_K2048_2compute_2device,xdna2,npu2,npu2_2col,2,compiled,compiled,allo,failed,failed,True,bf16,2048,512,2048,64,64,64,2,2,20,200,2,4,200,146,54,3935.0,3954.0,19.0,3906.5,3982.5,3970.98,3944.0,3754.0,4394.0,107.17592826749858,1081.588750384036,3943.0205479452056,3943.0,3909.0,3970.0,8.120217604616972,1089.258157236386,27.90549039375037,Output validation failed; timings were recorded automatically for the partial-NPU bf16 experiment,logs/compiled/2col/compiled_bf16_M2048_N512_K2048_2compute_2device.log
compiled_bf16_M2048_N1024_K256_2compute_2device,xdna2,npu2,npu2_2col,2,compiled,compiled,allo,success,passed,False,bf16,2048,1024,256,64,64,64,2,2,20,200,2,4,200,166,34,2999.0,3006.0,7.0,2988.5,3016.5,3011.14,3001.0,2986.0,3539.0,53.05459829270221,356.58980452586064,3000.590361445783,3000.0,2991.0,3016.0,4.4964139515366925,357.84352232693163,24.990690490230918,,logs/compiled/2col/compiled_bf16_M2048_N1024_K256_2compute_2device.log
compiled_bf16_M2048_N1024_K512_2compute_2device,xdna2,npu2,npu2_2col,2,compiled,compiled,allo,success,passed,False,bf16,2048,1024,512,64,64,64,2,2,20,200,2,4,200,200,0,3664.0,3939.0,275.0,3251.5,4351.5,3792.59,3696.5,3618.0,4279.0,167.58813173969094,566.2314270722646,3792.59,3696.5,3618.0,4279.0,167.58813173969094,566.2314270722646,28.206730936653912,,logs/compiled/2col/compiled_bf16_M2048_N1024_K512_2compute_2device.log
compiled_bf16_M2048_N1024_K1024_2compute_2device,xdna2,npu2,npu2_2col,2,compiled,compiled,allo,failed,failed,True,bf16,2048,1024,1024,64,64,64,2,2,20,200,2,4,200,200,0,5009.25,5301.5,292.25,4570.875,5739.875,5183.85,5207.0,4887.0,5733.0,177.86941136687892,828.5284674517974,5183.85,5207.0,4887.0,5733.0,177.86941136687892,828.5284674517974,35.011015388183296,Output validation failed; timings were recorded automatically for the partial-NPU bf16 experiment,logs/compiled/2col/compiled_bf16_M2048_N1024_K1024_2compute_2device.log
compiled_bf16_M2048_N1024_K2048_2compute_2device,xdna2,npu2,npu2_2col,2,compiled,compiled,allo,failed,failed,True,bf16,2048,1024,2048,64,64,64,2,2,20,200,2,4,200,158,42,7673.75,7699.0,25.25,7635.875,7736.875,7706.62,7685.0,7634.0,8488.0,79.2895680401905,1114.6176393801693,7678.481012658228,7681.0,7638.0,7735.0,16.17926533630698,1118.702328994395,52.68809263035655,Output validation failed; timings were recorded automatically for the partial-NPU bf16 experiment,logs/compiled/2col/compiled_bf16_M2048_N1024_K2048_2compute_2device.log
compiled_bf16_M2048_N2048_K256_2compute_2device,xdna2,npu2,npu2_2col,2,compiled,compiled,allo,success,passed,False,bf16,2048,2048,256,64,64,64,2,2,20,200,2,4,200,200,0,5996.5,6405.25,408.75,5383.375,7018.375,6208.53,6124.0,5946.0,6969.0,236.0827378272287,345.8924492593255,6208.53,6124.0,5946.0,6969.0,236.0827378272287,345.8924492593255,57.55166894104332,,logs/compiled/2col/compiled_bf16_M2048_N2048_K256_2compute_2device.log
compiled_bf16_M2048_N2048_K512_2compute_2device,xdna2,npu2,npu2_2col,2,compiled,compiled,allo,success,passed,False,bf16,2048,2048,512,64,64,64,2,2,20,200,2,4,200,183,17,7249.75,7302.25,52.5,7171.0,7381.0,7296.98,7268.0,7188.0,7962.0,102.06639799659827,588.5951854054691,7271.765027322404,7265.0,7188.0,7380.0,40.72330304373165,590.6361495266143,64.1229999633506,,logs/compiled/2col/compiled_bf16_M2048_N2048_K512_2compute_2device.log
compiled_bf16_M2048_N2048_K1024_2compute_2device,xdna2,npu2,npu2_2col,2,compiled,compiled,allo,failed,failed,True,bf16,2048,2048,1024,64,64,64,2,2,20,200,2,4,200,170,30,9756.5,9908.25,151.75,9528.875,10135.875,9885.71,9854.0,9699.0,10470.0,167.5741206153265,868.9243961232931,9827.79411764706,9817.0,9699.0,10132.0,97.5545034422733,874.0450287390205,81.85305515583605,Output validation failed; timings were recorded automatically for the partial-NPU bf16 experiment,logs/compiled/2col/compiled_bf16_M2048_N2048_K1024_2compute_2device.log
compiled_bf16_M2048_N2048_K2048_2compute_2device,xdna2,npu2,npu2_2col,2,compiled,compiled,allo,failed,failed,True,bf16,2048,2048,2048,64,64,64,2,2,20,200,2,4,200,198,2,16578.0,16891.25,313.25,16108.125,17361.125,16712.57,16685.5,16051.0,17270.0,261.2764725343635,1027.960941016253,16719.166666666668,16689.5,16111.0,17270.0,254.1704420981394,1027.555351682201,131.3229516390711,Output validation failed; timings were recorded automatically for the partial-NPU bf16 experiment,logs/compiled/2col/compiled_bf16_M2048_N2048_K2048_2compute_2device.log
compiled-full-io_bf16_M256_N512_K256_2compute_8device,xdna2,npu2,npu2,2,compiled-full-io,compiled-full-io,allo,success,passed,False,bf16,256,512,256,64,64,64,2,8,20,200,2,4,200,126,74,280.0,297.0,17.0,254.5,322.5,292.53,282.0,223.0,462.0,45.01265488726476,229.4084845998701,287.1031746031746,282.0,260.0,315.0,8.83520138834924,233.74476472702145,10.811815125867724,,logs/compiled-full-io/2col/compiled-full-io_bf16_M256_N512_K256_2compute_8device.log
compiled-full-io_bf16_M256_N512_K512_2compute_8device,xdna2,npu2,npu2,2,compiled-full-io,compiled-full-io,allo,success,passed,False,bf16,256,512,512,64,64,64,2,8,20,200,2,4,200,141,59,324.0,332.0,8.0,312.0,344.0,324.405,331.0,259.0,511.0,39.77952959752038,413.73507806599775,331.0921985815603,331.0,317.0,344.0,3.1418039476822464,405.37870893668065,11.042428892105818,,logs/compiled-full-io/2col/compiled-full-io_bf16_M256_N512_K512_2compute_8device.log
compiled-full-io_bf16_M256_N512_K1024_2compute_8device,xdna2,npu2,npu2,2,compiled-full-io,compiled-full-io,allo,failed,failed,True,bf16,256,512,1024,64,64,64,2,8,20,200,2,4,200,198,2,355.0,450.0,95.0,212.5,592.5,423.575,442.0,342.0,610.0,63.00543131349868,633.7377229534321,421.74747474747477,441.5,342.0,576.0,60.62583431634069,636.4838489210356,11.6007522335276,Output validation failed; timings were recorded automatically for the partial-NPU bf16 experiment,logs/compiled-full-io/2col/compiled-full-io_bf16_M256_N512_K1024_2compute_8device.log
compiled-full-io_bf16_M256_N512_K2048_2compute_8device,xdna2,npu2,npu2,2,compiled-full-io,compiled-full-io,allo,failed,failed,True,bf16,256,512,2048,64,64,64,2,8,20,200,2,4,200,200,0,512.0,647.0,135.0,309.5,849.5,558.735,513.0,501.0,760.0,66.79397259483822,960.8685906556775,558.735,513.0,501.0,760.0,66.79397259483822,960.8685906556775,12.914424429647624,Output validation failed; timings were recorded automatically for the partial-NPU bf16 experiment,logs/compiled-full-io/2col/compiled-full-io_bf16_M256_N512_K2048_2compute_8device.log
compiled-full-io_bf16_M256_N1024_K256_2compute_8device,xdna2,npu2,npu2,2,compiled-full-io,compiled-full-io,allo,success,passed,False,bf16,256,1024,256,64,64,64,2,8,20,200,2,4,200,200,0,425.0,529.0,104.0,269.0,685.0,484.695,496.0,410.0,608.0,48.12693606495223,276.91172386758683,484.695,496.0,410.0,608.0,48.12693606495223,276.91172386758683,11.30368637572974,,logs/compiled-full-io/2col/compiled-full-io_bf16_M256_N1024_K256_2compute_8device.log
compiled-full-io_bf16_M256_N1024_K512_2compute_8device,xdna2,npu2,npu2,2,compiled-full-io,compiled-full-io,allo,success,passed,False,bf16,256,1024,512,64,64,64,2,8,20,200,2,4,200,200,0,497.0,625.0,128.0,305.0,817.0,552.24,501.0,495.0,784.0,70.99910140276425,486.0847747356222,552.24,501.0,495.0,784.0,70.99910140276425,486.0847747356222,11.998507444746792,,logs/compiled-full-io/2col/compiled-full-io_bf16_M256_N1024_K512_2compute_8device.log
compiled-full-io_bf16_M256_N1024_K1024_2compute_8device,xdna2,npu2,npu2,2,compiled-full-io,compiled-full-io,allo,failed,failed,True,bf16,256,1024,1024,64,64,64,2,8,20,200,2,4,200,153,47,654.0,710.0,56.0,570.0,794.0,700.565,655.0,640.0,863.0,79.74312368474162,766.3398999379073,656.9542483660131,655.0,640.0,773.0,14.42553104754462,817.2120255486798,12.938007083721459,Output validation failed; timings were recorded automatically for the partial-NPU bf16 experiment,logs/compiled-full-io/2col/compiled-full-io_bf16_M256_N1024_K1024_2compute_8device.log
compiled-full-io_bf16_M256_N1024_K2048_2compute_8device,xdna2,npu2,npu2,2,compiled-full-io,compiled-full-io,allo,failed,failed,True,bf16,256,1024,2048,64,64,64,2,8,20,200,2,4,200,157,43,964.0,967.0,3.0,959.5,971.5,994.97,965.0,956.0,1232.0,81.76318915013039,1079.1700493482215,965.2547770700637,965.0,960.0,971.0,1.769898549033001,1112.3921367778546,15.143332540988922,Output validation failed; timings were recorded automatically for the partial-NPU bf16 experiment,logs/compiled-full-io/2col/compiled-full-io_bf16_M256_N1024_K2048_2compute_8device.log
compiled-full-io_bf16_M256_N2048_K256_2compute_8device,xdna2,npu2,npu2,2,compiled-full-io,compiled-full-io,allo,success,passed,False,bf16,256,2048,256,64,64,64,2,8,20,200,2,4,200,200,0,792.0,999.0,207.0,481.5,1309.5,893.26,852.0,780.0,1241.0,98.7837152571212,300.5121196516132,893.26,852.0,780.0,1241.0,98.7837152571212,300.5121196516132,13.149921930395067,,logs/compiled-full-io/2col/compiled-full-io_bf16_M256_N2048_K256_2compute_8device.log
compiled-full-io_bf16_M256_N2048_K512_2compute_8device,xdna2,npu2,npu2,2,compiled-full-io,compiled-full-io,allo,success,passed,False,bf16,256,2048,512,64,64,64,2,8,20,200,2,4,200,162,38,948.0,950.0,2.0,945.0,953.0,983.75,949.0,938.0,1227.0,88.92360485270488,545.739173570521,948.6604938271605,949.0,945.0,953.0,1.187192872547912,565.9252340467065,13.90832024347037,,logs/compiled-full-io/2col/compiled-full-io_bf16_M256_N2048_K512_2compute_8device.log
compiled-full-io_bf16_M256_N2048_K1024_2compute_8device,xdna2,npu2,npu2,2,compiled-full-io,compiled-full-io,allo,failed,failed,True,bf16,256,2048,1024,64,64,64,2,8,20,200,2,4,200,187,13,1251.0,1256.0,5.0,1243.5,1263.5,1270.345,1254.0,1245.0,1604.0,72.7887077437153,845.2363916888719,1253.5347593582887,1254.0,1245.0,1263.0,3.0787559680941787,856.5712406329055,15.873650848865509,Output validation failed; timings were recorded automatically for the partial-NPU bf16 experiment,logs/compiled-full-io/2col/compiled-full-io_bf16_M256_N2048_K1024_2compute_8device.log
compiled-full-io_bf16_M256_N2048_K2048_2compute_8device,xdna2,npu2,npu2,2,compiled-full-io,compiled-full-io,allo,failed,failed,True,bf16,256,2048,2048,64,64,64,2,8,20,200,2,4,200,200,0,1941.5,2228.25,286.75,1511.375,2658.375,2143.835,2198.0,1898.0,2536.0,163.64711355535727,1001.7019257545473,2143.835,2198.0,1898.0,2536.0,163.64711355535727,1001.7019257545473,20.07306739129126,Output validation failed; timings were recorded automatically for the partial-NPU bf16 experiment,logs/compiled-full-io/2col/compiled-full-io_bf16_M256_N2048_K2048_2compute_8device.log
compiled-full-io_bf16_M512_N512_K256_2compute_8device,xdna2,npu2,npu2,2,compiled-full-io,compiled-full-io,allo,success,passed,False,bf16,512,512,256,64,64,64,2,8,20,200,2,4,200,189,11,478.0,533.0,55.0,395.5,615.5,515.935,521.0,417.0,716.0,60.736486357049,260.14464612790374,505.6507936507937,520.0,417.0,593.0,44.263458024665624,265.43561225514816,11.386439308524132,,logs/compiled-full-io/2col/compiled-full-io_bf16_M512_N512_K256_2compute_8device.log
compiled-full-io_bf16_M512_N512_K512_2compute_8device,xdna2,npu2,npu2,2,compiled-full-io,compiled-full-io,allo,success,passed,False,bf16,512,512,512,64,64,64,2,8,20,200,2,4,200,199,1,493.0,623.0,130.0,298.0,818.0,545.515,498.0,488.0,820.0,75.75222620491097,492.07713078467134,544.1356783919598,498.0,488.0,814.0,73.3943481140922,493.32448993840217,11.793832962401211,,logs/compiled-full-io/2col/compiled-full-io_bf16_M512_N512_K512_2compute_8device.log
compiled-full-io_bf16_M512_N512_K1024_2compute_8device,xdna2,npu2,npu2,2,compiled-full-io,compiled-full-io,allo,failed,failed,True,bf16,512,512,1024,64,64,64,2,8,20,200,2,4,200,161,39,654.0,707.0,53.0,574.5,786.5,697.07,655.0,644.0,990.0,76.76350109264168,770.1822083865322,661.304347826087,655.0,644.0,778.0,22.650475014080587,811.8363560815252,12.864255266264081,Output validation failed; timings were recorded automatically for the partial-NPU bf16 experiment,logs/compiled-full-io/2col/compiled-full-io_bf16_M512_N512_K1024_2compute_8device.log
compiled-full-io_bf16_M512_N512_K2048_2compute_8device,xdna2,npu2,npu2,2,compiled-full-io,compiled-full-io,allo,failed,failed,True,bf16,512,512,2048,64,64,64,2,8,20,200,2,4,200,157,43,970.0,972.0,2.0,967.0,975.0,1001.67,971.0,960.0,1248.0,84.83478708643052,1071.9516647199177,970.7643312101911,971.0,967.0,975.0,1.336122955689405,1106.0787767731777,15.173666562885046,Output validation failed; timings were recorded automatically for the partial-NPU bf16 experiment,logs/compiled-full-io/2col/compiled-full-io_bf16_M512_N512_K2048_2compute_8device.log
compiled-full-io_bf16_M512_N1024_K256_2compute_8device,xdna2,npu2,npu2,2,compiled-full-io,compiled-full-io,allo,success,passed,False,bf16,512,1024,256,64,64,64,2,8,20,200,2,4,200,200,0,794.0,995.0,201.0,492.5,1296.5,883.895,846.0,781.0,1230.0,96.57693293431926,303.6960905989965,883.895,846.0,781.0,1230.0,96.57693293431926,303.6960905989965,13.054185243323445,,logs/compiled-full-io/2col/compiled-full-io_bf16_M512_N1024_K256_2compute_8device.log
compiled-full-io_bf16_M512_N1024_K512_2compute_8device,xdna2,npu2,npu2,2,compiled-full-io,compiled-full-io,allo,success,passed,False,bf16,512,1024,512,64,64,64,2,8,20,200,2,4,200,110,90,994.0,1008.0,14.0,973.0,1029.0,1020.465,997.0,936.0,1391.0,86.74277361832512,526.1041897566306,998.3181818181819,997.5,975.0,1016.0,5.136202732797519,537.7753523653416,13.82359127048403,,logs/compiled-full-io/2col/compiled-full-io_bf16_M512_N1024_K512_2compute_8device.log
compiled-full-io_bf16_M512_N1024_K1024_2compute_8device,xdna2,npu2,npu2,2,compiled-full-io,compiled-full-io,allo,failed,failed,True,bf16,512,1024,1024,64,64,64,2,8,20,200,2,4,200,175,25,1274.0,1282.0,8.0,1262.0,1294.0,1294.125,1278.0,1253.0,1652.0,71.92891890609785,829.7048770404714,1277.5085714285715,1278.0,1266.0,1293.0,5.477088456395759,840.4967669213289,15.833658420480788,Output validation failed; timings were recorded automatically for the partial-NPU bf16 experiment,logs/compiled-full-io/2col/compiled-full-io_bf16_M512_N1024_K1024_2compute_8device.log
compiled-full-io_bf16_M512_N1024_K2048_2compute_8device,xdna2,npu2,npu2,2,compiled-full-io,compiled-full-io,allo,failed,failed,True,bf16,512,1024,2048,64,64,64,2,8,20,200,2,4,200,160,40,1880.0,1913.0,33.0,1830.5,1962.5,1961.92,1883.0,1872.0,2599.0,172.75654430440545,1094.5826781927908,1886.41875,1881.0,1872.0,1927.0,12.565563992018026,1138.391806167109,19.986455132253468,Output validation failed; timings were recorded automatically for the partial-NPU bf16 experiment,logs/compiled-full-io/2col/compiled-full-io_bf16_M512_N1024_K2048_2compute_8device.log
compiled-full-io_bf16_M512_N2048_K256_2compute_8device,xdna2,npu2,npu2,2,compiled-full-io,compiled-full-io,allo,success,passed,False,bf16,512,2048,256,64,64,64,2,8,20,200,2,4,200,178,22,1518.0,1523.0,5.0,1510.5,1530.5,1539.01,1521.0,1509.0,2096.0,79.20328212896231,348.8417307229972,1519.9831460674156,1521.0,1511.0,1528.0,3.1914117884383724,353.20846378397164,17.487947292625904,,logs/compiled-full-io/2col/compiled-full-io_bf16_M512_N2048_K256_2compute_8device.log
compiled-full-io_bf16_M512_N2048_K512_2compute_8device,xdna2,npu2,npu2,2,compiled-full-io,compiled-full-io,allo,success,passed,False,bf16,512,2048,512,64,64,64,2,8,20,200,2,4,200,184,16,1840.0,1842.0,2.0,1837.0,1845.0,1846.77,1841.0,1831.0,2340.0,48.9283874657647,581.4161070409417,1841.1576086956522,1841.0,1837.0,1845.0,1.2862765352527337,583.1884347808119,19.199798776768148,,logs/compiled-full-io/2col/compiled-full-io_bf16_M512_N2048_K512_2compute_8device.log
compiled-full-io_bf16_M512_N2048_K1024_2compute_8device,xdna2,npu2,npu2,2,compiled-full-io,compiled-full-io,allo,failed,failed,True,bf16,512,2048,1024,64,64,64,2,8,20,200,2,4,200,194,6,2479.75,2497.0,17.25,2453.875,2522.875,2486.43,2487.0,2453.0,2531.0,15.468519644749462,863.6815225041526,2485.546391752577,2487.0,2456.0,2521.0,14.026132178464847,863.9885600710085,23.14469858445227,Output validation failed; timings were recorded automatically for the partial-NPU bf16 experiment,logs/compiled-full-io/2col/compiled-full-io_bf16_M512_N2048_K1024_2compute_8device.log
compiled-full-io_bf16_M512_N2048_K2048_2compute_8device,xdna2,npu2,npu2,2,compiled-full-io,compiled-full-io,allo,failed,failed,True,bf16,512,2048,2048,64,64,64,2,8,20,200,2,4,200,190,10,3739.0,3755.0,16.0,3715.0,3779.0,3749.935,3743.0,3711.0,4212.0,44.993008067920954,1145.3444649040584,3745.0894736842106,3743.0,3715.0,3777.0,13.206353922772099,1146.8263511939142,31.458257220685482,Output validation failed; timings were recorded automatically for the partial-NPU bf16 experiment,logs/compiled-full-io/2col/compiled-full-io_bf16_M512_N2048_K2048_2compute_8device.log
compiled-full-io_bf16_M1024_N512_K256_2compute_8device,xdna2,npu2,npu2,2,compiled-full-io,compiled-full-io,allo,success,passed,False,bf16,1024,512,256,64,64,64,2,8,20,200,2,4,200,200,0,791.75,993.0,201.25,489.875,1294.875,864.675,794.0,780.0,1105.0,92.80732392974167,310.4466487408564,864.675,794.0,780.0,1105.0,92.80732392974167,310.4466487408564,12.979484152980149,,logs/compiled-full-io/2col/compiled-full-io_bf16_M1024_N512_K256_2compute_8device.log
compiled-full-io_bf16_M1024_N512_K512_2compute_8device,xdna2,npu2,npu2,2,compiled-full-io,compiled-full-io,allo,success,passed,False,bf16,1024,512,512,64,64,64,2,8,20,200,2,4,200,164,36,936.0,1002.0,66.0,837.0,1101.0,997.67,939.0,928.0,1386.0,96.19917411287895,538.1247426503754,956.0853658536586,938.0,928.0,1101.0,32.57213428965355,561.5303101315068,13.774423142895103,,logs/compiled-full-io/2col/compiled-full-io_bf16_M1024_N512_K512_2compute_8device.log
compiled-full-io_bf16_M1024_N512_K1024_2compute_8device,xdna2,npu2,npu2,2,compiled-full-io,compiled-full-io,allo,failed,failed,True,bf16,1024,512,1024,64,64,64,2,8,20,200,2,4,200,163,37,1249.0,1280.5,31.5,1201.75,1327.75,1288.93,1254.0,1242.0,1679.0,77.01951116437964,833.0489817135143,1259.723926380368,1251.0,1242.0,1312.0,16.678956413322894,852.3628086395402,15.766741290688515,Output validation failed; timings were recorded automatically for the partial-NPU bf16 experiment,logs/compiled-full-io/2col/compiled-full-io_bf16_M1024_N512_K1024_2compute_8device.log
compiled-full-io_bf16_M1024_N512_K2048_2compute_8device,xdna2,npu2,npu2,2,compiled-full-io,compiled-full-io,allo,failed,failed,True,bf16,1024,512,2048,64,64,64,2,8,20,200,2,4,200,185,15,1879.0,1907.0,28.0,1837.0,1949.0,1913.22,1881.0,1869.0,2555.0,102.97413073194646,1122.4446995118178,1886.7945945945946,1881.0,1869.0,1948.0,13.477948876469577,1138.1650414688718,19.812134781852365,Output validation failed; timings were recorded automatically for the partial-NPU bf16 experiment,logs/compiled-full-io/2col/compiled-full-io_bf16_M1024_N512_K2048_2compute_8device.log
compiled-full-io_bf16_M1024_N1024_K256_2compute_8device,xdna2,npu2,npu2,2,compiled-full-io,compiled-full-io,allo,success,passed,False,bf16,1024,1024,256,64,64,64,2,8,20,200,2,4,200,157,43,1526.0,1532.0,6.0,1517.0,1541.0,1553.035,1528.0,1516.0,2014.0,77.99194685991625,345.69144417221764,1527.0382165605095,1527.0,1517.0,1536.0,3.013526512621636,351.5766050762268,17.5128783704713,,logs/compiled-full-io/2col/compiled-full-io_bf16_M1024_N1024_K256_2compute_8device.log
compiled-full-io_bf16_M1024_N1024_K512_2compute_8device,xdna2,npu2,npu2,2,compiled-full-io,compiled-full-io,allo,success,passed,False,bf16,1024,1024,512,64,64,64,2,8,20,200,2,4,200,168,32,1830.0,1836.0,6.0,1821.0,1845.0,1844.165,1832.0,1821.0,2527.0,58.41641699899096,582.2373941594163,1831.4166666666667,1831.0,1821.0,1845.0,3.9752458244842375,586.2902984028757,19.18746946658939,,logs/compiled-full-io/2col/compiled-full-io_bf16_M1024_N1024_K512_2compute_8device.log
compiled-full-io_bf16_M1024_N1024_K1024_2compute_8device,xdna2,npu2,npu2,2,compiled-full-io,compiled-full-io,allo,failed,failed,True,bf16,1024,1024,1024,64,64,64,2,8,20,200,2,4,200,197,3,2459.0,2483.0,24.0,2423.0,2519.0,2473.765,2478.0,2448.0,2543.0,16.146819346236583,868.1033356038265,2472.791878172589,2478.0,2448.0,2517.0,14.189162054988362,868.4449617276347,22.858611036092043,Output validation failed; timings were recorded automatically for the partial-NPU bf16 experiment,logs/compiled-full-io/2col/compiled-full-io_bf16_M1024_N1024_K1024_2compute_8device.log
compiled-full-io_bf16_M1024_N1024_K2048_2compute_8device,xdna2,npu2,npu2,2,compiled-full-io,compiled-full-io,allo,failed,failed,True,bf16,1024,1024,2048,64,64,64,2,8,20,200,2,4,200,168,32,3747.0,3757.25,10.25,3731.625,3772.625,3753.075,3750.0,3709.0,3790.0,13.216632513617075,1144.3862155698994,3750.470238095238,3749.0,3733.0,3772.0,8.356581092908646,1145.1810102034824,31.08241826016456,Output validation failed; timings were recorded automatically for the partial-NPU bf16 experiment,logs/compiled-full-io/2col/compiled-full-io_bf16_M1024_N1024_K2048_2compute_8device.log
compiled-full-io_bf16_M1024_N2048_K256_2compute_8device,xdna2,npu2,npu2,2,compiled-full-io,compiled-full-io,allo,success,passed,False,bf16,1024,2048,256,64,64,64,2,8,20,200,2,4,200,158,42,3023.0,3148.0,125.0,2835.5,3335.5,3133.185,3037.0,2989.0,3727.0,172.50629198669827,342.69978440468725,3050.2088607594937,3027.0,2989.0,3328.0,55.909630270016805,352.0223935526307,31.311947310343385,,logs/compiled-full-io/2col/compiled-full-io_bf16_M1024_N2048_K256_2compute_8device.log
compiled-full-io_bf16_M1024_N2048_K512_2compute_8device,xdna2,npu2,npu2,2,compiled-full-io,compiled-full-io,allo,success,passed,False,bf16,1024,2048,512,64,64,64,2,8,20,200,2,4,200,172,28,3645.0,3654.0,9.0,3631.5,3667.5,3650.485,3652.0,3619.0,3836.0,16.73916888617831,588.2735165327347,3651.860465116279,3653.0,3632.0,3666.0,6.299986693780105,588.0519446220467,34.93744740448892,,logs/compiled-full-io/2col/compiled-full-io_bf16_M1024_N2048_K512_2compute_8device.log
compiled-full-io_bf16_M1024_N2048_K1024_2compute_8device,xdna2,npu2,npu2,2,compiled-full-io,compiled-full-io,allo,failed,failed,True,bf16,1024,2048,1024,64,64,64,2,8,20,200,2,4,200,199,1,4919.75,5299.5,379.75,4350.125,5869.125,5099.645,5008.5,4897.0,5954.0,204.29816194718933,842.2090745532287,5095.35175879397,5005.0,4897.0,5607.0,195.60442823758586,842.9187030291674,42.83732742629945,Output validation failed; timings were recorded automatically for the partial-NPU bf16 experiment,logs/compiled-full-io/2col/compiled-full-io_bf16_M1024_N2048_K1024_2compute_8device.log
compiled-full-io_bf16_M1024_N2048_K2048_2compute_8device,xdna2,npu2,npu2,2,compiled-full-io,compiled-full-io,allo,failed,failed,True,bf16,1024,2048,2048,64,64,64,2,8,20,200,2,4,200,180,20,7415.75,7493.5,77.75,7299.125,7610.125,7482.74,7437.0,7390.0,8069.0,118.59646875012763,1147.9664657598687,7448.288888888889,7433.5,7390.0,7602.0,49.60807381519989,1153.2762383604884,62.729676187969744,Output validation failed; timings were recorded automatically for the partial-NPU bf16 experiment,logs/compiled-full-io/2col/compiled-full-io_bf16_M1024_N2048_K2048_2compute_8device.log
compiled-full-io_bf16_M2048_N512_K256_2compute_8device,xdna2,npu2,npu2,2,compiled-full-io,compiled-full-io,allo,success,passed,False,bf16,2048,512,256,64,64,64,2,8,20,200,2,4,200,175,25,1528.0,1555.0,27.0,1487.5,1595.5,1560.015,1535.5,1515.0,2005.0,70.24538970637148,344.14471142905677,1539.4685714285715,1532.0,1515.0,1588.0,15.613835831971434,348.7378189876284,17.769172648899257,,logs/compiled-full-io/2col/compiled-full-io_bf16_M2048_N512_K256_2compute_8device.log
compiled-full-io_bf16_M2048_N512_K512_2compute_8device,xdna2,npu2,npu2,2,compiled-full-io,compiled-full-io,allo,success,passed,False,bf16,2048,512,512,64,64,64,2,8,20,200,2,4,200,176,24,1837.0,1871.5,34.5,1785.25,1923.25,1880.565,1849.5,1828.0,2353.0,93.84564867376643,570.9676740766738,1849.5795454545455,1843.0,1828.0,1916.0,17.539061335221483,580.5329252471385,19.116830801591277,,logs/compiled-full-io/2col/compiled-full-io_bf16_M2048_N512_K512_2compute_8device.log
compiled-full-io_bf16_M2048_N512_K1024_2compute_8device,xdna2,npu2,npu2,2,compiled-full-io,compiled-full-io,allo,failed,failed,True,bf16,2048,512,1024,64,64,64,2,8,20,200,2,4,200,179,21,2487.0,2502.0,15.0,2464.5,2524.5,2507.255,2497.0,2473.0,2957.0,55.73715076140868,856.5078733515338,2494.424581005587,2493.0,2473.0,2522.0,10.79771645721286,860.9134404593932,22.84396575484425,Output validation failed; timings were recorded automatically for the partial-NPU bf16 experiment,logs/compiled-full-io/2col/compiled-full-io_bf16_M2048_N512_K1024_2compute_8device.log
compiled-full-io_bf16_M2048_N512_K2048_2compute_8device,xdna2,npu2,npu2,2,compiled-full-io,compiled-full-io,allo,failed,failed,True,bf16,2048,512,2048,64,64,64,2,8,20,200,2,4,200,200,0,3739.0,4114.0,375.0,3176.5,4676.5,3877.865,3760.0,3715.0,4368.0,186.7390071061748,1107.559777351713,3877.865,3760.0,3715.0,4368.0,186.7390071061748,1107.559777351713,31.04685726761818,Output validation failed; timings were recorded automatically for the partial-NPU bf16 experiment,logs/compiled-full-io/2col/compiled-full-io_bf16_M2048_N512_K2048_2compute_8device.log
compiled-full-io_bf16_M2048_N1024_K256_2compute_8device,xdna2,npu2,npu2,2,compiled-full-io,compiled-full-io,allo,success,passed,False,bf16,2048,1024,256,64,64,64,2,8,20,200,2,4,200,168,32,3031.75,3043.0,11.25,3014.875,3059.875,3044.505,3040.0,3010.0,3258.0,38.2461759526361,352.68190526867255,3035.7916666666665,3039.0,3015.0,3059.0,10.069315817459795,353.6941733485225,31.21239214669913,,logs/compiled-full-io/2col/compiled-full-io_bf16_M2048_N1024_K256_2compute_8device.log
compiled-full-io_bf16_M2048_N1024_K512_2compute_8device,xdna2,npu2,npu2,2,compiled-full-io,compiled-full-io,allo,success,passed,False,bf16,2048,1024,512,64,64,64,2,8,20,200,2,4,200,171,29,3658.0,3706.5,48.5,3585.25,3779.25,3713.195,3667.0,3637.0,4204.0,107.07804151645658,578.338505788142,3673.374269005848,3665.0,3637.0,3745.0,26.67346917442463,584.6079083526627,35.10273384861648,,logs/compiled-full-io/2col/compiled-full-io_bf16_M2048_N1024_K512_2compute_8device.log
compiled-full-io_bf16_M2048_N1024_K1024_2compute_8device,xdna2,npu2,npu2,2,compiled-full-io,compiled-full-io,allo,failed,failed,True,bf16,2048,1024,1024,64,64,64,2,8,20,200,2,4,200,177,23,4879.0,4917.0,38.0,4822.0,4974.0,4918.915,4897.0,4865.0,5412.0,79.53676995578837,873.1533876881385,4896.8418079096045,4893.0,4865.0,4963.0,22.306996523660555,877.0892474130104,42.9194009155035,Output validation failed; timings were recorded automatically for the partial-NPU bf16 experiment,logs/compiled-full-io/2col/compiled-full-io_bf16_M2048_N1024_K1024_2compute_8device.log
compiled-full-io_bf16_M2048_N1024_K2048_2compute_8device,xdna2,npu2,npu2,2,compiled-full-io,compiled-full-io,allo,failed,failed,True,bf16,2048,1024,2048,64,64,64,2,8,20,200,2,4,200,181,19,7434.0,7510.75,76.75,7318.875,7625.875,7498.6,7457.5,7393.0,8097.0,117.09538846598528,1145.5384461099404,7465.580110497238,7449.0,7393.0,7624.0,49.362571568051386,1150.605105679842,62.295491619966924,Output validation failed; timings were recorded automatically for the partial-NPU bf16 experiment,logs/compiled-full-io/2col/compiled-full-io_bf16_M2048_N1024_K2048_2compute_8device.log
compiled-full-io_bf16_M2048_N2048_K256_2compute_8device,xdna2,npu2,npu2,2,compiled-full-io,compiled-full-io,allo,success,passed,False,bf16,2048,2048,256,64,64,64,2,8,20,200,2,4,200,200,0,6060.0,6384.25,324.25,5573.625,6870.625,6224.3,6154.0,5945.0,6686.0,198.2619479375707,345.01608984142797,6224.3,6154.0,5945.0,6686.0,198.2619479375707,345.01608984142797,78.60990430787206,,logs/compiled-full-io/2col/compiled-full-io_bf16_M2048_N2048_K256_2compute_8device.log
compiled-full-io_bf16_M2048_N2048_K512_2compute_8device,xdna2,npu2,npu2,2,compiled-full-io,compiled-full-io,allo,success,passed,False,bf16,2048,2048,512,64,64,64,2,8,20,200,2,4,200,179,21,7256.0,7409.25,153.25,7026.125,7639.125,7365.945,7297.5,7209.0,8006.0,169.26852033086365,583.0843559108845,7318.284916201117,7285.0,7209.0,7635.0,93.04730788326219,586.8816731215071,87.07212605699897,,logs/compiled-full-io/2col/compiled-full-io_bf16_M2048_N2048_K512_2compute_8device.log
compiled-full-io_bf16_M2048_N2048_K1024_2compute_8device,xdna2,npu2,npu2,2,compiled-full-io,compiled-full-io,allo,failed,failed,True,bf16,2048,2048,1024,64,64,64,2,8,20,200,2,4,200,195,5,9752.5,10147.25,394.75,9160.375,10739.375,9953.005,9847.5,9685.0,10886.0,256.3795330657266,863.0493596657492,9930.779487179487,9844.0,9685.0,10656.0,218.19181772654522,864.9809013571895,105.89896827749908,Output validation failed; timings were recorded automatically for the partial-NPU bf16 experiment,logs/compiled-full-io/2col/compiled-full-io_bf16_M2048_N2048_K1024_2compute_8device.log
compiled-full-io_bf16_M2048_N2048_K2048_2compute_8device,xdna2,npu2,npu2,2,compiled-full-io,compiled-full-io,allo,failed,failed,True,bf16,2048,2048,2048,64,64,64,2,8,20,200,2,4,200,183,17,15038.0,15222.5,184.5,14761.25,15499.25,15133.9,15190.0,14693.0,15932.0,199.17944171023274,1135.191139362623,15153.808743169398,15192.0,14767.0,15488.0,154.80967172330065,1133.6997500211853,158.8212359920144,Output validation failed; timings were recorded automatically for the partial-NPU bf16 experiment,logs/compiled-full-io/2col/compiled-full-io_bf16_M2048_N2048_K2048_2compute_8device.log
manual_bf16_M256_N512_K256_4compute_4device,xdna2,npu2,npu2,2,manual,manual,mlir-aie,success,passed,False,bf16,256,512,256,64,64,64,4,4,20,200,4,4,200,172,28,140.0,143.0,3.0,135.5,147.5,143.135,142.0,131.0,320.0,17.090546363413896,468.85013448842,141.8372093023256,142.0,136.0,147.0,1.9007982724296668,473.1400478767011,4.222018010914326,,logs/manual/4col/manual_bf16_M256_N512_K256_4compute_4device.log
manual_bf16_M256_N512_K512_4compute_4device,xdna2,npu2,npu2,2,manual,manual,mlir-aie,success,passed,False,bf16,256,512,512,64,64,64,4,4,20,200,4,4,200,195,5,158.0,163.0,5.0,150.5,170.5,162.12,161.0,149.0,344.0,16.759045318871838,827.8912410560079,160.10256410256412,161.0,151.0,167.0,3.5096560704818853,838.3234131966686,4.446730867028236,,logs/manual/4col/manual_bf16_M256_N512_K512_4compute_4device.log
manual_bf16_M256_N512_K1024_4compute_4device,xdna2,npu2,npu2,2,manual,manual,mlir-aie,success,passed,False,bf16,256,512,1024,64,64,64,4,4,20,200,4,4,200,168,32,200.0,203.0,3.0,195.5,207.5,201.225,202.0,189.0,212.0,3.830714685277409,1334.0064902472357,202.33928571428572,203.0,198.0,207.0,1.8088089910176792,1326.6600949607273,5.029698237776756,,logs/manual/4col/manual_bf16_M256_N512_K1024_4compute_4device.log
manual_bf16_M256_N512_K2048_4compute_4device,xdna2,npu2,npu2,2,manual,manual,mlir-aie,failed,failed,False,bf16,256,512,2048,64,64,64,4,4,20,200,4,4,0,0,,,,,,,,,,,,,,,,,,,4.238342467695475,mlir-aie xclbin build failed; see the case log,logs/manual/4col/manual_bf16_M256_N512_K2048_4compute_4device.log
manual_bf16_M256_N1024_K256_4compute_4device,xdna2,npu2,npu2,2,manual,manual,mlir-aie,success,passed,False,bf16,256,1024,256,64,64,64,4,4,20,200,4,4,200,148,52,233.0,236.0,3.0,228.5,240.5,251.42,235.0,223.0,420.0,46.476699538586,533.8387081377774,234.2027027027027,234.0,229.0,239.0,1.6520235726487955,573.08360002308,4.136285190470517,,logs/manual/4col/manual_bf16_M256_N1024_K256_4compute_4device.log
manual_bf16_M256_N1024_K512_4compute_4device,xdna2,npu2,npu2,2,manual,manual,mlir-aie,success,passed,False,bf16,256,1024,512,64,64,64,4,4,20,200,4,4,200,148,52,274.0,277.25,3.25,269.125,282.125,292.785,275.0,263.0,458.0,43.446274581372336,916.8347285550831,274.9121621621622,275.0,271.0,282.0,1.716096505720665,976.4408161820728,4.498164227232337,,logs/manual/4col/manual_bf16_M256_N1024_K512_4compute_4device.log
manual_bf16_M256_N1024_K1024_4compute_4device,xdna2,npu2,npu2,2,manual,manual,mlir-aie,success,passed,False,bf16,256,1024,1024,64,64,64,4,4,20,200,4,4,200,176,24,353.0,355.0,2.0,350.0,358.0,354.145,354.0,343.0,399.0,4.528131513107807,1515.9635516525716,354.0511363636364,354.0,352.0,358.0,1.0937315523827984,1516.3654536292588,5.675051240250468,,logs/manual/4col/manual_bf16_M256_N1024_K1024_4compute_4device.log
manual_bf16_M256_N1024_K2048_4compute_4device,xdna2,npu2,npu2,2,manual,manual,mlir-aie,success,passed,False,bf16,256,1024,2048,64,64,64,4,4,20,200,4,4,200,174,26,519.0,522.0,3.0,514.5,526.5,520.77,520.0,506.0,569.0,6.002257908487438,2061.83502121858,520.5,520.0,515.0,526.0,2.321191727213148,2062.9045609990394,7.774089699611068,,logs/manual/4col/manual_bf16_M256_N1024_K2048_4compute_4device.log
manual_bf16_M256_N2048_K256_4compute_4device,xdna2,npu2,npu2,2,manual,manual,mlir-aie,success,passed,False,bf16,256,2048,256,64,64,64,4,4,20,200,4,4,200,200,0,414.0,511.25,97.25,268.125,657.125,467.43,466.0,404.0,602.0,47.868936691762855,574.2794771409623,467.43,466.0,404.0,602.0,47.868936691762855,574.2794771409623,4.610222510062158,,logs/manual/4col/manual_bf16_M256_N2048_K256_4compute_4device.log
manual_bf16_M256_N2048_K512_4compute_4device,xdna2,npu2,npu2,2,manual,manual,mlir-aie,success,passed,False,bf16,256,2048,512,64,64,64,4,4,20,200,4,4,200,189,11,490.0,492.0,2.0,487.0,495.0,490.565,491.0,483.0,497.0,1.937982198060653,1094.3930202929275,490.86772486772486,491.0,487.0,494.0,1.2033751513929736,1093.7180930864251,5.519058060832322,,logs/manual/4col/manual_bf16_M256_N2048_K512_4compute_4device.log
manual_bf16_M256_N2048_K1024_4compute_4device,xdna2,npu2,npu2,2,manual,manual,mlir-aie,success,passed,False,bf16,256,2048,1024,64,64,64,4,4,20,200,4,4,200,195,5,656.0,661.0,5.0,648.5,668.5,658.195,658.0,648.0,676.0,4.3928322298945135,1631.3430275222388,657.9487179487179,658.0,649.0,668.0,3.83204248911671,1631.9536685892442,7.758166337385774,,logs/manual/4col/manual_bf16_M256_N2048_K1024_4compute_4device.log
manual_bf16_M256_N2048_K2048_4compute_4device,xdna2,npu2,npu2,2,manual,manual,mlir-aie,success,passed,False,bf16,256,2048,2048,64,64,64,4,4,20,200,4,4,200,198,2,1046.0,1070.0,24.0,1010.0,1106.0,1058.77,1055.5,1030.0,1116.0,16.97548526552334,2028.2815417890572,1058.2171717171718,1055.0,1030.0,1105.0,16.138551249887975,2029.3411460289126,11.890487861819565,,logs/manual/4col/manual_bf16_M256_N2048_K2048_4compute_4device.log
manual_bf16_M512_N512_K256_4compute_4device,xdna2,npu2,npu2,2,manual,manual,mlir-aie,success,passed,False,bf16,512,512,256,64,64,64,4,4,20,200,4,4,200,168,32,231.0,236.0,5.0,223.5,243.5,249.82,234.0,226.0,423.0,46.04408322466634,537.2577375710512,232.98214285714286,233.0,226.0,242.0,3.036431987989699,576.0859023530313,4.039124206639826,,logs/manual/4col/manual_bf16_M512_N512_K256_4compute_4device.log
manual_bf16_M512_N512_K512_4compute_4device,xdna2,npu2,npu2,2,manual,manual,mlir-aie,success,passed,False,bf16,512,512,512,64,64,64,4,4,20,200,4,4,200,187,13,265.0,268.0,3.0,260.5,272.5,267.735,267.0,258.0,446.0,13.552666711758244,1002.6162287336359,266.83957219251334,267.0,261.0,272.0,2.3596283195210144,1005.9806864265819,4.62450834363699,,logs/manual/4col/manual_bf16_M512_N512_K512_4compute_4device.log
manual_bf16_M512_N512_K1024_4compute_4device,xdna2,npu2,npu2,2,manual,manual,mlir-aie,success,passed,False,bf16,512,512,1024,64,64,64,4,4,20,200,4,4,200,192,8,343.0,347.0,4.0,337.0,353.0,347.59,346.0,336.0,534.0,18.302783941247846,1544.5522368307488,345.3020833333333,346.0,337.0,352.0,2.8907892220618385,1554.7861942140034,5.7165320022031665,,logs/manual/4col/manual_bf16_M512_N512_K1024_4compute_4device.log
manual_bf16_M512_N512_K2048_4compute_4device,xdna2,npu2,npu2,2,manual,manual,mlir-aie,success,passed,False,bf16,512,512,2048,64,64,64,4,4,20,200,4,4,200,185,15,510.0,513.0,3.0,505.5,517.5,511.375,512.0,502.0,524.0,2.8415444744012013,2099.7151288193595,511.55135135135134,512.0,506.0,517.0,1.6985879066307483,2098.991276562021,7.982404610142112,,logs/manual/4col/manual_bf16_M512_N512_K2048_4compute_4device.log
manual_bf16_M512_N1024_K256_4compute_4device,xdna2,npu2,npu2,2,manual,manual,mlir-aie,success,passed,False,bf16,512,1024,256,64,64,64,4,4,20,200,4,4,200,186,14,412.0,467.0,55.0,329.5,549.5,441.79,413.0,401.0,581.0,46.296391868049504,607.6087190746734,432.89784946236557,413.0,401.0,524.0,34.22341674116867,620.0896038947329,4.636385991238058,,logs/manual/4col/manual_bf16_M512_N1024_K256_4compute_4device.log
manual_bf16_M512_N1024_K512_4compute_4device,xdna2,npu2,npu2,2,manual,manual,mlir-aie,success,passed,False,bf16,512,1024,512,64,64,64,4,4,20,200,4,4,200,171,29,491.0,492.0,1.0,489.5,493.5,494.565,492.0,484.0,688.0,20.045342975364626,1085.5416618644667,491.53801169590645,492.0,490.0,493.0,0.8868860168481346,1092.2266421424576,5.591423207893968,,logs/manual/4col/manual_bf16_M512_N1024_K512_4compute_4device.log
manual_bf16_M512_N1024_K1024_4compute_4device,xdna2,npu2,npu2,2,manual,manual,mlir-aie,success,passed,False,bf16,512,1024,1024,64,64,64,4,4,20,200,4,4,200,173,27,654.0,656.0,2.0,651.0,659.0,657.74,655.0,648.0,699.0,9.46585442524868,1632.4715297838052,654.4219653179191,654.0,651.0,658.0,1.4824533091554875,1640.7484481031663,7.844913735985756,,logs/manual/4col/manual_bf16_M512_N1024_K1024_4compute_4device.log
manual_bf16_M512_N1024_K2048_4compute_4device,xdna2,npu2,npu2,2,manual,manual,mlir-aie,success,passed,False,bf16,512,1024,2048,64,64,64,4,4,20,200,4,4,200,188,12,971.0,975.0,4.0,965.0,981.0,973.58,972.0,962.0,1019.0,5.987787571382271,2205.7598225107336,972.8670212765958,972.0,966.0,981.0,2.887680667567863,2207.376343358903,12.380269393324852,,logs/manual/4col/manual_bf16_M512_N1024_K2048_4compute_4device.log
manual_bf16_M512_N2048_K256_4compute_4device,xdna2,npu2,npu2,2,manual,manual,mlir-aie,success,passed,False,bf16,512,2048,256,64,64,64,4,4,20,200,4,4,200,167,33,791.75,794.0,2.25,788.375,797.375,792.555,793.0,782.0,805.0,3.4215457033335093,677.3926251174997,793.1616766467066,793.0,789.0,797.0,1.822406664587043,676.8744983617448,5.772285034880042,,logs/manual/4col/manual_bf16_M512_N2048_K256_4compute_4device.log
manual_bf16_M512_N2048_K512_4compute_4device,xdna2,npu2,npu2,2,manual,manual,mlir-aie,success,passed,False,bf16,512,2048,512,64,64,64,4,4,20,200,4,4,200,185,15,937.0,939.0,2.0,934.0,942.0,937.965,938.0,930.0,949.0,2.373557456646036,1144.7568128874746,938.3189189189189,938.0,934.0,942.0,1.2738190795713151,1144.3250288900795,8.087194573134184,,logs/manual/4col/manual_bf16_M512_N2048_K512_4compute_4device.log
manual_bf16_M512_N2048_K1024_4compute_4device,xdna2,npu2,npu2,2,manual,manual,mlir-aie,success,passed,False,bf16,512,2048,1024,64,64,64,4,4,20,200,4,4,200,200,0,1336.75,1869.0,532.25,538.375,2667.375,1622.25,1654.0,1313.0,2014.0,242.36973305262356,1323.7686225920788,1622.25,1654.0,1313.0,2014.0,242.36973305262356,1323.7686225920788,12.098671837709844,,logs/manual/4col/manual_bf16_M512_N2048_K1024_4compute_4device.log
manual_bf16_M512_N2048_K2048_4compute_4device,xdna2,npu2,npu2,2,manual,manual,mlir-aie,success,passed,False,bf16,512,2048,2048,64,64,64,4,4,20,200,4,4,200,200,0,2017.0,2053.0,36.0,1963.0,2107.0,2036.68,2036.0,1992.0,2106.0,22.739340359825743,2108.8081073118997,2036.68,2036.0,1992.0,2106.0,22.739340359825743,2108.8081073118997,4.584201509132981,,logs/manual/4col/manual_bf16_M512_N2048_K2048_4compute_4device.log
manual_bf16_M1024_N512_K256_4compute_4device,xdna2,npu2,npu2,2,manual,manual,mlir-aie,success,passed,False,bf16,1024,512,256,64,64,64,4,4,20,200,4,4,200,200,0,414.0,513.0,99.0,265.5,661.5,471.455,468.0,405.0,611.0,53.64772106063779,569.3766234317167,471.455,468.0,405.0,611.0,53.64772106063779,569.3766234317167,5.077555954456329,,logs/manual/4col/manual_bf16_M1024_N512_K256_4compute_4device.log
manual_bf16_M1024_N512_K512_4compute_4device,xdna2,npu2,npu2,2,manual,manual,mlir-aie,success,passed,False,bf16,1024,512,512,64,64,64,4,4,20,200,4,4,200,185,15,490.0,492.0,2.0,487.0,495.0,491.685,491.0,483.0,581.0,8.3741133859054,1091.9001230462593,490.9189189189189,491.0,487.0,494.0,1.5935406503245122,1093.6040378771197,6.040025252848864,,logs/manual/4col/manual_bf16_M1024_N512_K512_4compute_4device.log
manual_bf16_M1024_N512_K1024_4compute_4device,xdna2,npu2,npu2,2,manual,manual,mlir-aie,success,passed,False,bf16,1024,512,1024,64,64,64,4,4,20,200,4,4,200,178,22,648.0,650.0,2.0,645.0,653.0,651.68,649.0,637.0,843.0,20.25284177590888,1647.6519518782225,649.1797752808989,649.0,645.0,653.0,1.341320812682422,1653.997651937622,8.092908308841288,,logs/manual/4col/manual_bf16_M1024_N512_K1024_4compute_4device.log
manual_bf16_M1024_N512_K2048_4compute_4device,xdna2,npu2,npu2,2,manual,manual,mlir-aie,success,passed,False,bf16,1024,512,2048,64,64,64,4,4,20,200,4,4,200,176,24,962.0,964.25,2.25,958.625,967.625,963.655,963.0,955.0,989.0,4.040541424116327,2228.477668875272,963.4772727272727,963.0,960.0,967.0,1.41403093002748,2228.888743707688,12.443580085411668,,logs/manual/4col/manual_bf16_M1024_N512_K2048_4compute_4device.log
manual_bf16_M1024_N1024_K256_4compute_4device,xdna2,npu2,npu2,2,manual,manual,mlir-aie,success,passed,False,bf16,1024,1024,256,64,64,64,4,4,20,200,4,4,200,193,7,792.0,845.0,53.0,712.5,924.5,814.785,794.0,779.0,1028.0,42.67339657210333,658.911138521205,808.4559585492228,794.0,779.0,887.0,26.609425620505306,664.0694602132896,6.0896272119134665,,logs/manual/4col/manual_bf16_M1024_N1024_K256_4compute_4device.log
manual_bf16_M1024_N1024_K512_4compute_4device,xdna2,npu2,npu2,2,manual,manual,mlir-aie,success,passed,False,bf16,1024,1024,512,64,64,64,4,4,20,200,4,4,200,157,43,949.0,952.0,3.0,944.5,956.5,958.39,950.0,939.0,1124.0,27.203086221971212,1120.3600037562996,950.2738853503184,950.0,945.0,956.0,1.9107855621608765,1129.9287926913462,8.261711218394339,,logs/manual/4col/manual_bf16_M1024_N1024_K512_4compute_4device.log
manual_bf16_M1024_N1024_K1024_4compute_4device,xdna2,npu2,npu2,2,manual,manual,mlir-aie,success,passed,False,bf16,1024,1024,1024,64,64,64,4,4,20,200,4,4,200,200,0,1252.0,1711.75,459.75,562.375,2401.375,1547.11,1656.0,1244.0,2116.0,260.69347498547023,1388.061384129118,1547.11,1656.0,1244.0,2116.0,260.69347498547023,1388.061384129118,12.734225144609809,,logs/manual/4col/manual_bf16_M1024_N1024_K1024_4compute_4device.log
manual_bf16_M1024_N1024_K2048_4compute_4device,xdna2,npu2,npu2,2,manual,manual,mlir-aie,success,passed,False,bf16,1024,1024,2048,64,64,64,4,4,20,200,4,4,200,157,43,1883.0,1900.25,17.25,1857.125,1926.125,1987.42,1887.0,1875.0,2626.0,196.61442876859266,2161.0768212053817,1887.2038216560509,1884.0,1875.0,1924.0,7.20998851868233,2275.8364765450183,5.709406631998718,,logs/manual/4col/manual_bf16_M1024_N1024_K2048_4compute_4device.log
manual_bf16_M1024_N2048_K256_4compute_4device,xdna2,npu2,npu2,2,manual,manual,mlir-aie,success,passed,False,bf16,1024,2048,256,64,64,64,4,4,20,200,4,4,200,178,22,1923.0,1976.5,53.5,1842.75,2056.75,1963.53,1937.5,1749.0,2243.0,74.80052874144674,546.8425865660316,1942.8202247191011,1934.0,1852.0,2052.0,28.445319829002106,552.6717347999838,8.440723747015,,logs/manual/4col/manual_bf16_M1024_N2048_K256_4compute_4device.log
manual_bf16_M1024_N2048_K512_4compute_4device,xdna2,npu2,npu2,2,manual,manual,mlir-aie,success,passed,False,bf16,1024,2048,512,64,64,64,4,4,20,200,4,4,200,179,21,1849.0,1856.0,7.0,1838.5,1866.5,1853.96,1850.0,1838.0,1885.0,8.3437641385648,1158.322535545535,1851.9944134078212,1850.0,1843.0,1866.0,5.562742387366156,1159.5519038572338,12.776048068888485,,logs/manual/4col/manual_bf16_M1024_N2048_K512_4compute_4device.log
manual_bf16_M1024_N2048_K1024_4compute_4device,xdna2,npu2,npu2,2,manual,manual,mlir-aie,success,passed,False,bf16,1024,2048,1024,64,64,64,4,4,20,200,4,4,200,199,1,2466.0,2659.25,193.25,2176.125,2949.125,2574.62,2474.0,2455.0,3123.0,175.27003622981312,1668.1946446465886,2571.8643216080404,2474.0,2455.0,2942.0,171.3336006068325,1669.982067061221,4.85345174651593,,logs/manual/4col/manual_bf16_M1024_N2048_K1024_4compute_4device.log
manual_bf16_M1024_N2048_K2048_4compute_4device,xdna2,npu2,npu2,2,manual,manual,mlir-aie,success,passed,False,bf16,1024,2048,2048,64,64,64,4,4,20,200,4,4,200,193,7,3736.75,3765.0,28.25,3694.375,3807.375,3756.15,3758.0,3717.0,3930.0,27.98638061629263,2286.8987106478708,3752.2642487046633,3757.0,3717.0,3797.0,17.60733527606146,2289.2669659300705,5.498883161693811,,logs/manual/4col/manual_bf16_M1024_N2048_K2048_4compute_4device.log
manual_bf16_M2048_N512_K256_4compute_4device,xdna2,npu2,npu2,2,manual,manual,mlir-aie,success,passed,False,bf16,2048,512,256,64,64,64,4,4,20,200,4,4,200,158,42,792.0,798.0,6.0,783.0,807.0,808.065,794.0,783.0,996.0,33.8449519869655,664.3907507440614,792.9683544303797,793.0,783.0,805.0,3.0717596616081315,677.0395174037625,7.045851092785597,,logs/manual/4col/manual_bf16_M2048_N512_K256_4compute_4device.log
manual_bf16_M2048_N512_K512_4compute_4device,xdna2,npu2,npu2,2,manual,manual,mlir-aie,success,passed,False,bf16,2048,512,512,64,64,64,4,4,20,200,4,4,200,160,40,937.0,942.75,5.75,928.375,951.375,945.41,938.0,929.0,1123.0,24.566275664007353,1135.7419786124537,938.36875,938.0,929.0,951.0,3.419835293914021,1144.264260718401,9.045654777437449,,logs/manual/4col/manual_bf16_M2048_N512_K512_4compute_4device.log
manual_bf16_M2048_N512_K1024_4compute_4device,xdna2,npu2,npu2,2,manual,manual,mlir-aie,success,passed,False,bf16,2048,512,1024,64,64,64,4,4,20,200,4,4,200,185,15,1250.0,1257.0,7.0,1239.5,1267.5,1255.46,1252.0,1242.0,1310.0,10.7102007450841,1710.5153871887594,1252.8216216216217,1251.0,1242.0,1266.0,4.754010263615291,1714.1176452720774,13.166980831883848,,logs/manual/4col/manual_bf16_M2048_N512_K1024_4compute_4device.log
manual_bf16_M2048_N512_K2048_4compute_4device,xdna2,npu2,npu2,2,manual,manual,mlir-aie,success,passed,False,bf16,2048,512,2048,64,64,64,4,4,20,200,4,4,200,188,12,1885.75,1899.0,13.25,1865.875,1918.875,1894.685,1894.0,1870.0,1935.0,12.799053675955891,2266.850318654552,1892.5212765957447,1893.5,1870.0,1918.0,9.737762340064574,2269.4420132098912,5.747286221943796,,logs/manual/4col/manual_bf16_M2048_N512_K2048_4compute_4device.log
manual_bf16_M2048_N1024_K256_4compute_4device,xdna2,npu2,npu2,2,manual,manual,mlir-aie,success,passed,False,bf16,2048,1024,256,64,64,64,4,4,20,200,4,4,200,184,16,1523.0,1537.25,14.25,1501.625,1558.625,1534.075,1526.0,1514.0,1696.0,20.80479211624091,699.927854896273,1529.2228260869565,1524.0,1514.0,1558.0,9.86976722403881,702.1487030425372,9.103778491728008,,logs/manual/4col/manual_bf16_M2048_N1024_K256_4compute_4device.log
manual_bf16_M2048_N1024_K512_4compute_4device,xdna2,npu2,npu2,2,manual,manual,mlir-aie,success,passed,False,bf16,2048,1024,512,64,64,64,4,4,20,200,4,4,200,192,8,1837.0,1898.0,61.0,1745.5,1989.5,1874.075,1845.5,1830.0,2071.0,52.291293491364314,1145.8899179595267,1867.8125,1845.0,1830.0,1988.0,43.048739939940944,1149.7319179521498,13.246381839737296,,logs/manual/4col/manual_bf16_M2048_N1024_K512_4compute_4device.log
manual_bf16_M2048_N1024_K1024_4compute_4device,xdna2,npu2,npu2,2,manual,manual,mlir-aie,success,passed,False,bf16,2048,1024,1024,64,64,64,4,4,20,200,4,4,200,189,11,2460.0,2483.0,23.0,2425.5,2517.5,2474.935,2466.0,2454.0,2629.0,21.870317213063007,1735.3858974074067,2471.4021164021165,2465.0,2454.0,2515.0,15.057111584811206,1737.8666415697019,5.6529134986922145,,logs/manual/4col/manual_bf16_M2048_N1024_K1024_4compute_4device.log
manual_bf16_M2048_N1024_K2048_4compute_4device,xdna2,npu2,npu2,2,manual,manual,mlir-aie,success,passed,False,bf16,2048,1024,2048,64,64,64,4,4,20,200,4,4,200,194,6,3735.0,3748.0,13.0,3715.5,3767.5,3744.455,3740.0,3725.0,3973.0,24.808828569684625,2294.041347005105,3741.0876288659792,3740.0,3725.0,3763.0,7.450700620649591,2296.1062247568448,6.252085796557367,,logs/manual/4col/manual_bf16_M2048_N1024_K2048_4compute_4device.log
manual_bf16_M2048_N2048_K256_4compute_4device,xdna2,npu2,npu2,2,manual,manual,mlir-aie,success,passed,False,bf16,2048,2048,256,64,64,64,4,4,20,200,4,4,200,166,34,3015.0,3035.0,20.0,2985.0,3065.0,3034.01,3026.0,2989.0,3181.0,31.25539793379697,707.8037475156641,3022.234939759036,3021.0,2989.0,3058.0,11.887990636853361,710.5614523043068,13.902901370078325,,logs/manual/4col/manual_bf16_M2048_N2048_K256_4compute_4device.log
manual_bf16_M2048_N2048_K512_4compute_4device,xdna2,npu2,npu2,2,manual,manual,mlir-aie,success,passed,False,bf16,2048,2048,512,64,64,64,4,4,20,200,4,4,200,198,2,3650.0,3670.0,20.0,3620.0,3700.0,3660.79,3664.0,3624.0,3862.0,21.10795821485347,1173.2350929717356,3659.2070707070707,3664.0,3624.0,3692.0,13.396914709830591,1173.742620466155,6.208663488738239,,logs/manual/4col/manual_bf16_M2048_N2048_K512_4compute_4device.log
manual_bf16_M2048_N2048_K1024_4compute_4device,xdna2,npu2,npu2,2,manual,manual,mlir-aie,success,passed,False,bf16,2048,2048,1024,64,64,64,4,4,20,200,4,4,200,170,30,4920.0,4926.0,6.0,4911.0,4935.0,4925.705,4922.0,4907.0,5117.0,17.46304598287481,1743.8995213883088,4922.447058823529,4922.0,4911.0,4934.0,4.33862510711276,1745.053728226994,7.18142288736999,,logs/manual/4col/manual_bf16_M2048_N2048_K1024_4compute_4device.log
manual_bf16_M2048_N2048_K2048_4compute_4device,xdna2,npu2,npu2,2,manual,manual,mlir-aie,success,passed,False,bf16,2048,2048,2048,64,64,64,4,4,20,200,4,4,200,196,4,7419.0,7444.0,25.0,7381.5,7481.5,7433.72,7431.5,7394.0,7567.0,21.133423764264986,2311.072946519374,7431.765306122449,7429.0,7394.0,7476.0,15.479941610136255,2311.680802116672,9.209867728874087,,logs/manual/4col/manual_bf16_M2048_N2048_K2048_4compute_4device.log
compiled_bf16_M256_N512_K256_4compute_4device,xdna2,npu2,npu2_4col,2,compiled,compiled,allo,success,passed,False,bf16,256,512,256,64,64,64,4,4,20,200,4,4,200,192,8,168.0,184.0,16.0,144.0,208.0,180.415,180.0,161.0,353.0,24.26237364727532,371.96942604550617,176.296875,179.0,161.0,202.0,8.133033888677398,380.65827315430295,11.103226657025516,,logs/compiled/4col/compiled_bf16_M256_N512_K256_4compute_4device.log
compiled_bf16_M256_N512_K512_4compute_4device,xdna2,npu2,npu2_4col,2,compiled,compiled,allo,success,passed,False,bf16,256,512,512,64,64,64,4,4,20,200,4,4,200,176,24,198.0,201.25,3.25,193.125,206.125,203.135,199.0,188.0,376.0,19.45319446774745,660.7316710561942,199.85227272727272,199.0,194.0,206.0,2.4979071818736975,671.5846968783761,11.88214461505413,,logs/compiled/4col/compiled_bf16_M256_N512_K512_4compute_4device.log
compiled_bf16_M256_N512_K1024_4compute_4device,xdna2,npu2,npu2_4col,2,compiled,compiled,allo,failed,failed,True,bf16,256,512,1024,64,64,64,4,4,20,200,4,4,200,149,51,225.75,239.0,13.25,205.875,258.875,273.905,234.0,189.0,8525.0,585.570154614287,980.0312371077563,236.54362416107384,237.0,212.0,256.0,8.041405618119319,1134.8243139168676,13.088981431908906,Output validation failed; timings were recorded automatically for the partial-NPU bf16 experiment,logs/compiled/4col/compiled_bf16_M256_N512_K1024_4compute_4device.log
compiled_bf16_M256_N512_K2048_4compute_4device,xdna2,npu2,npu2_4col,2,compiled,compiled,allo,failed,failed,True,bf16,256,512,2048,64,64,64,4,4,20,200,4,4,200,199,1,284.0,346.0,62.0,191.0,439.0,322.29,344.0,273.0,484.0,33.51113098658414,1665.8007136429924,321.47738693467335,344.0,273.0,402.0,31.568514325027675,1670.0114341451215,15.732623319141567,Output validation failed; timings were recorded automatically for the partial-NPU bf16 experiment,logs/compiled/4col/compiled_bf16_M256_N512_K2048_4compute_4device.log
compiled_bf16_M256_N1024_K256_4compute_4device,xdna2,npu2,npu2_4col,2,compiled,compiled,allo,success,passed,False,bf16,256,1024,256,64,64,64,4,4,20,200,4,4,200,173,27,267.5,292.0,24.5,230.75,328.75,291.275,290.0,228.0,478.0,47.76954442947933,460.79384773839155,277.1734104046243,290.0,235.0,320.0,23.07725122728638,484.23738699922836,11.691347226500511,,logs/compiled/4col/compiled_bf16_M256_N1024_K256_4compute_4device.log
compiled_bf16_M256_N1024_K512_4compute_4device,xdna2,npu2,npu2_4col,2,compiled,compiled,allo,success,passed,False,bf16,256,1024,512,64,64,64,4,4,20,200,4,4,200,194,6,281.0,347.0,66.0,182.0,446.0,332.1,345.0,271.0,520.0,43.61719844281611,808.2970671484493,327.5515463917526,345.0,271.0,440.0,35.28981516400594,819.5212599575103,12.747153632342815,,logs/compiled/4col/compiled_bf16_M256_N1024_K512_4compute_4device.log
compiled_bf16_M256_N1024_K1024_4compute_4device,xdna2,npu2,npu2_4col,2,compiled,compiled,allo,failed,failed,True,bf16,256,1024,1024,64,64,64,4,4,20,200,4,4,200,200,0,360.0,455.0,95.0,217.5,597.5,410.625,442.5,350.0,507.0,47.14630817996251,1307.4481875190259,410.625,442.5,350.0,507.0,47.14630817996251,1307.4481875190259,14.340234057977796,Output validation failed; timings were recorded automatically for the partial-NPU bf16 experiment,logs/compiled/4col/compiled_bf16_M256_N1024_K1024_4compute_4device.log
compiled_bf16_M256_N1024_K2048_4compute_4device,xdna2,npu2,npu2_4col,2,compiled,compiled,allo,failed,failed,True,bf16,256,1024,2048,64,64,64,4,4,20,200,4,4,200,200,0,520.0,602.75,82.75,395.875,726.875,558.285,521.0,508.0,690.0,64.22743786731648,1923.2861782064715,558.285,521.0,508.0,690.0,64.22743786731648,1923.2861782064715,18.0798828471452,Output validation failed; timings were recorded automatically for the partial-NPU bf16 experiment,logs/compiled/4col/compiled_bf16_M256_N1024_K2048_4compute_4device.log
compiled_bf16_M256_N2048_K256_4compute_4device,xdna2,npu2,npu2_4col,2,compiled,compiled,allo,success,passed,False,bf16,256,2048,256,64,64,64,4,4,20,200,4,4,200,197,3,429.0,540.0,111.0,262.5,706.5,494.625,483.0,420.0,738.0,69.28300206399835,542.7049906494819,491.0913705583756,482.0,420.0,697.0,63.5531016360586,546.6100039485245,13.273035312071443,,logs/compiled/4col/compiled_bf16_M256_N2048_K256_4compute_4device.log
compiled_bf16_M256_N2048_K512_4compute_4device,xdna2,npu2,npu2_4col,2,compiled,compiled,allo,success,passed,False,bf16,256,2048,512,64,64,64,4,4,20,200,4,4,200,200,0,506.0,638.0,132.0,308.0,836.0,551.89,507.0,496.0,792.0,67.24788398157968,972.7860841834423,551.89,507.0,496.0,792.0,67.24788398157968,972.7860841834423,14.49470999557525,,logs/compiled/4col/compiled_bf16_M256_N2048_K512_4compute_4device.log
compiled_bf16_M256_N2048_K1024_4compute_4device,xdna2,npu2,npu2_4col,2,compiled,compiled,allo,failed,failed,True,bf16,256,2048,1024,64,64,64,4,4,20,200,4,4,200,153,47,669.0,674.0,5.0,661.5,681.5,704.655,671.0,657.0,866.0,70.00054267646787,1523.7837296265548,670.6405228758169,670.0,663.0,680.0,2.493427646022095,1601.0691083736162,17.51661745738238,Output validation failed; timings were recorded automatically for the partial-NPU bf16 experiment,logs/compiled/4col/compiled_bf16_M256_N2048_K1024_4compute_4device.log
compiled_bf16_M256_N2048_K2048_4compute_4device,xdna2,npu2,npu2_4col,2,compiled,compiled,allo,failed,failed,True,bf16,256,2048,2048,64,64,64,4,4,20,200,4,4,200,167,33,1070.75,1128.25,57.5,984.5,1214.5,1129.35,1091.0,1034.0,1504.0,98.95634138346061,1901.5218028069244,1088.185628742515,1081.0,1034.0,1191.0,27.42209929954132,1973.4534175769145,23.18202948756516,Output validation failed; timings were recorded automatically for the partial-NPU bf16 experiment,logs/compiled/4col/compiled_bf16_M256_N2048_K2048_4compute_4device.log
compiled_bf16_M512_N512_K256_4compute_4device,xdna2,npu2,npu2_4col,2,compiled,compiled,allo,success,passed,False,bf16,512,512,256,64,64,64,4,4,20,200,4,4,200,135,65,294.0,301.0,7.0,283.5,311.5,292.22,298.0,231.0,476.0,32.18899812047589,459.3037026897543,299.42962962962963,299.0,290.0,311.0,3.5161863615986646,448.2446448803899,11.792395048774779,,logs/compiled/4col/compiled_bf16_M512_N512_K256_4compute_4device.log
compiled_bf16_M512_N512_K512_4compute_4device,xdna2,npu2,npu2_4col,2,compiled,compiled,allo,success,passed,False,bf16,512,512,512,64,64,64,4,4,20,200,4,4,200,126,74,328.25,358.0,29.75,283.625,402.625,353.96,351.0,268.0,532.0,57.9255418619455,758.3779410102836,351.12698412698415,352.5,287.0,402.0,19.68037622518501,764.4968006871298,12.607233192771673,,logs/compiled/4col/compiled_bf16_M512_N512_K512_4compute_4device.log
compiled_bf16_M512_N512_K1024_4compute_4device,xdna2,npu2,npu2_4col,2,compiled,compiled,allo,failed,failed,True,bf16,512,512,1024,64,64,64,4,4,20,200,4,4,200,198,2,353.0,440.0,87.0,222.5,570.5,395.46,355.0,343.0,622.0,53.41515140856571,1357.5858797349922,393.2171717171717,355.0,343.0,539.0,48.77259443333307,1365.3292648830547,14.419558744877577,Output validation failed; timings were recorded automatically for the partial-NPU bf16 experiment,logs/compiled/4col/compiled_bf16_M512_N512_K1024_4compute_4device.log
compiled_bf16_M512_N512_K2048_4compute_4device,xdna2,npu2,npu2_4col,2,compiled,compiled,allo,failed,failed,True,bf16,512,512,2048,64,64,64,4,4,20,200,4,4,200,200,0,520.0,654.0,134.0,319.0,855.0,563.39,521.0,510.0,722.0,63.8612394179756,1905.8588615346384,563.39,521.0,510.0,722.0,63.8612394179756,1905.8588615346384,18.166918757371604,Output validation failed; timings were recorded automatically for the partial-NPU bf16 experiment,logs/compiled/4col/compiled_bf16_M512_N512_K2048_4compute_4device.log
compiled_bf16_M512_N1024_K256_4compute_4device,xdna2,npu2,npu2_4col,2,compiled,compiled,allo,success,passed,False,bf16,512,1024,256,64,64,64,4,4,20,200,4,4,200,191,9,429.0,532.0,103.0,274.5,686.5,481.55,431.0,419.0,729.0,76.79444966923066,557.4404651645727,470.18848167539267,431.0,419.0,675.0,57.48185302804375,570.9103188651093,13.238514374010265,,logs/compiled/4col/compiled_bf16_M512_N1024_K256_4compute_4device.log
compiled_bf16_M512_N1024_K512_4compute_4device,xdna2,npu2,npu2_4col,2,compiled,compiled,allo,success,passed,False,bf16,512,1024,512,64,64,64,4,4,20,200,4,4,200,200,0,495.0,632.0,137.0,289.5,837.5,539.835,498.0,488.0,748.0,66.71639809671981,994.5092704252226,539.835,498.0,488.0,748.0,66.71639809671981,994.5092704252226,14.764705662615597,,logs/compiled/4col/compiled_bf16_M512_N1024_K512_4compute_4device.log
compiled_bf16_M512_N1024_K1024_4compute_4device,xdna2,npu2,npu2_4col,2,compiled,compiled,allo,failed,failed,True,bf16,512,1024,1024,64,64,64,4,4,20,200,4,4,200,156,44,661.0,664.0,3.0,656.5,668.5,686.755,662.0,650.0,866.0,62.089733249547784,1563.5005555110629,661.8012820512821,662.0,657.0,666.0,1.5208797715208895,1622.4535266415473,17.40349940955639,Output validation failed; timings were recorded automatically for the partial-NPU bf16 experiment,logs/compiled/4col/compiled_bf16_M512_N1024_K1024_4compute_4device.log
compiled_bf16_M512_N1024_K2048_4compute_4device,xdna2,npu2,npu2_4col,2,compiled,compiled,allo,failed,failed,True,bf16,512,1024,2048,64,64,64,4,4,20,200,4,4,200,174,26,971.0,975.0,4.0,965.0,981.0,997.33,973.0,963.0,1283.0,76.38541156529826,2153.232779521322,972.4942528735633,972.5,965.0,979.0,2.563553403188139,2208.222456487052,23.264245804399252,Output validation failed; timings were recorded automatically for the partial-NPU bf16 experiment,logs/compiled/4col/compiled_bf16_M512_N1024_K2048_4compute_4device.log
compiled_bf16_M512_N2048_K256_4compute_4device,xdna2,npu2,npu2_4col,2,compiled,compiled,allo,success,passed,False,bf16,512,2048,256,64,64,64,4,4,20,200,4,4,200,157,43,792.0,846.0,54.0,711.0,927.0,842.195,794.0,778.0,1041.0,83.58766042305527,637.4662779997507,800.2101910828026,793.0,778.0,924.0,23.020354285467796,670.9123652543519,16.617167606018484,,logs/compiled/4col/compiled_bf16_M512_N2048_K256_4compute_4device.log
compiled_bf16_M512_N2048_K512_4compute_4device,xdna2,npu2,npu2_4col,2,compiled,compiled,allo,success,passed,False,bf16,512,2048,512,64,64,64,4,4,20,200,4,4,200,160,40,946.0,948.0,2.0,943.0,951.0,975.82,947.0,932.0,1260.0,81.48789848805772,1100.3482445532989,946.975,947.0,943.0,950.0,1.1453711188955307,1133.8650164999076,18.921457663178444,,logs/compiled/4col/compiled_bf16_M512_N2048_K512_4compute_4device.log
compiled_bf16_M512_N2048_K1024_4compute_4device,xdna2,npu2,npu2_4col,2,compiled,compiled,allo,failed,failed,True,bf16,512,2048,1024,64,64,64,4,4,20,200,4,4,200,189,11,1273.0,1281.0,8.0,1261.0,1293.0,1278.215,1276.0,1265.0,1371.0,10.7176851511882,1680.0645024506832,1276.2539682539682,1276.0,1265.0,1293.0,5.186372825871592,1682.6460104472415,23.943337705917656,Output validation failed; timings were recorded automatically for the partial-NPU bf16 experiment,logs/compiled/4col/compiled_bf16_M512_N2048_K1024_4compute_4device.log
compiled_bf16_M512_N2048_K2048_4compute_4device,xdna2,npu2,npu2_4col,2,compiled,compiled,allo,failed,failed,True,bf16,512,2048,2048,64,64,64,4,4,20,200,4,4,200,200,0,1889.0,2286.5,397.5,1292.75,2882.75,2049.6,1918.0,1878.0,2854.0,220.1809937301583,2095.5148790007806,2049.6,1918.0,1878.0,2854.0,220.1809937301583,2095.5148790007806,34.69962656125426,Output validation failed; timings were recorded automatically for the partial-NPU bf16 experiment,logs/compiled/4col/compiled_bf16_M512_N2048_K2048_4compute_4device.log
compiled_bf16_M1024_N512_K256_4compute_4device,xdna2,npu2,npu2_4col,2,compiled,compiled,allo,success,passed,False,bf16,1024,512,256,64,64,64,4,4,20,200,4,4,200,200,0,477.0,541.0,64.0,381.0,637.0,505.265,519.5,419.0,565.0,40.056769402936126,531.2765697208396,505.265,519.5,419.0,565.0,40.056769402936126,531.2765697208396,13.1054648142308,,logs/compiled/4col/compiled_bf16_M1024_N512_K256_4compute_4device.log
compiled_bf16_M1024_N512_K512_4compute_4device,xdna2,npu2,npu2_4col,2,compiled,compiled,allo,success,passed,False,bf16,1024,512,512,64,64,64,4,4,20,200,4,4,200,200,0,504.0,637.0,133.0,304.5,836.5,552.125,506.0,491.0,814.0,70.59255892089477,972.3720389404573,552.125,506.0,491.0,814.0,70.59255892089477,972.3720389404573,14.585674047470093,,logs/compiled/4col/compiled_bf16_M1024_N512_K512_4compute_4device.log
compiled_bf16_M1024_N512_K1024_4compute_4device,xdna2,npu2,npu2_4col,2,compiled,compiled,allo,failed,failed,True,bf16,1024,512,1024,64,64,64,4,4,20,200,4,4,200,157,43,655.0,706.25,51.25,578.125,783.125,694.52,656.0,646.0,850.0,70.60169686346073,1546.0200195818695,658.2292993630573,655.0,646.0,745.0,14.681273054132587,1631.2580206305279,17.38833405636251,Output validation failed; timings were recorded automatically for the partial-NPU bf16 experiment,logs/compiled/4col/compiled_bf16_M1024_N512_K1024_4compute_4device.log
compiled_bf16_M1024_N512_K2048_4compute_4device,xdna2,npu2,npu2_4col,2,compiled,compiled,allo,failed,failed,True,bf16,1024,512,2048,64,64,64,4,4,20,200,4,4,200,173,27,972.0,975.0,3.0,967.5,979.5,989.98,974.0,960.0,1284.0,64.79143153226359,2169.2192246308005,973.5317919075145,973.0,968.0,979.0,2.033072142891247,2205.869049014078,23.20401978958398,Output validation failed; timings were recorded automatically for the partial-NPU bf16 experiment,logs/compiled/4col/compiled_bf16_M1024_N512_K2048_4compute_4device.log
compiled_bf16_M1024_N1024_K256_4compute_4device,xdna2,npu2,npu2_4col,2,compiled,compiled,allo,success,passed,False,bf16,1024,1024,256,64,64,64,4,4,20,200,4,4,200,164,36,791.0,844.0,53.0,711.5,923.5,838.745,798.5,782.0,1036.0,75.44521174335718,640.0883605863522,804.9634146341464,793.0,782.0,895.0,21.760304608000244,666.9506989258715,16.560440643690526,,logs/compiled/4col/compiled_bf16_M1024_N1024_K256_4compute_4device.log
compiled_bf16_M1024_N1024_K512_4compute_4device,xdna2,npu2,npu2_4col,2,compiled,compiled,allo,success,passed,False,bf16,1024,1024,512,64,64,64,4,4,20,200,4,4,200,177,23,944.0,973.0,29.0,900.5,1016.5,978.12,945.0,935.0,1311.0,76.57875423379515,1097.7608309818836,952.9943502824859,945.0,935.0,1003.0,17.22319326256859,1126.7032419255395,18.87754090782255,,logs/compiled/4col/compiled_bf16_M1024_N1024_K512_4compute_4device.log
compiled_bf16_M1024_N1024_K1024_4compute_4device,xdna2,npu2,npu2_4col,2,compiled,compiled,allo,failed,failed,True,bf16,1024,1024,1024,64,64,64,4,4,20,200,4,4,200,157,43,1258.0,1266.0,8.0,1246.0,1278.0,1287.325,1260.0,1248.0,1678.0,74.04802073654636,1668.175206727128,1259.4904458598726,1259.0,1248.0,1276.0,3.952936237374741,1705.0416341458483,23.91921882610768,Output validation failed; timings were recorded automatically for the partial-NPU bf16 experiment,logs/compiled/4col/compiled_bf16_M1024_N1024_K1024_4compute_4device.log
compiled_bf16_M1024_N1024_K2048_4compute_4device,xdna2,npu2,npu2_4col,2,compiled,compiled,allo,failed,failed,True,bf16,1024,1024,2048,64,64,64,4,4,20,200,4,4,200,163,37,1910.0,1917.0,7.0,1899.5,1927.5,1913.205,1914.0,1877.0,1971.0,12.449617464002658,2244.9069995112914,1913.6319018404909,1914.0,1900.0,1927.0,5.741846238231528,2244.406195292413,34.61791226826608,Output validation failed; timings were recorded automatically for the partial-NPU bf16 experiment,logs/compiled/4col/compiled_bf16_M1024_N1024_K2048_4compute_4device.log
compiled_bf16_M1024_N2048_K256_4compute_4device,xdna2,npu2,npu2_4col,2,compiled,compiled,allo,success,passed,False,bf16,1024,2048,256,64,64,64,4,4,20,200,4,4,200,179,21,1536.0,1561.0,25.0,1498.5,1598.5,1560.37,1557.0,1526.0,1720.0,35.77489482863646,688.1328300339022,1550.441340782123,1554.0,1526.0,1597.0,16.725208298126248,692.5394697346944,25.142166177742183,,logs/compiled/4col/compiled_bf16_M1024_N2048_K256_4compute_4device.log
compiled_bf16_M1024_N2048_K512_4compute_4device,xdna2,npu2,npu2_4col,2,compiled,compiled,allo,success,passed,False,bf16,1024,2048,512,64,64,64,4,4,20,200,4,4,200,187,13,1840.0,1845.0,5.0,1832.5,1852.5,1843.145,1842.0,1829.0,1884.0,6.406557187756931,1165.1192109139542,1842.2299465240642,1842.0,1833.0,1851.0,3.5412861341285797,1165.6979369225276,29.56739914789796,,logs/compiled/4col/compiled_bf16_M1024_N2048_K512_4compute_4device.log
compiled_bf16_M1024_N2048_K1024_4compute_4device,xdna2,npu2,npu2_4col,2,compiled,compiled,allo,failed,failed,True,bf16,1024,2048,1024,64,64,64,4,4,20,200,4,4,200,195,5,2496.0,2510.0,14.0,2475.0,2531.0,2502.455,2507.0,2471.0,2550.0,13.428625208858872,1716.3015103168689,2502.1692307692306,2507.0,2475.0,2529.0,12.334528435087266,1716.4975266999097,39.53984009753913,Output validation failed; timings were recorded automatically for the partial-NPU bf16 experiment,logs/compiled/4col/compiled_bf16_M1024_N2048_K1024_4compute_4device.log
compiled_bf16_M1024_N2048_K2048_4compute_4device,xdna2,npu2,npu2_4col,2,compiled,compiled,allo,failed,failed,True,bf16,1024,2048,2048,64,64,64,4,4,20,200,4,4,200,185,15,3755.75,3793.0,37.25,3699.875,3848.875,3789.61,3765.0,3739.0,4472.0,83.85527949986214,2266.706756631949,3771.4054054054054,3764.0,3739.0,3847.0,19.9239899665453,2277.6481625890415,62.63438802305609,Output validation failed; timings were recorded automatically for the partial-NPU bf16 experiment,logs/compiled/4col/compiled_bf16_M1024_N2048_K2048_4compute_4device.log
compiled_bf16_M2048_N512_K256_4compute_4device,xdna2,npu2,npu2_4col,2,compiled,compiled,allo,success,passed,False,bf16,2048,512,256,64,64,64,4,4,20,200,4,4,200,135,65,797.0,799.0,2.0,794.0,802.0,828.94,798.0,787.0,1091.0,74.45056346328079,647.6595555770019,797.5185185185185,798.0,794.0,801.0,1.1277762573729337,673.1767345005342,16.499365149997175,,logs/compiled/4col/compiled_bf16_M2048_N512_K256_4compute_4device.log
compiled_bf16_M2048_N512_K512_4compute_4device,xdna2,npu2,npu2_4col,2,compiled,compiled,allo,success,passed,False,bf16,2048,512,512,64,64,64,4,4,20,200,4,4,200,146,54,946.0,948.0,2.0,943.0,951.0,976.615,947.0,933.0,1233.0,78.45372378032798,1099.4525212084598,946.4589041095891,947.0,943.0,951.0,1.3351246021004168,1134.4833033296425,18.913840429857373,,logs/compiled/4col/compiled_bf16_M2048_N512_K512_4compute_4device.log
compiled_bf16_M2048_N512_K1024_4compute_4device,xdna2,npu2,npu2_4col,2,compiled,compiled,allo,failed,failed,True,bf16,2048,512,1024,64,64,64,4,4,20,200,4,4,200,194,6,1283.0,1300.0,17.0,1257.5,1325.5,1292.38,1289.0,1265.0,1465.0,19.26955111049554,1661.6503257555828,1290.0051546391753,1288.0,1265.0,1324.0,11.11815521979931,1664.7093542821292,23.888133713044226,Output validation failed; timings were recorded automatically for the partial-NPU bf16 experiment,logs/compiled/4col/compiled_bf16_M2048_N512_K1024_4compute_4device.log
compiled_bf16_M2048_N512_K2048_4compute_4device,xdna2,npu2,npu2_4col,2,compiled,compiled,allo,failed,failed,True,bf16,2048,512,2048,64,64,64,4,4,20,200,4,4,200,170,30,1892.0,1915.0,23.0,1857.5,1949.5,1947.825,1900.0,1882.0,2393.0,116.22505915249086,2205.0067619010947,1900.3470588235293,1897.0,1882.0,1949.0,10.925018112627809,2260.096268235833,34.715138676576316,Output validation failed; timings were recorded automatically for the partial-NPU bf16 experiment,logs/compiled/4col/compiled_bf16_M2048_N512_K2048_4compute_4device.log
compiled_bf16_M2048_N1024_K256_4compute_4device,xdna2,npu2,npu2_4col,2,compiled,compiled,allo,success,passed,False,bf16,2048,1024,256,64,64,64,4,4,20,200,4,4,200,200,0,1534.75,1839.75,305.0,1077.25,2297.25,1665.805,1574.5,1518.0,2131.0,164.23177821298776,644.5783414025051,1665.805,1574.5,1518.0,2131.0,164.23177821298776,644.5783414025051,25.332977476529777,,logs/compiled/4col/compiled_bf16_M2048_N1024_K256_4compute_4device.log
compiled_bf16_M2048_N1024_K512_4compute_4device,xdna2,npu2,npu2_4col,2,compiled,compiled,allo,success,passed,False,bf16,2048,1024,512,64,64,64,4,4,20,200,4,4,200,173,27,1845.75,1882.25,36.5,1791.0,1937.0,1878.215,1850.5,1833.0,2095.0,57.05592672983237,1143.364123915526,1857.8670520231215,1848.0,1833.0,1936.0,19.208009859288364,1155.8866096804404,29.765381202101707,,logs/compiled/4col/compiled_bf16_M2048_N1024_K512_4compute_4device.log
compiled_bf16_M2048_N1024_K1024_4compute_4device,xdna2,npu2,npu2_4col,2,compiled,compiled,allo,failed,failed,True,bf16,2048,1024,1024,64,64,64,4,4,20,200,4,4,200,194,6,2481.0,2509.0,28.0,2439.0,2551.0,2499.955,2497.0,2468.0,2686.0,28.74426855914062,1718.017842721169,2496.077319587629,2497.0,2468.0,2547.0,16.513012707912452,1720.6868001627292,39.707065467722714,Output validation failed; timings were recorded automatically for the partial-NPU bf16 experiment,logs/compiled/4col/compiled_bf16_M2048_N1024_K1024_4compute_4device.log
compiled_bf16_M2048_N1024_K2048_4compute_4device,xdna2,npu2,npu2_4col,2,compiled,compiled,allo,failed,failed,True,bf16,2048,1024,2048,64,64,64,4,4,20,200,4,4,200,181,19,3741.0,3751.25,10.25,3725.625,3766.625,3747.455,3744.0,3710.0,3800.0,12.534670917100296,2292.2048675701244,3745.4364640883978,3744.0,3730.0,3766.0,7.660085013526691,2293.440210336262,63.80217255000025,Output validation failed; timings were recorded automatically for the partial-NPU bf16 experiment,logs/compiled/4col/compiled_bf16_M2048_N1024_K2048_4compute_4device.log
compiled_bf16_M2048_N2048_K256_4compute_4device,xdna2,npu2,npu2_4col,2,compiled,compiled,allo,success,passed,False,bf16,2048,2048,256,64,64,64,4,4,20,200,4,4,200,170,30,3025.0,3037.0,12.0,3007.0,3055.0,3040.025,3029.0,2998.0,3254.0,34.6898310027593,706.4032854992969,3029.435294117647,3028.0,3017.0,3055.0,6.987294450431026,708.8725915915215,50.001826563850045,,logs/compiled/4col/compiled_bf16_M2048_N2048_K256_4compute_4device.log
compiled_bf16_M2048_N2048_K512_4compute_4device,xdna2,npu2,npu2_4col,2,compiled,compiled,allo,success,passed,False,bf16,2048,2048,512,64,64,64,4,4,20,200,4,4,200,178,22,3653.0,3670.0,17.0,3627.5,3695.5,3687.415,3664.0,3640.0,4097.0,85.6140921519349,1164.763742621864,3661.2078651685392,3662.5,3640.0,3691.0,9.915176481332935,1173.1011879606258,60.328513509593904,,logs/compiled/4col/compiled_bf16_M2048_N2048_K512_4compute_4device.log
compiled_bf16_M2048_N2048_K1024_4compute_4device,xdna2,npu2,npu2_4col,2,compiled,compiled,allo,failed,failed,True,bf16,2048,2048,1024,64,64,64,4,4,20,200,4,4,200,174,26,4898.0,4910.25,12.25,4879.625,4928.625,4921.905,4902.0,4873.0,5599.0,90.25938164534477,1745.2459143360143,4904.4885057471265,4902.0,4881.0,4928.0,9.156831822829126,1751.4435158598562,82.19521402101964,Output validation failed; timings were recorded automatically for the partial-NPU bf16 experiment,logs/compiled/4col/compiled_bf16_M2048_N2048_K1024_4compute_4device.log
compiled_bf16_M2048_N2048_K2048_4compute_4device,xdna2,npu2,npu2_4col,2,compiled,compiled,allo,failed,failed,True,bf16,2048,2048,2048,64,64,64,4,4,20,200,4,4,200,195,5,7439.0,7517.5,78.5,7321.25,7635.25,7484.665,7451.5,7383.0,8098.0,88.15726161241625,2295.342434698146,7474.189743589744,7451.0,7383.0,7635.0,55.96097447361704,2298.5594122405514,142.14018734637648,Output validation failed; timings were recorded automatically for the partial-NPU bf16 experiment,logs/compiled/4col/compiled_bf16_M2048_N2048_K2048_4compute_4device.log
compiled-full-io_bf16_M256_N512_K256_4compute_8device,xdna2,npu2,npu2,2,compiled-full-io,compiled-full-io,allo,success,passed,False,bf16,256,512,256,64,64,64,4,8,20,200,4,4,200,178,22,172.0,175.0,3.0,167.5,179.5,179.75,173.0,163.0,351.0,27.16923811960873,373.3455577190542,173.13483146067415,173.0,169.0,179.0,1.5878118024215282,387.61041573106627,11.37189221009612,,logs/compiled-full-io/4col/compiled-full-io_bf16_M256_N512_K256_4compute_8device.log
compiled-full-io_bf16_M256_N512_K512_4compute_8device,xdna2,npu2,npu2,2,compiled-full-io,compiled-full-io,allo,success,passed,False,bf16,256,512,512,64,64,64,4,8,20,200,4,4,200,159,41,184.0,185.0,1.0,182.5,186.5,187.15,184.0,179.0,372.0,15.878838118703774,717.166593641464,184.31446540880503,184.0,183.0,186.0,0.7280400567792594,728.1996434859756,11.856095179915428,,logs/compiled-full-io/4col/compiled-full-io_bf16_M256_N512_K512_4compute_8device.log
compiled-full-io_bf16_M256_N512_K1024_4compute_8device,xdna2,npu2,npu2,2,compiled-full-io,compiled-full-io,allo,failed,failed,True,bf16,256,512,1024,64,64,64,4,8,20,200,4,4,200,174,26,252.0,255.0,3.0,247.5,259.5,256.33,254.0,238.0,429.0,22.193266996997085,1047.2260601568291,253.30459770114942,254.0,249.0,258.0,1.6061239160033491,1059.7338478502554,13.225827760063112,Output validation failed; timings were recorded automatically for the partial-NPU bf16 experiment,logs/compiled-full-io/4col/compiled-full-io_bf16_M256_N512_K1024_4compute_8device.log
compiled-full-io_bf16_M256_N512_K2048_4compute_8device,xdna2,npu2,npu2,2,compiled-full-io,compiled-full-io,allo,failed,failed,True,bf16,256,512,2048,64,64,64,4,8,20,200,4,4,200,199,1,282.0,347.0,65.0,184.5,444.5,324.46,344.0,270.0,464.0,36.45062962419168,1654.6597793256487,323.75879396984925,344.0,270.0,439.0,35.17082662920609,1658.2434886695225,15.807758826762438,Output validation failed; timings were recorded automatically for the partial-NPU bf16 experiment,logs/compiled-full-io/4col/compiled-full-io_bf16_M256_N512_K2048_4compute_8device.log
compiled-full-io_bf16_M256_N1024_K256_4compute_8device,xdna2,npu2,npu2,2,compiled-full-io,compiled-full-io,allo,success,passed,False,bf16,256,1024,256,64,64,64,4,8,20,200,4,4,200,135,65,288.0,290.25,2.25,284.625,293.625,294.89,288.0,232.0,476.0,37.48623614074905,455.14506426124996,288.4962962962963,288.0,285.0,293.0,1.2405140754815174,465.23206614116623,11.894882831722498,,logs/compiled-full-io/4col/compiled-full-io_bf16_M256_N1024_K256_4compute_8device.log
compiled-full-io_bf16_M256_N1024_K512_4compute_8device,xdna2,npu2,npu2,2,compiled-full-io,compiled-full-io,allo,success,passed,False,bf16,256,1024,512,64,64,64,4,8,20,200,4,4,200,130,70,324.0,335.0,11.0,307.5,351.5,330.86,334.0,266.0,533.0,49.973697081564815,811.3264099619174,334.0923076923077,334.0,317.0,346.0,3.4450547697916076,803.4769128752994,12.84030646737665,,logs/compiled-full-io/4col/compiled-full-io_bf16_M256_N1024_K512_4compute_8device.log
compiled-full-io_bf16_M256_N1024_K1024_4compute_8device,xdna2,npu2,npu2,2,compiled-full-io,compiled-full-io,allo,failed,failed,True,bf16,256,1024,1024,64,64,64,4,8,20,200,4,4,200,200,0,352.0,437.0,85.0,224.5,564.5,393.15,354.0,343.0,518.0,47.9839296014822,1365.5625384713214,393.15,354.0,343.0,518.0,47.9839296014822,1365.5625384713214,14.679104143753648,Output validation failed; timings were recorded automatically for the partial-NPU bf16 experiment,logs/compiled-full-io/4col/compiled-full-io_bf16_M256_N1024_K1024_4compute_8device.log
compiled-full-io_bf16_M256_N1024_K2048_4compute_8device,xdna2,npu2,npu2,2,compiled-full-io,compiled-full-io,allo,failed,failed,True,bf16,256,1024,2048,64,64,64,4,8,20,200,4,4,200,151,49,510.0,518.0,8.0,498.0,530.0,542.585,512.0,499.0,656.0,56.37155998373648,1978.937537897288,511.0,511.0,499.0,518.0,3.208019751883835,2101.2560156555774,18.27713244687766,Output validation failed; timings were recorded automatically for the partial-NPU bf16 experiment,logs/compiled-full-io/4col/compiled-full-io_bf16_M256_N1024_K2048_4compute_8device.log
compiled-full-io_bf16_M256_N2048_K256_4compute_8device,xdna2,npu2,npu2,2,compiled-full-io,compiled-full-io,allo,success,passed,False,bf16,256,2048,256,64,64,64,4,8,20,200,4,4,200,197,3,431.0,537.0,106.0,272.0,696.0,487.3,483.0,420.0,729.0,60.24226091374725,550.8628278268008,483.7715736040609,483.0,420.0,667.0,53.41916996602246,554.8805896141779,13.366832462139428,,logs/compiled-full-io/4col/compiled-full-io_bf16_M256_N2048_K256_4compute_8device.log
compiled-full-io_bf16_M256_N2048_K512_4compute_8device,xdna2,npu2,npu2,2,compiled-full-io,compiled-full-io,allo,success,passed,False,bf16,256,2048,512,64,64,64,4,8,20,200,4,4,200,200,0,495.0,623.0,128.0,303.0,815.0,540.585,497.0,489.0,662.0,62.0393647211188,993.1295022984359,540.585,497.0,489.0,662.0,62.0393647211188,993.1295022984359,14.665424919687212,,logs/compiled-full-io/4col/compiled-full-io_bf16_M256_N2048_K512_4compute_8device.log
compiled-full-io_bf16_M256_N2048_K1024_4compute_8device,xdna2,npu2,npu2,2,compiled-full-io,compiled-full-io,allo,failed,failed,True,bf16,256,2048,1024,64,64,64,4,8,20,200,4,4,200,161,39,663.0,668.25,5.25,655.125,676.125,698.64,665.0,657.0,871.0,72.03423075177523,1536.902874155502,664.2670807453416,664.0,657.0,673.0,2.692888642689741,1616.430883185129,17.619504634290934,Output validation failed; timings were recorded automatically for the partial-NPU bf16 experiment,logs/compiled-full-io/4col/compiled-full-io_bf16_M256_N2048_K1024_4compute_8device.log
compiled-full-io_bf16_M256_N2048_K2048_4compute_8device,xdna2,npu2,npu2,2,compiled-full-io,compiled-full-io,allo,failed,failed,True,bf16,256,2048,2048,64,64,64,4,8,20,200,4,4,200,185,15,984.0,999.0,15.0,961.5,1021.5,1008.875,989.0,974.0,1275.0,68.23056041833453,2128.5923905340105,989.8378378378378,988.0,974.0,1012.0,7.529809277630291,2169.530771515946,23.434532219544053,Output validation failed; timings were recorded automatically for the partial-NPU bf16 experiment,logs/compiled-full-io/4col/compiled-full-io_bf16_M256_N2048_K2048_4compute_8device.log
compiled-full-io_bf16_M512_N512_K256_4compute_8device,xdna2,npu2,npu2,2,compiled-full-io,compiled-full-io,allo,success,passed,False,bf16,512,512,256,64,64,64,4,8,20,200,4,4,200,136,64,288.0,291.0,3.0,283.5,295.5,303.695,289.0,233.0,488.0,50.260341970583525,441.9490870774955,288.86764705882354,289.0,284.0,295.0,1.6441018624939439,464.6339919564221,11.973524709232152,,logs/compiled-full-io/4col/compiled-full-io_bf16_M512_N512_K256_4compute_8device.log
compiled-full-io_bf16_M512_N512_K512_4compute_8device,xdna2,npu2,npu2,2,compiled-full-io,compiled-full-io,allo,success,passed,False,bf16,512,512,512,64,64,64,4,8,20,200,4,4,200,190,10,279.75,347.25,67.5,178.5,448.5,340.19,341.0,271.0,533.0,57.46828603673508,789.0750933301978,330.7842105263158,341.0,271.0,444.0,41.06427264100298,811.5123015481552,12.827501938678324,,logs/compiled-full-io/4col/compiled-full-io_bf16_M512_N512_K512_4compute_8device.log
compiled-full-io_bf16_M512_N512_K1024_4compute_8device,xdna2,npu2,npu2,2,compiled-full-io,compiled-full-io,allo,failed,failed,True,bf16,512,512,1024,64,64,64,4,8,20,200,4,4,200,200,0,352.0,436.0,84.0,226.0,562.0,396.705,407.0,343.0,545.0,45.80303456104191,1353.3252971351508,396.705,407.0,343.0,545.0,45.80303456104191,1353.3252971351508,14.550452179275453,Output validation failed; timings were recorded automatically for the partial-NPU bf16 experiment,logs/compiled-full-io/4col/compiled-full-io_bf16_M512_N512_K1024_4compute_8device.log
compiled-full-io_bf16_M512_N512_K2048_4compute_8device,xdna2,npu2,npu2,2,compiled-full-io,compiled-full-io,allo,failed,failed,True,bf16,512,512,2048,64,64,64,4,8,20,200,4,4,200,200,0,519.0,656.0,137.0,313.5,861.5,559.78,520.0,509.0,679.0,63.2152797984791,1918.149673085855,559.78,520.0,509.0,679.0,63.2152797984791,1918.149673085855,18.076820260845125,Output validation failed; timings were recorded automatically for the partial-NPU bf16 experiment,logs/compiled-full-io/4col/compiled-full-io_bf16_M512_N512_K2048_4compute_8device.log
compiled-full-io_bf16_M512_N1024_K256_4compute_8device,xdna2,npu2,npu2,2,compiled-full-io,compiled-full-io,allo,success,passed,False,bf16,512,1024,256,64,64,64,4,8,20,200,4,4,200,200,0,422.0,534.0,112.0,254.0,702.0,466.98,427.5,413.0,636.0,56.42835811894583,574.8328750695962,466.98,427.5,413.0,636.0,56.42835811894583,574.8328750695962,13.328942785970867,,logs/compiled-full-io/4col/compiled-full-io_bf16_M512_N1024_K256_4compute_8device.log
compiled-full-io_bf16_M512_N1024_K512_4compute_8device,xdna2,npu2,npu2,2,compiled-full-io,compiled-full-io,allo,success,passed,False,bf16,512,1024,512,64,64,64,4,8,20,200,4,4,200,200,0,502.0,632.0,130.0,307.0,827.0,547.95,505.0,489.0,824.0,72.20019044296212,979.7808413176384,547.95,505.0,489.0,824.0,72.20019044296212,979.7808413176384,14.66577097773552,,logs/compiled-full-io/4col/compiled-full-io_bf16_M512_N1024_K512_4compute_8device.log
compiled-full-io_bf16_M512_N1024_K1024_4compute_8device,xdna2,npu2,npu2,2,compiled-full-io,compiled-full-io,allo,failed,failed,True,bf16,512,1024,1024,64,64,64,4,8,20,200,4,4,200,157,43,651.0,655.25,4.25,644.625,661.625,687.4,654.0,644.0,845.0,70.35211439608621,1562.0334943264475,652.4012738853503,653.0,645.0,660.0,2.5560216714377493,1645.8303608228298,17.508565586060286,Output validation failed; timings were recorded automatically for the partial-NPU bf16 experiment,logs/compiled-full-io/4col/compiled-full-io_bf16_M512_N1024_K1024_4compute_8device.log
compiled-full-io_bf16_M512_N1024_K2048_4compute_8device,xdna2,npu2,npu2,2,compiled-full-io,compiled-full-io,allo,failed,failed,True,bf16,512,1024,2048,64,64,64,4,8,20,200,4,4,200,177,23,969.0,973.0,4.0,963.0,979.0,994.6,970.0,960.0,1252.0,77.04297502043907,2159.143020309672,970.0508474576271,970.0,963.0,979.0,2.913578548757811,2213.7846213198677,23.59666391927749,Output validation failed; timings were recorded automatically for the partial-NPU bf16 experiment,logs/compiled-full-io/4col/compiled-full-io_bf16_M512_N1024_K2048_4compute_8device.log
compiled-full-io_bf16_M512_N2048_K256_4compute_8device,xdna2,npu2,npu2,2,compiled-full-io,compiled-full-io,allo,success,passed,False,bf16,512,2048,256,64,64,64,4,8,20,200,4,4,200,200,0,799.0,997.5,198.5,501.25,1295.25,895.53,852.5,789.0,1031.0,95.05019253005224,599.5007559769075,895.53,852.5,789.0,1031.0,95.05019253005224,599.5007559769075,16.774931885302067,,logs/compiled-full-io/4col/compiled-full-io_bf16_M512_N2048_K256_4compute_8device.log
compiled-full-io_bf16_M512_N2048_K512_4compute_8device,xdna2,npu2,npu2,2,compiled-full-io,compiled-full-io,allo,success,passed,False,bf16,512,2048,512,64,64,64,4,8,20,200,4,4,200,156,44,946.0,948.0,2.0,943.0,951.0,975.415,947.0,938.0,1225.0,80.49542083249209,1100.8051178216451,946.7820512820513,947.0,944.0,951.0,1.3411383979658313,1134.0960916464678,19.13359276484698,,logs/compiled-full-io/4col/compiled-full-io_bf16_M512_N2048_K512_4compute_8device.log
compiled-full-io_bf16_M512_N2048_K1024_4compute_8device,xdna2,npu2,npu2,2,compiled-full-io,compiled-full-io,allo,failed,failed,True,bf16,512,2048,1024,64,64,64,4,8,20,200,4,4,200,182,18,1258.0,1263.0,5.0,1250.5,1270.5,1271.73,1261.0,1252.0,1622.0,56.41672712946046,1688.6317441595306,1260.543956043956,1261.0,1252.0,1269.0,3.42032415375344,1703.616631299064,24.155683119781315,Output validation failed; timings were recorded automatically for the partial-NPU bf16 experiment,logs/compiled-full-io/4col/compiled-full-io_bf16_M512_N2048_K1024_4compute_8device.log
compiled-full-io_bf16_M512_N2048_K2048_4compute_8device,xdna2,npu2,npu2,2,compiled-full-io,compiled-full-io,allo,failed,failed,True,bf16,512,2048,2048,64,64,64,4,8,20,200,4,4,200,194,6,1894.0,1911.0,17.0,1868.5,1936.5,1904.4,1902.0,1885.0,1957.0,12.396773773849388,2255.2863348036126,1903.1907216494844,1902.0,1885.0,1936.0,10.388818160801117,2256.719333035407,34.549933068454266,Output validation failed; timings were recorded automatically for the partial-NPU bf16 experiment,logs/compiled-full-io/4col/compiled-full-io_bf16_M512_N2048_K2048_4compute_8device.log
compiled-full-io_bf16_M1024_N512_K256_4compute_8device,xdna2,npu2,npu2,2,compiled-full-io,compiled-full-io,allo,success,passed,False,bf16,1024,512,256,64,64,64,4,8,20,200,4,4,200,194,6,477.0,537.5,60.5,386.25,628.25,514.605,519.5,415.0,727.0,49.9847874357789,521.6339833464502,509.2113402061856,519.0,415.0,601.0,39.548113399523615,527.1592260520109,13.445154150947928,,logs/compiled-full-io/4col/compiled-full-io_bf16_M1024_N512_K256_4compute_8device.log
compiled-full-io_bf16_M1024_N512_K512_4compute_8device,xdna2,npu2,npu2,2,compiled-full-io,compiled-full-io,allo,success,passed,False,bf16,1024,512,512,64,64,64,4,8,20,200,4,4,200,200,0,500.0,623.0,123.0,315.5,807.5,544.19,501.0,488.0,800.0,63.536398229676195,986.550491556258,544.19,501.0,488.0,800.0,63.536398229676195,986.550491556258,14.742042500525713,,logs/compiled-full-io/4col/compiled-full-io_bf16_M1024_N512_K512_4compute_8device.log
compiled-full-io_bf16_M1024_N512_K1024_4compute_8device,xdna2,npu2,npu2,2,compiled-full-io,compiled-full-io,allo,failed,failed,True,bf16,1024,512,1024,64,64,64,4,8,20,200,4,4,200,148,52,660.0,665.0,5.0,652.5,672.5,696.555,661.0,650.0,853.0,69.70894472734471,1541.5032897617562,660.722972972973,660.0,653.0,672.0,1.920096231913932,1625.1013933549448,17.696983410976827,Output validation failed; timings were recorded automatically for the partial-NPU bf16 experiment,logs/compiled-full-io/4col/compiled-full-io_bf16_M1024_N512_K1024_4compute_8device.log
compiled-full-io_bf16_M1024_N512_K2048_4compute_8device,xdna2,npu2,npu2,2,compiled-full-io,compiled-full-io,allo,failed,failed,True,bf16,1024,512,2048,64,64,64,4,8,20,200,4,4,200,178,22,966.0,971.0,5.0,958.5,978.5,991.93,969.0,960.0,1251.0,74.4828510463986,2164.9548335063964,967.9943820224719,968.0,960.0,976.0,3.1755689413473362,2218.487718403046,23.62428083550185,Output validation failed; timings were recorded automatically for the partial-NPU bf16 experiment,logs/compiled-full-io/4col/compiled-full-io_bf16_M1024_N512_K2048_4compute_8device.log
compiled-full-io_bf16_M1024_N1024_K256_4compute_8device,xdna2,npu2,npu2,2,compiled-full-io,compiled-full-io,allo,success,passed,False,bf16,1024,1024,256,64,64,64,4,8,20,200,4,4,200,163,37,789.0,844.0,55.0,706.5,926.5,834.82,791.0,779.0,1034.0,78.56486237498288,643.0978079106874,798.8343558282209,791.0,779.0,901.0,22.43279364501916,672.0678800092159,16.87151980958879,,logs/compiled-full-io/4col/compiled-full-io_bf16_M1024_N1024_K256_4compute_8device.log
compiled-full-io_bf16_M1024_N1024_K512_4compute_8device,xdna2,npu2,npu2,2,compiled-full-io,compiled-full-io,allo,success,passed,False,bf16,1024,1024,512,64,64,64,4,8,20,200,4,4,200,173,27,942.0,993.0,51.0,865.5,1069.5,984.91,944.0,935.0,1309.0,84.27343531623711,1090.1928338629925,954.1040462427745,944.0,935.0,1067.0,25.472429521128216,1125.3927999030655,19.209601417183876,,logs/compiled-full-io/4col/compiled-full-io_bf16_M1024_N1024_K512_4compute_8device.log
compiled-full-io_bf16_M1024_N1024_K1024_4compute_8device,xdna2,npu2,npu2,2,compiled-full-io,compiled-full-io,allo,failed,failed,True,bf16,1024,1024,1024,64,64,64,4,8,20,200,4,4,200,167,33,1258.0,1269.0,11.0,1241.5,1285.5,1283.235,1259.0,1249.0,1620.0,70.65125458900216,1673.4921101746756,1260.4491017964071,1259.0,1249.0,1284.0,7.284351764594846,1703.7448358203283,24.241886225529015,Output validation failed; timings were recorded automatically for the partial-NPU bf16 experiment,logs/compiled-full-io/4col/compiled-full-io_bf16_M1024_N1024_K1024_4compute_8device.log
compiled-full-io_bf16_M1024_N1024_K2048_4compute_8device,xdna2,npu2,npu2,2,compiled-full-io,compiled-full-io,allo,failed,failed,True,bf16,1024,1024,2048,64,64,64,4,8,20,200,4,4,200,198,2,1886.0,1912.0,26.0,1847.0,1951.0,1900.66,1905.0,1879.0,1969.0,15.317780518077676,2259.7241463491628,1899.9747474747476,1904.5,1879.0,1935.0,13.785674334446716,2260.539147537846,35.15392657276243,Output validation failed; timings were recorded automatically for the partial-NPU bf16 experiment,logs/compiled-full-io/4col/compiled-full-io_bf16_M1024_N1024_K2048_4compute_8device.log
compiled-full-io_bf16_M1024_N2048_K256_4compute_8device,xdna2,npu2,npu2,2,compiled-full-io,compiled-full-io,allo,success,passed,False,bf16,1024,2048,256,64,64,64,4,8,20,200,4,4,200,161,39,1557.0,1563.0,6.0,1548.0,1572.0,1573.23,1560.0,1544.0,1733.0,35.172249004008826,682.5078494562143,1558.7639751552795,1559.0,1548.0,1572.0,3.881018512585957,688.8418266742641,25.646618804894388,,logs/compiled-full-io/4col/compiled-full-io_bf16_M1024_N2048_K256_4compute_8device.log
compiled-full-io_bf16_M1024_N2048_K512_4compute_8device,xdna2,npu2,npu2,2,compiled-full-io,compiled-full-io,allo,success,passed,False,bf16,1024,2048,512,64,64,64,4,8,20,200,4,4,200,187,13,1853.75,1868.0,14.25,1832.375,1889.375,1868.18,1866.0,1835.0,2646.0,58.29903601261345,1149.5057478401438,1860.7807486631016,1865.0,1835.0,1888.0,11.064229276952801,1154.0766689159286,29.83865601848811,,logs/compiled-full-io/4col/compiled-full-io_bf16_M1024_N2048_K512_4compute_8device.log
compiled-full-io_bf16_M1024_N2048_K1024_4compute_8device,xdna2,npu2,npu2,2,compiled-full-io,compiled-full-io,allo,failed,failed,True,bf16,1024,2048,1024,64,64,64,4,8,20,200,4,4,200,177,23,2491.0,2496.0,5.0,2483.5,2503.5,2493.095,2494.0,2463.0,2531.0,8.158184540692861,1722.7451404780002,2493.7796610169494,2494.0,2484.0,2502.0,3.305881404783242,1722.272165075136,39.83464780356735,Output validation failed; timings were recorded automatically for the partial-NPU bf16 experiment,logs/compiled-full-io/4col/compiled-full-io_bf16_M1024_N2048_K1024_4compute_8device.log
compiled-full-io_bf16_M1024_N2048_K2048_4compute_8device,xdna2,npu2,npu2,2,compiled-full-io,compiled-full-io,allo,failed,failed,True,bf16,1024,2048,2048,64,64,64,4,8,20,200,4,4,200,198,2,3744.0,4040.0,296.0,3300.0,4484.0,3872.745,3759.0,3718.0,5251.0,212.65979868089784,2218.0480749442577,3861.3939393939395,3759.0,3718.0,4318.0,179.28217239035908,2224.5683105174767,62.77781278733164,Output validation failed; timings were recorded automatically for the partial-NPU bf16 experiment,logs/compiled-full-io/4col/compiled-full-io_bf16_M1024_N2048_K2048_4compute_8device.log
compiled-full-io_bf16_M2048_N512_K256_4compute_8device,xdna2,npu2,npu2,2,compiled-full-io,compiled-full-io,allo,success,passed,False,bf16,2048,512,256,64,64,64,4,8,20,200,4,4,200,164,36,791.0,822.25,31.25,744.125,869.125,836.67,798.0,782.0,1191.0,80.22026614266497,641.675824399106,801.4268292682926,793.0,782.0,867.0,17.431419969170108,669.8938597927478,16.873782953247428,,logs/compiled-full-io/4col/compiled-full-io_bf16_M2048_N512_K256_4compute_8device.log
compiled-full-io_bf16_M2048_N512_K512_4compute_8device,xdna2,npu2,npu2,2,compiled-full-io,compiled-full-io,allo,success,passed,False,bf16,2048,512,512,64,64,64,4,8,20,200,4,4,200,161,39,944.0,947.0,3.0,939.5,951.5,963.745,945.0,933.0,1235.0,68.46480829594135,1114.1347804657871,945.4658385093168,945.0,941.0,951.0,1.78687782778686,1135.6749025358033,19.086663897149265,,logs/compiled-full-io/4col/compiled-full-io_bf16_M2048_N512_K512_4compute_8device.log
compiled-full-io_bf16_M2048_N512_K1024_4compute_8device,xdna2,npu2,npu2,2,compiled-full-io,compiled-full-io,allo,failed,failed,True,bf16,2048,512,1024,64,64,64,4,8,20,200,4,4,200,200,0,1286.75,1667.75,381.0,715.25,2239.25,1502.2,1447.0,1261.0,1935.0,216.55209534890213,1429.559078684596,1502.2,1447.0,1261.0,1935.0,216.55209534890213,1429.559078684596,24.083680350333452,Output validation failed; timings were recorded automatically for the partial-NPU bf16 experiment,logs/compiled-full-io/4col/compiled-full-io_bf16_M2048_N512_K1024_4compute_8device.log
compiled-full-io_bf16_M2048_N512_K2048_4compute_8device,xdna2,npu2,npu2,2,compiled-full-io,compiled-full-io,allo,failed,failed,True,bf16,2048,512,2048,64,64,64,4,8,20,200,4,4,200,155,45,1883.0,1909.25,26.25,1843.625,1948.625,1973.59,1887.0,1876.0,2654.0,169.49953362767698,2176.220641571958,1888.2709677419355,1885.0,1876.0,1943.0,9.298150823733442,2274.55029991595,35.10714735183865,Output validation failed; timings were recorded automatically for the partial-NPU bf16 experiment,logs/compiled-full-io/4col/compiled-full-io_bf16_M2048_N512_K2048_4compute_8device.log
compiled-full-io_bf16_M2048_N1024_K256_4compute_8device,xdna2,npu2,npu2,2,compiled-full-io,compiled-full-io,allo,success,passed,False,bf16,2048,1024,256,64,64,64,4,8,20,200,4,4,200,182,18,1535.0,1560.0,25.0,1497.5,1597.5,1555.495,1538.0,1525.0,1742.0,37.1770086881664,690.2894731259181,1545.6758241758241,1536.0,1525.0,1595.0,15.09527864954958,694.6746576517971,25.371877406723797,,logs/compiled-full-io/4col/compiled-full-io_bf16_M2048_N1024_K256_4compute_8device.log
compiled-full-io_bf16_M2048_N1024_K512_4compute_8device,xdna2,npu2,npu2,2,compiled-full-io,compiled-full-io,allo,success,passed,False,bf16,2048,1024,512,64,64,64,4,8,20,200,4,4,200,164,36,1869.0,1876.0,7.0,1858.5,1886.5,1887.465,1871.0,1859.0,2174.0,46.32503399890819,1137.7607786104643,1870.25,1870.0,1859.0,1886.0,4.405339055637143,1148.2334703916588,29.66211107838899,,logs/compiled-full-io/4col/compiled-full-io_bf16_M2048_N1024_K512_4compute_8device.log
compiled-full-io_bf16_M2048_N1024_K1024_4compute_8device,xdna2,npu2,npu2,2,compiled-full-io,compiled-full-io,allo,failed,failed,True,bf16,2048,1024,1024,64,64,64,4,8,20,200,4,4,200,177,23,2486.0,2498.0,12.0,2468.0,2516.0,2495.87,2490.0,2463.0,2657.0,19.371450642633864,1720.8297291124939,2491.4406779661017,2489.0,2472.0,2511.0,7.150373195050561,1723.8890470015988,39.88288784120232,Output validation failed; timings were recorded automatically for the partial-NPU bf16 experiment,logs/compiled-full-io/4col/compiled-full-io_bf16_M2048_N1024_K1024_4compute_8device.log
compiled-full-io_bf16_M2048_N1024_K2048_4compute_8device,xdna2,npu2,npu2,2,compiled-full-io,compiled-full-io,allo,failed,failed,True,bf16,2048,1024,2048,64,64,64,4,8,20,200,4,4,200,174,26,3737.0,3791.0,54.0,3656.0,3872.0,3801.745,3752.5,3714.0,4412.0,129.41232543695364,2259.4715300473863,3756.6436781609195,3745.5,3714.0,3854.0,30.230333024083514,2286.5981785648723,63.69009807705879,Output validation failed; timings were recorded automatically for the partial-NPU bf16 experiment,logs/compiled-full-io/4col/compiled-full-io_bf16_M2048_N1024_K2048_4compute_8device.log
compiled-full-io_bf16_M2048_N2048_K256_4compute_8device,xdna2,npu2,npu2,2,compiled-full-io,compiled-full-io,allo,success,passed,False,bf16,2048,2048,256,64,64,64,4,8,20,200,4,4,200,200,0,3038.0,3329.0,291.0,2601.5,3765.5,3159.08,3056.0,3022.0,3615.0,162.62547032983485,679.7813439355762,3159.08,3056.0,3022.0,3615.0,162.62547032983485,679.7813439355762,50.536453349515796,,logs/compiled-full-io/4col/compiled-full-io_bf16_M2048_N2048_K256_4compute_8device.log
compiled-full-io_bf16_M2048_N2048_K512_4compute_8device,xdna2,npu2,npu2,2,compiled-full-io,compiled-full-io,allo,success,passed,False,bf16,2048,2048,512,64,64,64,4,8,20,200,4,4,200,187,13,3648.0,3656.0,8.0,3636.0,3668.0,3653.015,3650.0,3639.0,3695.0,9.03906936581416,1175.732181773138,3651.251336898396,3650.0,3639.0,3667.0,5.877168352052808,1176.3000954210995,59.60050007421523,,logs/compiled-full-io/4col/compiled-full-io_bf16_M2048_N2048_K512_4compute_8device.log
compiled-full-io_bf16_M2048_N2048_K1024_4compute_8device,xdna2,npu2,npu2,2,compiled-full-io,compiled-full-io,allo,failed,failed,True,bf16,2048,2048,1024,64,64,64,4,8,20,200,4,4,200,185,15,4891.0,4899.25,8.25,4878.625,4911.625,4897.505,4894.0,4884.0,4997.0,12.149484556967838,1753.9409540163817,4895.135135135135,4893.0,4884.0,4911.0,6.344021071853157,1754.7900833922263,81.31602551601827,Output validation failed; timings were recorded automatically for the partial-NPU bf16 experiment,logs/compiled-full-io/4col/compiled-full-io_bf16_M2048_N2048_K1024_4compute_8device.log
compiled-full-io_bf16_M2048_N2048_K2048_4compute_8device,xdna2,npu2,npu2,2,compiled-full-io,compiled-full-io,allo,failed,failed,True,bf16,2048,2048,2048,64,64,64,4,8,20,200,4,4,200,195,5,7405.75,7439.0,33.25,7355.875,7488.875,7429.37,7427.0,7375.0,7879.0,49.2926272377523,2312.4261120391097,7423.112820512821,7426.0,7375.0,7474.0,19.369486702585345,2314.3753300536714,143.46631006523967,Output validation failed; timings were recorded automatically for the partial-NPU bf16 experiment,logs/compiled-full-io/4col/compiled-full-io_bf16_M2048_N2048_K2048_4compute_8device.log
manual_bf16_M256_N512_K256_8compute_8device,xdna2,npu2,npu2,2,manual,manual,mlir-aie,success,passed,False,bf16,256,512,256,64,64,64,8,8,20,200,8,4,200,169,31,99.0,101.0,2.0,96.0,104.0,101.405,100.0,94.0,289.0,14.276238124940337,661.7904837039594,99.85798816568047,100.0,96.0,104.0,1.6898438637589028,672.0430206210003,6.375601164996624,,logs/manual/8col/manual_bf16_M256_N512_K256_8compute_8device.log
manual_bf16_M256_N512_K512_8compute_8device,xdna2,npu2,npu2,2,manual,manual,mlir-aie,success,passed,False,bf16,256,512,512,64,64,64,8,8,20,200,8,4,200,198,2,112.0,121.0,9.0,98.5,134.5,116.555,117.5,104.0,142.0,5.966320055109347,1151.5398567200034,116.29797979797979,117.0,104.0,131.0,5.4176195860719,1154.0847763060756,6.42411224078387,,logs/manual/8col/manual_bf16_M256_N512_K512_8compute_8device.log
manual_bf16_M256_N512_K1024_8compute_8device,xdna2,npu2,npu2,2,manual,manual,mlir-aie,success,passed,False,bf16,256,512,1024,64,64,64,8,8,20,200,8,4,200,199,1,138.0,144.0,6.0,129.0,153.0,140.88,140.0,134.0,154.0,3.9478601798949264,1905.4191936399773,140.8140703517588,140.0,134.0,151.0,3.8463717831936264,1906.3113176789666,7.274431737139821,,logs/manual/8col/manual_bf16_M256_N512_K1024_8compute_8device.log
manual_bf16_M256_N512_K2048_8compute_8device,xdna2,npu2,npu2,2,manual,manual,mlir-aie,success,passed,False,bf16,256,512,2048,64,64,64,8,8,20,200,8,4,200,180,20,195.0,197.0,2.0,192.0,200.0,195.73,196.0,187.0,205.0,2.5840085139178623,2742.9158125989884,196.0,196.0,192.0,200.0,1.7094508539944113,2739.137306122449,8.459240194410086,,logs/manual/8col/manual_bf16_M256_N512_K2048_8compute_8device.log
manual_bf16_M256_N1024_K256_8compute_8device,xdna2,npu2,npu2,2,manual,manual,mlir-aie,success,passed,False,bf16,256,1024,256,64,64,64,8,8,20,200,8,4,200,195,5,150.0,154.0,4.0,144.0,160.0,153.445,152.0,143.0,340.0,14.197076283516969,874.696001824758,152.10256410256412,152.0,145.0,160.0,2.808365450275501,882.4159460552931,8.224852587096393,,logs/manual/8col/manual_bf16_M256_N1024_K256_8compute_8device.log
manual_bf16_M256_N1024_K512_8compute_8device,xdna2,npu2,npu2,2,manual,manual,mlir-aie,success,passed,False,bf16,256,1024,512,64,64,64,8,8,20,200,8,4,200,186,14,170.0,174.0,4.0,164.0,180.0,177.545,172.0,162.0,372.0,29.684136756860557,1511.9291221943733,171.6720430107527,172.0,164.0,180.0,3.111714446064902,1563.652714164918,8.877551754005253,,logs/manual/8col/manual_bf16_M256_N1024_K512_8compute_8device.log
manual_bf16_M256_N1024_K1024_8compute_8device,xdna2,npu2,npu2,2,manual,manual,mlir-aie,success,passed,False,bf16,256,1024,1024,64,64,64,8,8,20,200,8,4,200,176,24,229.0,232.0,3.0,224.5,236.5,232.37,231.0,221.0,416.0,19.46877243176878,2310.41404656367,230.42613636363637,231.0,225.0,235.0,2.2297571371106466,2329.904586660091,10.161785335280001,,logs/manual/8col/manual_bf16_M256_N1024_K1024_8compute_8device.log
manual_bf16_M256_N1024_K2048_8compute_8device,xdna2,npu2,npu2,2,manual,manual,mlir-aie,failed,failed,False,bf16,256,1024,2048,64,64,64,8,8,20,200,8,4,0,0,,,,,,,,,,,,,,,,,,,8.380433226004243,mlir-aie xclbin build failed; see the case log,logs/manual/8col/manual_bf16_M256_N1024_K2048_8compute_8device.log
manual_bf16_M256_N2048_K256_8compute_8device,xdna2,npu2,npu2,2,manual,manual,mlir-aie,success,passed,False,bf16,256,2048,256,64,64,64,8,8,20,200,8,4,200,142,58,250.0,253.25,3.25,245.125,258.125,271.85,251.0,234.0,428.0,51.64520790935012,987.4396027220894,250.5281690140845,250.0,247.0,257.0,1.5322526083976107,1071.4781377933944,6.61631566286087,,logs/manual/8col/manual_bf16_M256_N2048_K256_8compute_8device.log
manual_bf16_M256_N2048_K512_8compute_8device,xdna2,npu2,npu2,2,manual,manual,mlir-aie,success,passed,False,bf16,256,2048,512,64,64,64,8,8,20,200,8,4,200,178,22,294.0,296.0,2.0,291.0,299.0,294.16,295.0,284.0,305.0,3.042104534693047,1825.098286646723,294.814606741573,295.0,291.0,299.0,1.419926454955552,1821.045836004345,7.688157155178487,,logs/manual/8col/manual_bf16_M256_N2048_K512_8compute_8device.log
manual_bf16_M256_N2048_K1024_8compute_8device,xdna2,npu2,npu2,2,manual,manual,mlir-aie,success,passed,False,bf16,256,2048,1024,64,64,64,8,8,20,200,8,4,200,173,27,418.0,421.0,3.0,413.5,425.5,418.995,420.0,408.0,432.0,3.952843912931549,2562.6602322223416,419.6878612716763,420.0,414.0,425.0,2.016040457248595,2558.429545106465,9.934003827162087,,logs/manual/8col/manual_bf16_M256_N2048_K1024_8compute_8device.log
manual_bf16_M256_N2048_K2048_8compute_8device,xdna2,npu2,npu2,2,manual,manual,mlir-aie,success,passed,False,bf16,256,2048,2048,64,64,64,8,8,20,200,8,4,200,183,17,671.0,674.0,3.0,666.5,678.5,672.38,672.0,661.0,691.0,3.489355241301751,3193.854142003034,672.7158469945355,673.0,667.0,678.0,1.8125609749922174,3192.259640670312,14.366715223528445,,logs/manual/8col/manual_bf16_M256_N2048_K2048_8compute_8device.log
manual_bf16_M512_N512_K256_8compute_8device,xdna2,npu2,npu2,2,manual,manual,mlir-aie,success,passed,False,bf16,512,512,256,64,64,64,8,8,20,200,8,4,200,197,3,145.0,152.0,7.0,134.5,162.5,148.695,146.0,137.0,168.0,6.352320442169145,902.6378022125828,148.43147208121826,146.0,137.0,162.0,6.024621593566457,904.240361683937,8.997240510769188,,logs/manual/8col/manual_bf16_M512_N512_K256_8compute_8device.log
manual_bf16_M512_N512_K512_8compute_8device,xdna2,npu2,npu2,2,manual,manual,mlir-aie,success,passed,False,bf16,512,512,512,64,64,64,8,8,20,200,8,4,200,189,11,176.0,181.0,5.0,168.5,188.5,182.19,180.0,170.0,364.0,20.601550912492,1473.3819419287556,178.61904761904762,179.0,170.0,188.0,3.3763662165737083,1502.8377968541722,9.592236331664026,,logs/manual/8col/manual_bf16_M512_N512_K512_8compute_8device.log
manual_bf16_M512_N512_K1024_8compute_8device,xdna2,npu2,npu2,2,manual,manual,mlir-aie,success,passed,False,bf16,512,512,1024,64,64,64,8,8,20,200,8,4,200,181,19,228.75,232.0,3.25,223.875,236.875,230.605,230.0,215.0,425.0,14.776636119225511,2328.097448017172,230.23756906077347,230.0,224.0,236.0,2.374803894650733,2331.8128061814605,10.90894521214068,,logs/manual/8col/manual_bf16_M512_N512_K1024_8compute_8device.log
manual_bf16_M512_N512_K2048_8compute_8device,xdna2,npu2,npu2,2,manual,manual,mlir-aie,failed,failed,False,bf16,512,512,2048,64,64,64,8,8,20,200,8,4,0,0,,,,,,,,,,,,,,,,,,,9.12899621296674,mlir-aie xclbin build failed; see the case log,logs/manual/8col/manual_bf16_M512_N512_K2048_8compute_8device.log
manual_bf16_M512_N1024_K256_8compute_8device,xdna2,npu2,npu2,2,manual,manual,mlir-aie,success,passed,False,bf16,512,1024,256,64,64,64,8,8,20,200,8,4,200,184,16,238.0,241.0,3.0,233.5,245.5,240.0,240.0,233.0,262.0,3.642801120017397,1118.4810666666667,239.5326086956522,240.0,234.0,245.0,2.44483077993817,1120.6635182647365,7.115771243348718,,logs/manual/8col/manual_bf16_M512_N1024_K256_8compute_8device.log
manual_bf16_M512_N1024_K512_8compute_8device,xdna2,npu2,npu2,2,manual,manual,mlir-aie,success,passed,False,bf16,512,1024,512,64,64,64,8,8,20,200,8,4,200,177,23,285.75,288.25,2.5,282.0,292.0,287.89,287.0,274.0,468.0,13.704667088258656,1864.8473792073362,287.23728813559325,287.0,283.0,291.0,1.7628205094723337,1869.0850184693454,8.13206936698407,,logs/manual/8col/manual_bf16_M512_N1024_K512_8compute_8device.log
manual_bf16_M512_N1024_K1024_8compute_8device,xdna2,npu2,npu2,2,manual,manual,mlir-aie,success,passed,False,bf16,512,1024,1024,64,64,64,8,8,20,200,8,4,200,176,24,395.0,398.0,3.0,390.5,402.5,399.64,396.0,386.0,582.0,23.249094606027136,2686.772655389851,396.42045454545456,396.0,391.0,402.0,2.2749704838699203,2708.5933929195926,10.505628637969494,,logs/manual/8col/manual_bf16_M512_N1024_K1024_8compute_8device.log
manual_bf16_M512_N1024_K2048_8compute_8device,xdna2,npu2,npu2,2,manual,manual,mlir-aie,success,passed,False,bf16,512,1024,2048,64,64,64,8,8,20,200,8,4,200,182,18,631.0,634.0,3.0,626.5,638.5,633.285,632.0,620.0,751.0,10.348129057950525,3391.022443291725,632.4835164835165,632.0,627.0,638.0,1.9909831762147192,3395.3195491000065,14.860275424085557,,logs/manual/8col/manual_bf16_M512_N1024_K2048_8compute_8device.log
manual_bf16_M512_N2048_K256_8compute_8device,xdna2,npu2,npu2,2,manual,manual,mlir-aie,success,passed,False,bf16,512,2048,256,64,64,64,8,8,20,200,8,4,200,189,11,428.0,478.25,50.25,352.625,553.625,455.3,439.0,420.0,614.0,40.81262059706531,1179.1586031188228,447.46560846560845,439.0,420.0,536.0,25.040816041335653,1199.8037432216718,8.166160721331835,,logs/manual/8col/manual_bf16_M512_N2048_K256_8compute_8device.log
manual_bf16_M512_N2048_K512_8compute_8device,xdna2,npu2,npu2,2,manual,manual,mlir-aie,success,passed,False,bf16,512,2048,512,64,64,64,8,8,20,200,8,4,200,179,21,513.0,515.0,2.0,510.0,518.0,514.375,514.0,505.0,530.0,3.042100425692748,2087.4689166464154,514.4301675977654,515.0,510.0,518.0,1.4257745027895694,2087.2450560472616,10.262144478037953,,logs/manual/8col/manual_bf16_M512_N2048_K512_8compute_8device.log
manual_bf16_M512_N2048_K1024_8compute_8device,xdna2,npu2,npu2,2,manual,manual,mlir-aie,success,passed,False,bf16,512,2048,1024,64,64,64,8,8,20,200,8,4,200,178,22,756.0,759.0,3.0,751.5,763.5,758.15,758.0,748.0,782.0,4.475209492303126,2832.5313565917036,757.8426966292135,758.0,752.0,763.0,2.2778803295183474,2833.6799411694933,14.19259365554899,,logs/manual/8col/manual_bf16_M512_N2048_K1024_8compute_8device.log
manual_bf16_M512_N2048_K2048_8compute_8device,xdna2,npu2,npu2,2,manual,manual,mlir-aie,success,passed,False,bf16,512,2048,2048,64,64,64,8,8,20,200,8,4,200,156,44,1256.0,1262.0,6.0,1247.0,1271.0,1258.67,1260.0,1238.0,1308.0,9.252086251219236,3412.3060818165204,1259.673076923077,1260.0,1247.0,1271.0,4.5603692236069335,3409.588864510022,7.078712338581681,,logs/manual/8col/manual_bf16_M512_N2048_K2048_8compute_8device.log
manual_bf16_M1024_N512_K256_8compute_8device,xdna2,npu2,npu2,2,manual,manual,mlir-aie,success,passed,False,bf16,1024,512,256,64,64,64,8,8,20,200,8,4,200,183,17,239.0,242.0,3.0,234.5,246.5,244.865,240.0,234.0,431.0,25.73337861610869,1096.2589835215322,239.9016393442623,239.0,235.0,246.0,1.9223015409112416,1118.9396484898184,8.627094681374729,,logs/manual/8col/manual_bf16_M1024_N512_K256_8compute_8device.log
manual_bf16_M1024_N512_K512_8compute_8device,xdna2,npu2,npu2,2,manual,manual,mlir-aie,success,passed,False,bf16,1024,512,512,64,64,64,8,8,20,200,8,4,200,173,27,292.0,294.0,2.0,289.0,297.0,294.25,293.0,285.0,467.0,13.12164242768412,1824.5400577740018,293.3815028901734,293.0,289.0,297.0,1.5780664419086898,1829.9412427544084,9.684922792948782,,logs/manual/8col/manual_bf16_M1024_N512_K512_8compute_8device.log
manual_bf16_M1024_N512_K1024_8compute_8device,xdna2,npu2,npu2,2,manual,manual,mlir-aie,success,passed,False,bf16,1024,512,1024,64,64,64,8,8,20,200,8,4,200,195,5,401.0,406.0,5.0,393.5,413.5,403.125,403.5,386.0,415.0,4.401065211968575,2663.5456099224807,403.3333333333333,404.0,394.0,413.0,3.9284193554760205,2662.169811570248,12.064208291471004,,logs/manual/8col/manual_bf16_M1024_N512_K1024_8compute_8device.log
manual_bf16_M1024_N512_K2048_8compute_8device,xdna2,npu2,npu2,2,manual,manual,mlir-aie,success,passed,False,bf16,1024,512,2048,64,64,64,8,8,20,200,8,4,200,188,12,618.0,621.0,3.0,613.5,625.5,619.205,619.0,610.0,627.0,2.5754562702558164,3468.1303413247633,619.436170212766,619.0,614.0,625.0,1.904968367628689,3466.836053926872,16.378904722630978,,logs/manual/8col/manual_bf16_M1024_N512_K2048_8compute_8device.log
manual_bf16_M1024_N1024_K256_8compute_8device,xdna2,npu2,npu2,2,manual,manual,mlir-aie,success,passed,False,bf16,1024,1024,256,64,64,64,8,8,20,200,8,4,200,145,55,426.0,429.0,3.0,421.5,433.5,442.12,427.0,419.0,613.0,38.043469873291,1214.3103953677735,427.0896551724138,427.0,422.0,433.0,1.4186795287279883,1257.044991603152,9.769882118329406,,logs/manual/8col/manual_bf16_M1024_N1024_K256_8compute_8device.log
manual_bf16_M1024_N1024_K512_8compute_8device,xdna2,npu2,npu2,2,manual,manual,mlir-aie,success,passed,False,bf16,1024,1024,512,64,64,64,8,8,20,200,8,4,200,180,20,513.0,515.0,2.0,510.0,518.0,513.51,514.0,506.0,528.0,2.698128981349854,2090.9852271620807,513.7888888888889,514.0,510.0,518.0,1.4529238294972615,2089.8502229623064,11.81997372675687,,logs/manual/8col/manual_bf16_M1024_N1024_K512_8compute_8device.log
manual_bf16_M1024_N1024_K1024_8compute_8device,xdna2,npu2,npu2,2,manual,manual,mlir-aie,success,passed,False,bf16,1024,1024,1024,64,64,64,8,8,20,200,8,4,200,191,9,745.0,753.0,8.0,733.0,765.0,750.715,748.0,731.0,935.0,20.29393443864447,2860.5844401670406,748.020942408377,748.0,736.0,765.0,5.706575719440633,2870.8870651212274,16.221230955794454,,logs/manual/8col/manual_bf16_M1024_N1024_K1024_8compute_8device.log
manual_bf16_M1024_N1024_K2048_8compute_8device,xdna2,npu2,npu2,2,manual,manual,mlir-aie,success,passed,False,bf16,1024,1024,2048,64,64,64,8,8,20,200,8,4,200,196,4,1179.0,1189.0,10.0,1164.0,1204.0,1184.995,1186.0,1169.0,1211.0,7.336550620012105,3624.4602686087283,1184.5051020408164,1186.0,1169.0,1204.0,6.546145032422214,3625.9593045231154,9.27545699570328,,logs/manual/8col/manual_bf16_M1024_N1024_K2048_8compute_8device.log
manual_bf16_M1024_N2048_K256_8compute_8device,xdna2,npu2,npu2,2,manual,manual,mlir-aie,success,passed,False,bf16,1024,2048,256,64,64,64,8,8,20,200,8,4,200,180,20,800.0,814.0,14.0,779.0,835.0,813.89,804.0,792.0,1032.0,31.510123769988592,1319.2714298000958,805.3166666666667,802.0,792.0,821.0,7.104360945535104,1333.316282207827,11.926922181621194,,logs/manual/8col/manual_bf16_M1024_N2048_K256_8compute_8device.log
manual_bf16_M1024_N2048_K512_8compute_8device,xdna2,npu2,npu2,2,manual,manual,mlir-aie,success,passed,False,bf16,1024,2048,512,64,64,64,8,8,20,200,8,4,200,168,32,969.0,971.0,2.0,966.0,974.0,970.52,970.0,960.0,1025.0,6.599212074179765,2212.714470593084,969.8988095238095,970.0,966.0,974.0,1.579782538351632,2214.131646428506,16.522648872807622,,logs/manual/8col/manual_bf16_M1024_N2048_K512_8compute_8device.log
manual_bf16_M1024_N2048_K1024_8compute_8device,xdna2,npu2,npu2,2,manual,manual,mlir-aie,success,passed,False,bf16,1024,2048,1024,64,64,64,8,8,20,200,8,4,200,158,42,1411.0,1414.0,3.0,1406.5,1418.5,1414.03,1413.0,1404.0,1455.0,6.398366979159604,3037.394748343387,1412.3291139240507,1412.0,1407.0,1418.0,1.9074903585690726,3041.0527218169104,8.294755783863366,,logs/manual/8col/manual_bf16_M1024_N2048_K1024_8compute_8device.log
manual_bf16_M1024_N2048_K2048_8compute_8device,xdna2,npu2,npu2,2,manual,manual,mlir-aie,success,passed,False,bf16,1024,2048,2048,64,64,64,8,8,20,200,8,4,200,199,1,2325.0,2348.0,23.0,2290.5,2382.5,2337.92,2331.5,2317.0,2384.0,16.173855446367757,3674.1781549411444,2337.688442211055,2331.0,2317.0,2373.0,15.8803129307745,3674.54209760963,8.928158296272159,,logs/manual/8col/manual_bf16_M1024_N2048_K2048_8compute_8device.log
manual_bf16_M2048_N512_K256_8compute_8device,xdna2,npu2,npu2,2,manual,manual,mlir-aie,success,passed,False,bf16,2048,512,256,64,64,64,8,8,20,200,8,4,200,195,5,423.0,428.0,5.0,415.5,435.5,425.8,425.0,418.0,458.0,4.493328387732194,1260.8523062470645,425.2974358974359,425.0,418.0,434.0,2.8722801787740067,1262.3422261343494,13.095656456425786,,logs/manual/8col/manual_bf16_M2048_N512_K256_8compute_8device.log
manual_bf16_M2048_N512_K512_8compute_8device,xdna2,npu2,npu2,2,manual,manual,mlir-aie,success,passed,False,bf16,2048,512,512,64,64,64,8,8,20,200,8,4,200,180,20,514.0,516.0,2.0,511.0,519.0,515.88,515.0,505.0,702.0,13.974104622479395,2081.379049391331,514.9333333333333,515.0,511.0,519.0,1.34412301024373,2085.205510098395,14.889319461770356,,logs/manual/8col/manual_bf16_M2048_N512_K512_8compute_8device.log
manual_bf16_M2048_N512_K1024_8compute_8device,xdna2,npu2,npu2,2,manual,manual,mlir-aie,success,passed,False,bf16,2048,512,1024,64,64,64,8,8,20,200,8,4,200,186,14,763.0,771.0,8.0,751.0,783.0,771.315,767.0,750.0,947.0,22.648747757878358,2784.18499316103,766.5591397849462,767.0,751.0,780.0,5.303604709623827,2801.458539262169,19.239764736033976,,logs/manual/8col/manual_bf16_M2048_N512_K1024_8compute_8device.log
manual_bf16_M2048_N512_K2048_8compute_8device,xdna2,npu2,npu2,2,manual,manual,mlir-aie,success,passed,False,bf16,2048,512,2048,64,64,64,8,8,20,200,8,4,200,183,17,1172.0,1178.0,6.0,1163.0,1187.0,1177.32,1174.0,1164.0,1234.0,10.978050828812918,3648.088281860497,1174.568306010929,1173.0,1164.0,1187.0,4.570573599893166,3656.63476020954,11.728465381078422,,logs/manual/8col/manual_bf16_M2048_N512_K2048_8compute_8device.log
manual_bf16_M2048_N1024_K256_8compute_8device,xdna2,npu2,npu2,2,manual,manual,mlir-aie,success,passed,False,bf16,2048,1024,256,64,64,64,8,8,20,200,8,4,200,192,8,826.75,842.0,15.25,803.875,864.875,836.37,840.0,803.0,981.0,19.624808279318298,1283.8119779523417,833.984375,840.0,804.0,858.0,12.666588498593784,1287.4843416580795,15.148415719158947,,logs/manual/8col/manual_bf16_M2048_N1024_K256_8compute_8device.log
manual_bf16_M2048_N1024_K512_8compute_8device,xdna2,npu2,npu2,2,manual,manual,mlir-aie,success,passed,False,bf16,2048,1024,512,64,64,64,8,8,20,200,8,4,200,163,37,1000.0,1009.0,9.0,986.5,1022.5,1006.74,1006.0,969.0,1152.0,22.592529738831814,2133.106510121779,1004.5950920245399,1006.0,989.0,1017.0,5.133360201147165,2137.6608994497674,19.422042289748788,,logs/manual/8col/manual_bf16_M2048_N1024_K512_8compute_8device.log
manual_bf16_M2048_N1024_K1024_8compute_8device,xdna2,npu2,npu2,2,manual,manual,mlir-aie,success,passed,False,bf16,2048,1024,1024,64,64,64,8,8,20,200,8,4,200,191,9,1440.0,1454.0,14.0,1419.0,1475.0,1448.43,1447.0,1419.0,1512.0,13.995181313580757,2965.257068688166,1446.3193717277486,1447.0,1419.0,1474.0,9.949484536256698,2969.5842978783485,11.574702259153128,,logs/manual/8col/manual_bf16_M2048_N1024_K1024_8compute_8device.log
manual_bf16_M2048_N1024_K2048_8compute_8device,xdna2,npu2,npu2,2,manual,manual,mlir-aie,success,passed,False,bf16,2048,1024,2048,64,64,64,8,8,20,200,8,4,200,200,0,2295.0,2330.0,35.0,2242.5,2382.5,2313.42,2312.0,2285.0,2369.0,18.53816603658517,3713.0891027137313,2313.42,2312.0,2285.0,2369.0,18.53816603658517,3713.0891027137313,12.089120527729392,,logs/manual/8col/manual_bf16_M2048_N1024_K2048_8compute_8device.log
manual_bf16_M2048_N2048_K256_8compute_8device,xdna2,npu2,npu2,2,manual,manual,mlir-aie,success,passed,False,bf16,2048,2048,256,64,64,64,8,8,20,200,8,4,200,189,11,1566.0,1586.0,20.0,1536.0,1616.0,1576.1,1570.0,1540.0,1712.0,20.287927444665215,1362.5300729649134,1572.6825396825398,1570.0,1540.0,1610.0,13.514435233763146,1365.4908691448238,19.823528449982405,,logs/manual/8col/manual_bf16_M2048_N2048_K256_8compute_8device.log
manual_bf16_M2048_N2048_K512_8compute_8device,xdna2,npu2,npu2,2,manual,manual,mlir-aie,success,passed,False,bf16,2048,2048,512,64,64,64,8,8,20,200,8,4,200,177,23,1884.75,1889.0,4.25,1878.375,1895.375,1887.015,1887.0,1868.0,1926.0,6.281303606736423,2276.0642051070076,1887.0564971751412,1887.0,1879.0,1895.0,3.305050943861145,2276.014153486882,11.930629268288612,,logs/manual/8col/manual_bf16_M2048_N2048_K512_8compute_8device.log
manual_bf16_M2048_N2048_K1024_8compute_8device,xdna2,npu2,npu2,2,manual,manual,mlir-aie,success,passed,False,bf16,2048,2048,1024,64,64,64,8,8,20,200,8,4,200,181,19,2782.0,2789.0,7.0,2771.5,2799.5,2784.66,2785.0,2756.0,2820.0,8.047633192436146,3084.7337168631,2785.646408839779,2786.0,2773.0,2799.0,5.351392737469386,3083.64139997858,12.82221047859639,,logs/manual/8col/manual_bf16_M2048_N2048_K1024_8compute_8device.log
manual_bf16_M2048_N2048_K2048_8compute_8device,xdna2,npu2,npu2,2,manual,manual,mlir-aie,success,passed,False,bf16,2048,2048,2048,64,64,64,8,8,20,200,8,4,200,194,6,4573.75,4589.25,15.5,4550.5,4612.5,4586.945,4583.0,4558.0,4982.0,35.54675758771818,3745.3837323098487,4582.417525773196,4583.0,4558.0,4611.0,11.37395750572857,3749.0842087989845,14.838770531117916,,logs/manual/8col/manual_bf16_M2048_N2048_K2048_8compute_8device.log
compiled_bf16_M256_N512_K256_8compute_8device,xdna2,npu2,npu2,2,compiled,compiled;compiled-full-io,allo,success,passed,False,bf16,256,512,256,64,64,64,8,8,20,200,8,4,200,176,24,113.0,114.0,1.0,111.5,115.5,113.865,113.0,107.0,129.0,2.754410100184793,589.3721863610416,113.32386363636364,113.0,112.0,115.0,0.7482546841243626,592.1865161193281,13.961580383591354,,logs/compiled/8col/compiled_bf16_M256_N512_K256_8compute_8device.log
compiled_bf16_M256_N512_K512_8compute_8device,xdna2,npu2,npu2,2,compiled,compiled;compiled-full-io,allo,success,passed,False,bf16,256,512,512,64,64,64,8,8,20,200,8,4,200,167,33,127.0,129.0,2.0,124.0,132.0,130.435,128.0,122.0,212.0,8.80316846368397,1029.0008663318895,127.81437125748504,128.0,124.0,131.0,0.9325950818649957,1050.098879175451,16.622593134641647,,logs/compiled/8col/compiled_bf16_M256_N512_K512_8compute_8device.log
compiled_bf16_M256_N512_K1024_8compute_8device,xdna2,npu2,npu2,2,compiled,compiled;compiled-full-io,allo,failed,failed,True,bf16,256,512,1024,64,64,64,8,8,20,200,8,4,200,180,20,166.0,167.0,1.0,164.5,168.5,166.82,166.0,159.0,195.0,3.1076679359288053,1609.1323342524877,166.42777777777778,166.0,165.0,168.0,0.6500474816465808,1612.9245945855725,21.668131021782756,Output validation failed; timings were recorded automatically for the partial-NPU bf16 experiment,logs/compiled/8col/compiled_bf16_M256_N512_K1024_8compute_8device.log
compiled_bf16_M256_N512_K2048_8compute_8device,xdna2,npu2,npu2,2,compiled,compiled;compiled-full-io,allo,failed,failed,True,bf16,256,512,2048,64,64,64,8,8,20,200,8,4,200,195,5,233.0,238.0,5.0,225.5,245.5,235.46,234.0,228.0,257.0,4.156729483620506,2280.0939097935957,235.0871794871795,234.0,228.0,245.0,3.423536894093629,2283.709869551939,31.49536787904799,Output validation failed; timings were recorded automatically for the partial-NPU bf16 experiment,logs/compiled/8col/compiled_bf16_M256_N512_K2048_8compute_8device.log
compiled_bf16_M256_N1024_K256_8compute_8device,xdna2,npu2,npu2,2,compiled,compiled;compiled-full-io,allo,success,passed,False,bf16,256,1024,256,64,64,64,8,8,20,200,8,4,200,165,35,177.0,178.0,1.0,175.5,179.5,183.035,177.0,170.0,360.0,27.832063793402025,733.289960936433,177.0909090909091,177.0,176.0,179.0,0.6111904114171495,757.9029815195072,15.26922744885087,,logs/compiled/8col/compiled_bf16_M256_N1024_K256_8compute_8device.log
compiled_bf16_M256_N1024_K512_8compute_8device,xdna2,npu2,npu2,2,compiled,compiled;compiled-full-io,allo,success,passed,False,bf16,256,1024,512,64,64,64,8,8,20,200,8,4,200,195,5,206.0,224.0,18.0,179.0,251.0,218.835,222.0,195.0,395.0,21.189803562090894,1226.6568693307743,216.25641025641025,222.0,195.0,239.0,9.791985076026494,1241.2832326298317,18.087673638015985,,logs/compiled/8col/compiled_bf16_M256_N1024_K512_8compute_8device.log
compiled_bf16_M256_N1024_K1024_8compute_8device,xdna2,npu2,npu2,2,compiled,compiled;compiled-full-io,allo,failed,failed,True,bf16,256,1024,1024,64,64,64,8,8,20,200,8,4,200,200,0,233.0,291.0,58.0,146.0,378.0,268.52,283.0,221.0,308.0,27.240587365179923,1999.3702964397437,268.52,283.0,221.0,308.0,27.240587365179923,1999.3702964397437,23.956228177063167,Output validation failed; timings were recorded automatically for the partial-NPU bf16 experiment,logs/compiled/8col/compiled_bf16_M256_N1024_K1024_8compute_8device.log
compiled_bf16_M256_N1024_K2048_8compute_8device,xdna2,npu2,npu2,2,compiled,compiled;compiled-full-io,allo,failed,failed,True,bf16,256,1024,2048,64,64,64,8,8,20,200,8,4,200,200,0,348.0,435.0,87.0,217.5,565.5,389.535,353.0,337.0,452.0,43.099521749086726,2756.4707253520223,389.535,353.0,337.0,452.0,43.099521749086726,2756.4707253520223,35.643255333416164,Output validation failed; timings were recorded automatically for the partial-NPU bf16 experiment,logs/compiled/8col/compiled_bf16_M256_N1024_K2048_8compute_8device.log
compiled_bf16_M256_N2048_K256_8compute_8device,xdna2,npu2,npu2,2,compiled,compiled;compiled-full-io,allo,success,passed,False,bf16,256,2048,256,64,64,64,8,8,20,200,8,4,200,144,56,286.75,304.0,17.25,260.875,329.875,298.485,304.0,244.0,504.0,37.96577109713432,899.3264519155066,301.40972222222223,304.0,261.0,324.0,8.100422823707383,890.5998586272838,17.923709015361965,,logs/compiled/8col/compiled_bf16_M256_N2048_K256_8compute_8device.log
compiled_bf16_M256_N2048_K512_8compute_8device,xdna2,npu2,npu2,2,compiled,compiled;compiled-full-io,allo,success,passed,False,bf16,256,2048,512,64,64,64,8,8,20,200,8,4,200,200,0,296.0,351.0,55.0,213.5,433.5,333.955,351.0,283.0,407.0,26.990609014988898,1607.6145348924256,333.955,351.0,283.0,407.0,26.990609014988898,1607.6145348924256,21.48456859961152,,logs/compiled/8col/compiled_bf16_M256_N2048_K512_8compute_8device.log
compiled_bf16_M256_N2048_K1024_8compute_8device,xdna2,npu2,npu2,2,compiled,compiled;compiled-full-io,allo,failed,failed,True,bf16,256,2048,1024,64,64,64,8,8,20,200,8,4,200,200,0,412.0,513.25,101.25,260.125,665.125,443.705,413.0,403.0,564.0,47.25714734302103,2419.9452879728647,443.705,413.0,403.0,564.0,47.25714734302103,2419.9452879728647,29.12227855529636,Output validation failed; timings were recorded automatically for the partial-NPU bf16 experiment,logs/compiled/8col/compiled_bf16_M256_N2048_K1024_8compute_8device.log
compiled_bf16_M256_N2048_K2048_8compute_8device,xdna2,npu2,npu2,2,compiled,compiled;compiled-full-io,allo,failed,failed,True,bf16,256,2048,2048,64,64,64,8,8,20,200,8,4,200,162,38,655.0,660.0,5.0,647.5,667.5,680.82,657.0,645.0,893.0,56.98796013194366,3154.260521136277,656.0061728395061,656.0,648.0,667.0,3.3490313941150927,3273.572318236994,44.498020919039845,Output validation failed; timings were recorded automatically for the partial-NPU bf16 experiment,logs/compiled/8col/compiled_bf16_M256_N2048_K2048_8compute_8device.log
compiled_bf16_M512_N512_K256_8compute_8device,xdna2,npu2,npu2,2,compiled,compiled;compiled-full-io,allo,success,passed,False,bf16,512,512,256,64,64,64,8,8,20,200,8,4,200,172,28,190.0,191.0,1.0,188.5,192.5,192.895,190.0,180.0,370.0,16.620588888484065,695.8071904403951,190.32558139534885,190.0,189.0,192.0,0.8752655472818053,705.2006725317692,15.399396936409175,,logs/compiled/8col/compiled_bf16_M512_N512_K256_8compute_8device.log
compiled_bf16_M512_N512_K512_8compute_8device,xdna2,npu2,npu2,2,compiled,compiled;compiled-full-io,allo,success,passed,False,bf16,512,512,512,64,64,64,8,8,20,200,8,4,200,177,23,203.0,204.0,1.0,201.5,205.5,210.215,204.0,195.0,402.0,28.980317027251445,1276.9567157434055,203.62146892655366,204.0,202.0,205.0,0.7116401763249912,1318.3062543214671,18.0455287899822,,logs/compiled/8col/compiled_bf16_M512_N512_K512_8compute_8device.log
compiled_bf16_M512_N512_K1024_8compute_8device,xdna2,npu2,npu2,2,compiled,compiled;compiled-full-io,allo,failed,failed,True,bf16,512,512,1024,64,64,64,8,8,20,200,8,4,200,197,3,238.0,293.25,55.25,155.125,376.125,277.38,289.0,223.0,477.0,35.910800603718094,1935.5069291225034,274.53807106598987,289.0,223.0,346.0,27.711252682136614,1955.5426681458473,23.999728390946984,Output validation failed; timings were recorded automatically for the partial-NPU bf16 experiment,logs/compiled/8col/compiled_bf16_M512_N512_K1024_8compute_8device.log
compiled_bf16_M512_N512_K2048_8compute_8device,xdna2,npu2,npu2,2,compiled,compiled;compiled-full-io,allo,failed,failed,True,bf16,512,512,2048,64,64,64,8,8,20,200,8,4,200,200,0,345.0,423.0,78.0,228.0,540.0,377.605,347.0,335.0,443.0,39.61185397074971,2843.5582791541424,377.605,347.0,335.0,443.0,39.61185397074971,2843.5582791541424,35.70008476823568,Output validation failed; timings were recorded automatically for the partial-NPU bf16 experiment,logs/compiled/8col/compiled_bf16_M512_N512_K2048_8compute_8device.log
compiled_bf16_M512_N1024_K256_8compute_8device,xdna2,npu2,npu2,2,compiled,compiled;compiled-full-io,allo,success,passed,False,bf16,512,1024,256,64,64,64,8,8,20,200,8,4,200,137,63,301.0,306.0,5.0,293.5,313.5,300.505,305.0,244.0,483.0,34.81824198606242,893.2811633749855,304.91970802919707,305.0,296.0,312.0,1.643649109909069,880.3480028726002,17.816428589634597,,logs/compiled/8col/compiled_bf16_M512_N1024_K256_8compute_8device.log
compiled_bf16_M512_N1024_K512_8compute_8device,xdna2,npu2,npu2,2,compiled,compiled;compiled-full-io,allo,success,passed,False,bf16,512,1024,512,64,64,64,8,8,20,200,8,4,200,198,2,287.0,352.0,65.0,189.5,449.5,328.845,351.0,277.0,536.0,40.28400395938815,1632.5956362419986,327.0808080808081,351.0,277.0,431.0,36.29444033659984,1641.4014480096353,21.256016125902534,,logs/compiled/8col/compiled_bf16_M512_N1024_K512_8compute_8device.log
compiled_bf16_M512_N1024_K1024_8compute_8device,xdna2,npu2,npu2,2,compiled,compiled;compiled-full-io,allo,failed,failed,True,bf16,512,1024,1024,64,64,64,8,8,20,200,8,4,200,199,1,394.0,488.0,94.0,253.0,629.0,434.81,396.0,385.0,667.0,50.800727356997555,2469.450619810952,433.643216080402,396.0,385.0,551.0,48.180964794732986,2476.0950573729647,29.049525094218552,Output validation failed; timings were recorded automatically for the partial-NPU bf16 experiment,logs/compiled/8col/compiled_bf16_M512_N1024_K1024_8compute_8device.log
compiled_bf16_M512_N1024_K2048_8compute_8device,xdna2,npu2,npu2,2,compiled,compiled;compiled-full-io,allo,failed,failed,True,bf16,512,1024,2048,64,64,64,8,8,20,200,8,4,200,165,35,619.0,625.0,6.0,610.0,634.0,647.945,623.0,612.0,920.0,61.59206097379759,3314.299281574825,620.8606060606061,621.0,612.0,630.0,3.617963548565843,3458.8821178813378,44.78203390352428,Output validation failed; timings were recorded automatically for the partial-NPU bf16 experiment,logs/compiled/8col/compiled_bf16_M512_N1024_K2048_8compute_8device.log
compiled_bf16_M512_N2048_K256_8compute_8device,xdna2,npu2,npu2,2,compiled,compiled;compiled-full-io,allo,success,passed,False,bf16,512,2048,256,64,64,64,8,8,20,200,8,4,200,200,0,441.0,551.0,110.0,276.0,716.0,490.505,446.0,430.0,634.0,59.87946204668175,1094.5268896341527,490.505,446.0,430.0,634.0,59.87946204668175,1094.5268896341527,23.092090007849038,,logs/compiled/8col/compiled_bf16_M512_N2048_K256_8compute_8device.log
compiled_bf16_M512_N2048_K512_8compute_8device,xdna2,npu2,npu2,2,compiled,compiled;compiled-full-io,allo,success,passed,False,bf16,512,2048,512,64,64,64,8,8,20,200,8,4,200,152,48,521.0,532.25,11.25,504.125,549.125,554.24,522.0,512.0,743.0,59.19267184373417,1937.3228637413395,521.5592105263158,522.0,512.0,543.0,3.680913703487325,2058.715103346494,28.16480783931911,,logs/compiled/8col/compiled_bf16_M512_N2048_K512_8compute_8device.log
compiled_bf16_M512_N2048_K1024_8compute_8device,xdna2,npu2,npu2,2,compiled,compiled;compiled-full-io,allo,failed,failed,True,bf16,512,2048,1024,64,64,64,8,8,20,200,8,4,200,164,36,752.75,756.0,3.25,747.875,760.875,774.57,754.0,743.0,952.0,59.275923442827946,2772.4849245387763,753.6524390243902,754.0,748.0,759.0,2.367448230549246,2849.4350138107916,39.63501816056669,Output validation failed; timings were recorded automatically for the partial-NPU bf16 experiment,logs/compiled/8col/compiled_bf16_M512_N2048_K1024_8compute_8device.log
compiled_bf16_M512_N2048_K2048_8compute_8device,xdna2,npu2,npu2,2,compiled,compiled;compiled-full-io,allo,failed,failed,True,bf16,512,2048,2048,64,64,64,8,8,20,200,8,4,200,196,4,1195.0,1246.0,51.0,1118.5,1322.5,1232.955,1240.0,1181.0,1632.0,52.575688060167124,3483.474495014011,1226.7755102040817,1239.5,1181.0,1308.0,27.23406877957666,3501.0213851477242,62.786703642457724,Output validation failed; timings were recorded automatically for the partial-NPU bf16 experiment,logs/compiled/8col/compiled_bf16_M512_N2048_K2048_8compute_8device.log
compiled_bf16_M1024_N512_K256_8compute_8device,xdna2,npu2,npu2,2,compiled,compiled;compiled-full-io,allo,success,passed,False,bf16,1024,512,256,64,64,64,8,8,20,200,8,4,200,189,11,276.5,313.0,36.5,221.75,367.75,302.98,306.0,242.0,490.0,43.21307209629975,885.9840781569741,295.7883597883598,306.0,242.0,366.0,30.301442715538133,907.5254218660561,17.637273627333343,,logs/compiled/8col/compiled_bf16_M1024_N512_K256_8compute_8device.log
compiled_bf16_M1024_N512_K512_8compute_8device,xdna2,npu2,npu2,2,compiled,compiled;compiled-full-io,allo,success,passed,False,bf16,1024,512,512,64,64,64,8,8,20,200,8,4,200,200,0,286.0,352.0,66.0,187.0,451.0,324.205,351.0,277.0,427.0,35.6386444046347,1655.961234404158,324.205,351.0,277.0,427.0,35.6386444046347,1655.961234404158,21.516111780889332,,logs/compiled/8col/compiled_bf16_M1024_N512_K512_8compute_8device.log
compiled_bf16_M1024_N512_K1024_8compute_8device,xdna2,npu2,npu2,2,compiled,compiled;compiled-full-io,allo,failed,failed,True,bf16,1024,512,1024,64,64,64,8,8,20,200,8,4,200,200,0,404.0,501.0,97.0,258.5,646.5,436.64,409.0,392.0,512.0,45.5729130076189,2459.1009160864787,436.64,409.0,392.0,512.0,45.5729130076189,2459.1009160864787,29.216640723869205,Output validation failed; timings were recorded automatically for the partial-NPU bf16 experiment,logs/compiled/8col/compiled_bf16_M1024_N512_K1024_8compute_8device.log
compiled_bf16_M1024_N512_K2048_8compute_8device,xdna2,npu2,npu2,2,compiled,compiled;compiled-full-io,allo,failed,failed,True,bf16,1024,512,2048,64,64,64,8,8,20,200,8,4,200,144,56,625.0,629.5,4.5,618.25,636.25,657.52,626.0,615.0,807.0,64.4433053156028,3266.0354787687065,626.2777777777778,626.0,622.0,634.0,1.7929043959005473,3428.9635113989175,44.239439689554274,Output validation failed; timings were recorded automatically for the partial-NPU bf16 experiment,logs/compiled/8col/compiled_bf16_M1024_N512_K2048_8compute_8device.log
compiled_bf16_M1024_N1024_K256_8compute_8device,xdna2,npu2,npu2,2,compiled,compiled;compiled-full-io,allo,success,passed,False,bf16,1024,1024,256,64,64,64,8,8,20,200,8,4,200,200,0,443.0,560.0,117.0,267.5,735.5,492.195,445.0,432.0,704.0,59.8232143486122,1090.7687237781774,492.195,445.0,432.0,704.0,59.8232143486122,1090.7687237781774,22.908629657700658,,logs/compiled/8col/compiled_bf16_M1024_N1024_K256_8compute_8device.log
compiled_bf16_M1024_N1024_K512_8compute_8device,xdna2,npu2,npu2,2,compiled,compiled;compiled-full-io,allo,success,passed,False,bf16,1024,1024,512,64,64,64,8,8,20,200,8,4,200,161,39,518.0,570.25,52.25,439.625,648.625,551.465,519.0,508.0,705.0,58.149194104475775,1947.0715711785879,525.5714285714286,519.0,508.0,648.0,26.561007774254882,2042.9988496874153,28.472492419183254,,logs/compiled/8col/compiled_bf16_M1024_N1024_K512_8compute_8device.log
compiled_bf16_M1024_N1024_K1024_8compute_8device,xdna2,npu2,npu2,2,compiled,compiled;compiled-full-io,allo,failed,failed,True,bf16,1024,1024,1024,64,64,64,8,8,20,200,8,4,200,167,33,743.0,749.0,6.0,734.0,758.0,772.375,746.0,732.0,968.0,66.88807348847774,2780.364004531478,744.9101796407185,745.0,735.0,755.0,3.4689837806947477,2882.8759583279743,39.70591666083783,Output validation failed; timings were recorded automatically for the partial-NPU bf16 experiment,logs/compiled/8col/compiled_bf16_M1024_N1024_K1024_8compute_8device.log
compiled_bf16_M1024_N1024_K2048_8compute_8device,xdna2,npu2,npu2,2,compiled,compiled;compiled-full-io,allo,failed,failed,True,bf16,1024,1024,2048,64,64,64,8,8,20,200,8,4,200,157,43,1210.0,1247.25,37.25,1154.125,1303.125,1280.655,1216.5,1201.0,1729.0,125.76738836041719,3353.7270349938117,1217.71974522293,1213.0,1201.0,1286.0,14.194658722238486,3527.057282965969,62.76478258892894,Output validation failed; timings were recorded automatically for the partial-NPU bf16 experiment,logs/compiled/8col/compiled_bf16_M1024_N1024_K2048_8compute_8device.log
compiled_bf16_M1024_N2048_K256_8compute_8device,xdna2,npu2,npu2,2,compiled,compiled;compiled-full-io,allo,success,passed,False,bf16,1024,2048,256,64,64,64,8,8,20,200,8,4,200,171,29,811.0,836.25,25.25,773.125,874.125,842.96,812.0,797.0,1045.0,66.00415441470332,1273.7755338331594,817.859649122807,811.0,797.0,868.0,16.648521979065034,1312.8680760221375,34.58351856004447,,logs/compiled/8col/compiled_bf16_M1024_N2048_K256_8compute_8device.log
compiled_bf16_M1024_N2048_K512_8compute_8device,xdna2,npu2,npu2,2,compiled,compiled;compiled-full-io,allo,success,passed,False,bf16,1024,2048,512,64,64,64,8,8,20,200,8,4,200,182,18,961.0,971.0,10.0,946.0,986.0,981.605,964.0,951.0,1242.0,63.6249870333975,2187.7268840317643,964.5054945054945,963.0,951.0,980.0,5.682774485615756,2226.51261214538,43.839051502756774,,logs/compiled/8col/compiled_bf16_M1024_N2048_K512_8compute_8device.log
compiled_bf16_M1024_N2048_K1024_8compute_8device,xdna2,npu2,npu2,2,compiled,compiled;compiled-full-io,allo,failed,failed,True,bf16,1024,2048,1024,64,64,64,8,8,20,200,8,4,200,187,13,1440.0,1445.0,5.0,1432.5,1452.5,1443.895,1442.0,1433.0,1503.0,8.012738295988457,2974.5703780399544,1442.1016042780748,1442.0,1433.0,1451.0,3.213498866718146,2978.269549980903,63.3826306220144,Output validation failed; timings were recorded automatically for the partial-NPU bf16 experiment,logs/compiled/8col/compiled_bf16_M1024_N2048_K1024_8compute_8device.log
compiled_bf16_M1024_N2048_K2048_8compute_8device,xdna2,npu2,npu2,2,compiled,compiled;compiled-full-io,allo,failed,failed,True,bf16,1024,2048,2048,64,64,64,8,8,20,200,8,4,200,199,1,2288.0,2313.0,25.0,2250.5,2350.5,2302.27,2308.0,2280.0,2355.0,13.83354979750317,3731.0717648234136,2302.005025125628,2308.0,2280.0,2328.0,13.35239330265988,3731.501234030199,105.6061051627621,Output validation failed; timings were recorded automatically for the partial-NPU bf16 experiment,logs/compiled/8col/compiled_bf16_M1024_N2048_K2048_8compute_8device.log
compiled_bf16_M2048_N512_K256_8compute_8device,xdna2,npu2,npu2,2,compiled,compiled;compiled-full-io,allo,success,passed,False,bf16,2048,512,256,64,64,64,8,8,20,200,8,4,200,200,0,431.0,536.0,105.0,273.5,693.5,464.87,433.5,422.0,661.0,53.12488211751627,1154.8839718631016,464.87,433.5,422.0,661.0,53.12488211751627,1154.8839718631016,23.082110196352005,,logs/compiled/8col/compiled_bf16_M2048_N512_K256_8compute_8device.log
compiled_bf16_M2048_N512_K512_8compute_8device,xdna2,npu2,npu2,2,compiled,compiled;compiled-full-io,allo,success,passed,False,bf16,2048,512,512,64,64,64,8,8,20,200,8,4,200,200,0,510.0,640.0,130.0,315.0,835.0,549.05,513.0,503.0,669.0,59.55407206900297,1955.6357781622803,549.05,513.0,503.0,669.0,59.55407206900297,1955.6357781622803,28.51157130021602,,logs/compiled/8col/compiled_bf16_M2048_N512_K512_8compute_8device.log
compiled_bf16_M2048_N512_K1024_8compute_8device,xdna2,npu2,npu2,2,compiled,compiled;compiled-full-io,allo,failed,failed,True,bf16,2048,512,1024,64,64,64,8,8,20,200,8,4,200,173,27,742.75,751.0,8.25,730.375,763.375,769.26,747.0,728.0,965.0,63.997518701899686,2791.622660738892,745.4219653179191,746.0,732.0,759.0,5.281769568917596,2880.8966570821503,39.68069140147418,Output validation failed; timings were recorded automatically for the partial-NPU bf16 experiment,logs/compiled/8col/compiled_bf16_M2048_N512_K1024_8compute_8device.log
compiled_bf16_M2048_N512_K2048_8compute_8device,xdna2,npu2,npu2,2,compiled,compiled;compiled-full-io,allo,failed,failed,True,bf16,2048,512,2048,64,64,64,8,8,20,200,8,4,200,191,9,1168.0,1173.0,5.0,1160.5,1180.5,1176.585,1171.0,1162.0,1496.0,39.604832722787755,3650.3672033894704,1170.5392670157069,1171.0,1162.0,1179.0,3.504264789373504,3669.2210308758217,62.977797167375684,Output validation failed; timings were recorded automatically for the partial-NPU bf16 experiment,logs/compiled/8col/compiled_bf16_M2048_N512_K2048_8compute_8device.log
compiled_bf16_M2048_N1024_K256_8compute_8device,xdna2,npu2,npu2,2,compiled,compiled;compiled-full-io,allo,success,passed,False,bf16,2048,1024,256,64,64,64,8,8,20,200,8,4,200,175,25,811.0,838.0,27.0,770.5,878.5,838.735,813.0,799.0,1044.0,52.20100358230673,1280.1919843573953,821.8114285714286,812.0,799.0,877.0,17.864694174801418,1306.5549914126982,34.99843013007194,,logs/compiled/8col/compiled_bf16_M2048_N1024_K256_8compute_8device.log
compiled_bf16_M2048_N1024_K512_8compute_8device,xdna2,npu2,npu2,2,compiled,compiled;compiled-full-io,allo,success,passed,False,bf16,2048,1024,512,64,64,64,8,8,20,200,8,4,200,158,42,971.0,973.0,2.0,968.0,976.0,988.115,972.0,955.0,1353.0,66.13185144089042,2173.3134786942815,971.8291139240506,972.0,968.0,976.0,1.406103503647821,2209.733807344887,44.20055311359465,,logs/compiled/8col/compiled_bf16_M2048_N1024_K512_8compute_8device.log
compiled_bf16_M2048_N1024_K1024_8compute_8device,xdna2,npu2,npu2,2,compiled,compiled;compiled-full-io,allo,failed,failed,True,bf16,2048,1024,1024,64,64,64,8,8,20,200,8,4,200,200,0,1434.0,1912.25,478.25,716.625,2629.625,1612.24,1443.0,1407.0,2117.0,240.183081002805,2663.9751501017217,1612.24,1443.0,1407.0,2117.0,240.183081002805,2663.9751501017217,63.720671594142914,Output validation failed; timings were recorded automatically for the partial-NPU bf16 experiment,logs/compiled/8col/compiled_bf16_M2048_N1024_K1024_8compute_8device.log
compiled_bf16_M2048_N1024_K2048_8compute_8device,xdna2,npu2,npu2,2,compiled,compiled;compiled-full-io,allo,failed,failed,True,bf16,2048,1024,2048,64,64,64,8,8,20,200,8,4,200,199,1,2293.0,2318.0,25.0,2255.5,2355.5,2303.35,2297.0,2279.0,2367.0,14.150530025408942,3729.322331386893,2303.030150753769,2297.0,2279.0,2347.0,13.445557278522788,3729.8402668278413,104.757263623178,Output validation failed; timings were recorded automatically for the partial-NPU bf16 experiment,logs/compiled/8col/compiled_bf16_M2048_N1024_K2048_8compute_8device.log
compiled_bf16_M2048_N2048_K256_8compute_8device,xdna2,npu2,npu2,2,compiled,compiled;compiled-full-io,allo,success,passed,False,bf16,2048,2048,256,64,64,64,8,8,20,200,8,4,200,190,10,1537.0,1565.0,28.0,1495.0,1607.0,1554.695,1540.0,1530.0,1735.0,33.294473640530796,1381.2893512875517,1548.378947368421,1540.0,1530.0,1597.0,17.54703690527619,1386.9238222657314,64.92537683155388,,logs/compiled/8col/compiled_bf16_M2048_N2048_K256_8compute_8device.log
compiled_bf16_M2048_N2048_K512_8compute_8device,xdna2,npu2,npu2,2,compiled,compiled;compiled-full-io,allo,success,passed,False,bf16,2048,2048,512,64,64,64,8,8,20,200,8,4,200,200,0,1890.0,2268.5,378.5,1322.25,2836.25,2065.315,1966.0,1854.0,2701.0,217.8039617982189,2079.5700878558478,2065.315,1966.0,1854.0,2701.0,217.8039617982189,2079.5700878558478,83.6006031036377,,logs/compiled/8col/compiled_bf16_M2048_N2048_K512_8compute_8device.log
compiled_bf16_M2048_N2048_K1024_8compute_8device,xdna2,npu2,npu2,2,compiled,compiled;compiled-full-io,allo,failed,failed,True,bf16,2048,2048,1024,64,64,64,8,8,20,200,8,4,200,197,3,2746.0,2766.0,20.0,2716.0,2796.0,2761.115,2761.5,2731.0,3189.0,37.89131529783573,3111.038327632134,2757.284263959391,2761.0,2731.0,2789.0,12.401915935632198,3115.3605394552496,118.936941312626,Output validation failed; timings were recorded automatically for the partial-NPU bf16 experiment,logs/compiled/8col/compiled_bf16_M2048_N2048_K1024_8compute_8device.log
compiled_bf16_M2048_N2048_K2048_8compute_8device,xdna2,npu2,npu2,2,compiled,compiled;compiled-full-io,allo,failed,failed,True,bf16,2048,2048,2048,64,64,64,8,8,20,200,8,4,200,169,31,4553.0,4587.0,34.0,4502.0,4638.0,4602.905,4561.0,4514.0,5015.0,101.67096918491532,3732.397080539355,4560.556213017751,4559.0,4514.0,4615.0,18.94209737897012,3767.05567951589,209.71184139419347,Output validation failed; timings were recorded automatically for the partial-NPU bf16 experiment,logs/compiled/8col/compiled_bf16_M2048_N2048_K2048_8compute_8device.log
